code;about;price;photo;in_stock
PBCA12001;طقم كبل ملحمة + بطارية 200 امبير سماكة 8 مم طول 2.5 متر TOTAL;4.96;https://hawarastore.com/wp-content/uploads/2025/08/PBCA12001.png;yes
PBCA12002;كبل ملحمة اسود 35 ملم;5.27;https://sp-ao.shortpixel.ai/client/to_webp,q_glossy,ret_img/https://hawarastore.com/wp-content/uploads/woocommerce-placeholder-600x600.png;no
PBCA16001;طقم كبل ملحمة + بطارية 600 امبير سماكة 10 مم طول 3 متر TOTAL;10.35;https://sp-ao.shortpixel.ai/client/to_webp,q_glossy,ret_img/https://hawarastore.com/wp-content/uploads/woocommerce-placeholder-600x600.png;no
PBCA16008;طقم كبل ملحمة + بطارية 600 امبير سماكة 10 مم طول 3 متر حديث TOTAL;9.66;https://hawarastore.com/wp-content/uploads/2025/08/PBCA16008L.png;yes
PBCA16008L;طقم كبل ملحمة + بطارية 600 امبير سماكة 10 مم طول 3 متر مع ليد TOTAL;10.8;https://hawarastore.com/wp-content/uploads/2025/08/PBCA16008L.png;yes
PMNB015;بوستر اعلاني قطعتين 20 فولت تلصق على الستاند;0;;no
T36-1;أزميل مبسط SDS MAX طول 35سم;0;;no
T36-2;أزميل شوكة SDS MAX طول 35سم;0;;no
TABLI20018;كور هواء 20 فولت مع كيس للغبار بدون بطارية و شاحن TOTAL حديث;15.72;https://hawarastore.com/wp-content/uploads/2025/05/TABLI20018.png;no
TABLI200181;كور هواء 20 فولت سرعتين + بطارية 2 امبير عدد 1 + شاحن TOTAL;34.64;https://hawarastore.com/wp-content/uploads/2025/08/TABLI200181.png;no
TABLI2002;كور هواء 20 فولت صناعي محرك فحمات سرعة 15000 8.5 متر مكعب بالدقيقة بدون بطارية وشاحن TOTAL;52.85;https://hawarastore.com/wp-content/uploads/2025/08/TABLI20028.png;no
TABLI20028;كور هواء 20 فولت سرعة واحدة بدون بطارية وشاحن TOTAL;10.92;https://hawarastore.com/wp-content/uploads/2025/08/TABLI200282.png;no
TABLI200281;كور هواء 20 فولت سرعة واحدة + بطارية 2 امبير+ شاحن TOTAL;27.75;https://hawarastore.com/wp-content/uploads/2025/08/TABLI200281.png;no
TABLI200282;كور هواء 20 فولت سرعة واحدة + بطارية 2 امبير عدد 2 + شاحن TOTAL حديث;35.4;https://hawarastore.com/wp-content/uploads/2025/08/TABLI200282.png;no
TABLI2003;كور هواء صناعي دفش+ شفط مع كيس غبار 40 فولت BL سرعة 11500 غزارة 10متر مكعب بدون بطارية وشاحن مرفق بدولاب TOTAL;54.24;https://hawarastore.com/wp-content/uploads/2025/08/TABLI2003.png;yes
TABLI20323;كور هواء صناعي بطارية 20 فولت سرعة 15000 غزارة 8.5 متر مكعب بدون بطارية وشاحن TOTAL;21.81;;no
TABLI203232;كور هواء صناعي بطارية 20 فولت 8.5 متر مكعب/دقيقة + بطارية 2 امبير عدد 2 + شاحن ماركة TOTAL;49.82;;no
TABLI20428;كور هواء 20 فولت صناعي متسارع سرعة 18500 غزارة 8.5 متر مكعب بدون بطارية وشاحن TOTAL;35.48;https://hawarastore.com/wp-content/uploads/2025/08/TABLI20428.png;no
TABLI20682;كور هواء بطارية 20 فولت 3 سرعات BL + بطارية 2 امبير عدد 2 + شاحن ماركة TOTAL;41.46;https://hawarastore.com/wp-content/uploads/2026/04/TABLI20682.png;yes
TABLI2078;كور هواء 20 فولت سرعة واحدة بدون بطارية وشاحن TOTAL .;10.21;https://hawarastore.com/wp-content/uploads/2026/02/TABLI2078.png;yes
TABLI20781;كور هواء 20 فولت سرعة واحدة مع كيس غبار + بطارية 2 امبير + شاحن ماركة TOTAL موديل حديث;24.3;https://hawarastore.com/wp-content/uploads/2025/10/FFFFFF.webp;yes
TABLI20782;كور هواء 20 فولت سرعة واحدة مع كيس غبار + بطارية 2 امبير عدد 2  + شاحن ماركة TOTAL موديل حديث;37.6;;no
TAC006016;ورق برداغ 230 × 280 نعومة 60 P مجموعة 50 قطعة TOTAL;8.78;https://hawarastore.com/wp-content/uploads/2025/08/TAC006016.png;yes
TAC008016;ورق برداغ 230 × 280 نعومة 80 P مجموعة 50 قطعة TOTAL;9.66;https://hawarastore.com/wp-content/uploads/2025/08/TAC008016.png;yes
TAC010016;ورق برداغ 230 × 280 نعومة 100 P مجموعة 50 قطعة TOTAL;9.66;https://hawarastore.com/wp-content/uploads/2025/08/TAC010016.png;yes
TAC012016;ورق برداغ 230 × 280 نعومة 120 P مجموعة 50 قطعة TOTAL;7.44;https://hawarastore.com/wp-content/uploads/2025/08/TAC012016.png;yes
TAC015016;مجموعة برداغ 50قطعة 230 × 280 نعومة 150 P ماركة TOTAL;7.44;https://hawarastore.com/wp-content/uploads/2025/08/TAC015016.png;yes
TAC018016;مجموعة برداغ 50قطعة 230 × 280 نعومة 180 P ماركة TOTAL;7.44;https://hawarastore.com/wp-content/uploads/2025/08/TAC018016.png;yes
TAC022016;مجموعة برداغ 50 قطعة 280 × 30 مم نعومة 220 ماركة TOTAL;7.44;https://hawarastore.com/wp-content/uploads/2025/08/TAC022016.png;yes
TAC02271;كبسات مسامير طول 27 مم عدد 1000 قطعة لزوم كباسة باطون بطارية TCNLI9005 ماركة TOTAL;4.32;;no
TAC028016;مجموعة برداغ50قطعة 230 × 280 نعومة 280 P ماركة TOTAL;6.84;https://hawarastore.com/wp-content/uploads/2025/08/TAC028016.png;yes
TAC0304375;طقم ازميل 4 قطع SDS HEX علبة معدن TOTAL;32.51;https://hawarastore.com/wp-content/uploads/2025/08/TAC0304375.png;yes
TAC032016;مجموعة برداغ 50 قطعة 280 × 30 مم نعومة 320 ماركة TOTAL;6.84;https://hawarastore.com/wp-content/uploads/2025/08/TAC032016.png;yes
TAC040016;مجموعة برداغ 50 قطعة 280 × 30 مم نعومة 400 ماركة TOTAL;7.53;https://hawarastore.com/wp-content/uploads/2025/08/TAC040016.png;yes
TAC0501;طقم ريش حفر خشب 5 قطع 12/14/16/18/20 طول 46 سم طول العمل 37 سم (( صناعي )) TOTAL;24.28;;no
TAC061151;ديسك قص الماس قص ( رخام + حجر+ غرانيت ) 4.5 انش سماكة 1.6 مم ماركة TOTAL رطب;1.52;;no
TAC061251;ديسك قص الماس رخام 5 انش عرض 10مم سماكة 1.5 مم فتحة 22.2 مم TOTAL رطب + جاف;1.89;;no
TAC061801;ديسك قص الماس رخام 7 انش عرض 10مم سماكة 2.2مم فتحة 22.2 مم TOTAL رطب + جاف;3.62;https://hawarastore.com/wp-content/uploads/2026/03/TAC061801.png;yes
TAC062301;ديسك قص الماس 9 انش سماكة 1.6 مم  (باطون +رخام + غرانيت ) ماركة TOTAL رطب;6.22;https://hawarastore.com/wp-content/uploads/2026/06/TAC062301.png;yes
TAC06825;مسمار بدون راس طول 25 مم 10000 قطعة لون اصفر ماركة TOTAL;3.14;https://hawarastore.com/wp-content/uploads/2025/08/TAC06825.png;yes
TAC100103;ريشة حديد 1 مم موديل HSS ماركة TOTAL;0.06;https://hawarastore.com/wp-content/uploads/2025/08/TAC100103.png;yes
TAC100203;ريشة حديد 2 مم موديل HSS ماركة TOTAL;0.08;https://hawarastore.com/wp-content/uploads/2025/08/TAC100203.png;yes
TAC100253;ريشة حديد 2.5 مم موديل HSS ماركة TOTAL;0.06;https://hawarastore.com/wp-content/uploads/2024/05/TAC100253.png;yes
TAC100303;ريشة حديد 3 مم موديل HSS ماركة TOTAL;0.09;https://hawarastore.com/wp-content/uploads/2025/08/TAC100303.png;yes
TAC100353;ريشة حديد 3.5 مم موديل HSS ماركة TOTAL;0.1;https://hawarastore.com/wp-content/uploads/2024/05/TAC100353.png;no
TAC100403;ريشة حديد 4 مم موديل HSS ماركة TOTAL;0.13;https://hawarastore.com/wp-content/uploads/2025/08/TAC100403.png;yes
TAC100453;ريشة حديد 4.5 مم موديل HSS ماركة TOTAL;0.18;https://hawarastore.com/wp-content/uploads/2025/08/TAC100453.png;yes
TAC100503;ريشة حديد 5 مم موديل HSS ماركة TOTAL;0.18;https://hawarastore.com/wp-content/uploads/2025/08/TAC100503.png;no
TAC100553;ريشة حديد 5.5 مم موديل HSS ماركة TOTAL;0.22;https://hawarastore.com/wp-content/uploads/2024/05/TAC100503.png;yes
TAC100603;ريشة حديد 6 مم موديل HSS ماركة TOTAL;0.22;https://hawarastore.com/wp-content/uploads/2025/08/TAC100603.png;yes
TAC100653;ريشة حديد 6.5 مم موديل HSS ماركة TOTAL;0.3;https://hawarastore.com/wp-content/uploads/2025/08/TAC100653.png;yes
TAC100703;ريشة حديد 7 مم موديل HSS ماركة TOTAL;0.38;https://hawarastore.com/wp-content/uploads/2024/05/TAC100753.png;yes
TAC100753;ريشة حديد 7.5 مم موديل HSS ماركة TOTAL;0.42;https://hawarastore.com/wp-content/uploads/2024/05/TAC100803.png;yes
TAC100803;ريشة حديد 8 مم موديل HSS ماركة TOTAL;0.5;https://hawarastore.com/wp-content/uploads/2025/08/TAC100803.png;no
TAC100853;ريشه حديد 8.5 مم موديل HSS ماركة TOTAL;0.43;https://hawarastore.com/wp-content/uploads/2025/08/TAC100853.png;yes
TAC100903;ريشه حديد 9 مم موديل HSS ماركة TOTAL;0.46;https://hawarastore.com/wp-content/uploads/2025/08/TAC100903.png;yes
TAC100953;ريشة حديد 9.5 مم موديل HSS ماركة TOTAL;0.72;https://hawarastore.com/wp-content/uploads/2024/05/TAC101103.png;no
TAC101003;ريشة حديد 10 مم موديل HSS ماركة TOTAL;0.82;https://hawarastore.com/wp-content/uploads/2025/08/TAC101003.png;no
TAC1010115;حجر قص معدن 4.5 انش سماكة 1 مم TOTAL علبة 10 قطع;2.98;;no
TAC101053;ريشة حديد 10.5 مم موديل HSS ماركة TOTAL;0.92;https://hawarastore.com/wp-content/uploads/2025/08/TAC101053.png;yes
TAC101103;ريشة حديد 11 مم موديل HSS ماركة TOTAL;1.05;https://hawarastore.com/wp-content/uploads/2025/08/TAC101103.png;yes
TAC101153;ريشة حديد 11.5 مم موديل HSS ماركة TOTAL;1.06;https://hawarastore.com/wp-content/uploads/2025/08/TAC101153.png;yes
TAC101203;ريشة حديد 12 مم موديل HSS ماركة TOTAL;1.25;https://hawarastore.com/wp-content/uploads/2024/05/TAC100903.png;no
TAC101253;ريشة حديد 12.5 مم موديل HSS ماركة TOTAL;1.31;https://hawarastore.com/wp-content/uploads/2025/08/TAC101253.png;yes
TAC101303;ريشة حديد 13 مم موديل HSS ماركة TOTAL;1.39;https://hawarastore.com/wp-content/uploads/2025/08/TAC101303.png;yes
TAC101403;ريشة حديد 14 مم موديل HSS ماركة TOTAL;1.57;https://hawarastore.com/wp-content/uploads/2025/08/TAC101403.png;yes
TAC101503;ريشة حديد 15 مم موديل HSS ماركة TOTAL;2.27;https://hawarastore.com/wp-content/uploads/2025/08/TAC101503.png;yes
TAC1015115;حجر قص معدن 4.5 انش سماكة 1 مم TOTAL علبة 15 قطع;3.56;;no
TAC101603;ريشة حديد 16 مم موديل HSS ماركة TOTAL;2.63;https://hawarastore.com/wp-content/uploads/2025/08/TAC101603.png;yes
TAC1050115;حجر قص معدن 4.5 انش سماكة 1 مم TOTAL علبة 50 قطع;11.23;;no
TAC11011525;حجر قص معدن 4.5 انش سماكة 1 مم علبة 25 قطعة TOTAL;5.48;;no
TAC110201;ريشة حديد 2 مم موديل M2 ماركة TOTAL;0.22;https://hawarastore.com/wp-content/uploads/2024/05/TAC110201-22.png;no
TAC110251;ريشة حديد 2.5 مم موديل M2 ماركة TOTAL;0.24;https://hawarastore.com/wp-content/uploads/2024/05/TAC110201.png;yes
TAC110301;ريشة حديد 3 مم موديل M2 ماركةTOTAL;0.28;https://hawarastore.com/wp-content/uploads/2024/05/TAC110201-1.png;no
TAC110351;ريشة حديد 3.5 مم موديل M2 ماركةTOTAL;0.46;https://hawarastore.com/wp-content/uploads/2024/05/TAC110201-2.png;no
TAC110401;ريشة حديد 4 مم موديل M2 ماركةTOTAL;0.46;https://hawarastore.com/wp-content/uploads/2024/05/TAC110201-3.png;no
TAC110451;ريشة حديد 4.5 مم موديل M2 ماركةTOTAL;0.6;https://hawarastore.com/wp-content/uploads/2024/05/TAC110201-4.png;no
TAC110501;ريشة حديد 5 مم موديل M2 ماركةTOTAL;0.66;https://hawarastore.com/wp-content/uploads/2024/05/TAC110201-5.png;no
TAC110551;ريشة حديد 5.5 مم موديل M2 ماركةTOTAL;0.79;https://hawarastore.com/wp-content/uploads/2024/05/TAC110201-7.png;yes
TAC110601;ريشة حديد 6 مم موديل M2 ماركةTOTAL;0.8;https://hawarastore.com/wp-content/uploads/2024/05/TAC110201-8.png;no
TAC110651;ريشة حديد 6.5 مم موديل M2 ماركةTOTAL;1.27;https://hawarastore.com/wp-content/uploads/2024/05/TAC110201-9.png;no
TAC110701;ريشة حديد 7 مم موديل M2 ماركةTOTAL;1.21;https://hawarastore.com/wp-content/uploads/2024/05/TAC110201-10.png;yes
TAC110751;ريشة حديد 7.5مم موديل M2 ماركة TOTAL;1.34;https://hawarastore.com/wp-content/uploads/2024/05/TAC110201-11.png;yes
TAC110851;ريشه حديد 8.5 مم موديل M2 ماركة TOTAL;1.3;https://hawarastore.com/wp-content/uploads/2024/05/TAC110201-13.png;yes
TAC110901;ريشة حديد 9 مم موديل M2 ماركةTOTAL;2.07;https://hawarastore.com/wp-content/uploads/2024/05/TAC110201-14.png;yes
TAC110951;ريشة حديد 9.5 مم موديل M2 ماركة TOTAL;2.28;https://hawarastore.com/wp-content/uploads/2024/05/TAC110201-15.png;yes
TAC111050;ريشة حديد 10 مم موديل M2 ماركة TOTAL حديث;2.63;https://hawarastore.com/wp-content/uploads/2024/10/TAC111050.png;no
TAC111051;ريشة حديد 10.5 مم موديل M2 ماركة TOTAL;3.5;https://hawarastore.com/wp-content/uploads/2024/05/TAC110201-17.png;no
TAC111101;ريشة حديد 11 مم موديل M2 ماركةTOTAL;3.06;https://hawarastore.com/wp-content/uploads/2024/05/TAC110201-18.png;yes
TAC111151;ريشة حديد 11.5 مم موديل M2 ماركة TOTAL;3.28;https://hawarastore.com/wp-content/uploads/2024/05/TAC110201-19.png;yes
TAC111201;ريشة حديد 12 مم موديل M2 ماركةTOTAL;3.5;https://hawarastore.com/wp-content/uploads/2024/05/TAC110201-20.png;yes
TAC111251;ريشة حديد 12.5 مم موديل M2 ماركة TOTAL;3.82;https://hawarastore.com/wp-content/uploads/2024/05/TAC110201-21.png;yes
TAC111254;ديسك قص الماس 5 انش TOTAL لزوم قصاصة جدران TWLC1256 رطب+جاف;2.58;https://hawarastore.com/wp-content/uploads/2024/03/TAC111254.png;no
TAC111301;ريشة حديد 13 مم موديل M2 ماركةTOTAL;4.14;https://hawarastore.com/wp-content/uploads/2024/05/TAC110201-24.png;yes
TAC111601;ريشة حديد 16 مم موديل M2 ماركةTOTAL;10.97;https://hawarastore.com/wp-content/uploads/2024/05/TAC110201-25.png;no
TAC11203001;ريشة حديد 3 ملم طول 120 مم سرعات عالية خليط كوبالت صناعي عدد 2 ريشه على كرت ماركة TOTAL;0.85;https://hawarastore.com/wp-content/uploads/2025/08/TAC11203001.png;yes
TAC11204001;ريشة حديد 4 ملم طول 120 مم سرعات عالية خليط كوبالت صناعي ماركة TOTAL;0.75;https://hawarastore.com/wp-content/uploads/2025/08/TAC11204001.png;no
TAC11205001;ريشة حديد 5 ملم طول 120 مم سرعات عالية خليط كوبالت صناعي ماركة TOTAL;1.06;https://hawarastore.com/wp-content/uploads/2025/08/TAC11205001.png;yes
TAC11206001;ريشة حديد 6 ملم طول 120 مم سرعات عالية خليط كوبالت صناعي ماركة TOTAL;1.3;https://hawarastore.com/wp-content/uploads/2025/08/TAC11206001.png;no
TAC1200014;ريشة حديد 1 مم موديل HSS4341 عدد 2 على كرت ماركة TOTAL;0.25;https://hawarastore.com/wp-content/uploads/2025/08/TAC1200014.png;yes
TAC1200024;ريشة حديد 2 مم موديل HSS4341 عدد 2 على كرت ماركة TOTAL;0.28;https://hawarastore.com/wp-content/uploads/2025/08/TAC1200024.png;yes
TAC1200034;ريشة حديد 3 مم موديل HSS4341 عدد 2 على كرت ماركة TOTAL;0.35;https://hawarastore.com/wp-content/uploads/2025/08/TAC1200034.png;yes
TAC1200101;ريشة حديد 10مم موديل M2 ماركةTOTAL موديل حديث;2.44;;no
TAC1200102;ريشة حديد 1 مم موديل M2 عدد 2 على كرت ماركة TOTAL;0.28;https://hawarastore.com/wp-content/uploads/2025/08/TAC1200102.png;yes
TAC1200152;ريشة حديد 1.5. مم موديل M2 عدد 2 على كرت ماركة TOTAL;0.31;https://hawarastore.com/wp-content/uploads/2025/08/TAC1200152.png;yes
TAC1200154;ريشة حديد 1.5 مم موديل HSS4341 عدد 2 على كرت ماركة TOTAL;0.26;https://hawarastore.com/wp-content/uploads/2025/08/TAC1200154.png;yes
TAC1200202;ريشة حديد 2 مم موديل M2 عدد 2 على كرت ماركة TOTAL;0.35;https://hawarastore.com/wp-content/uploads/2025/08/TAC1200202.png;yes
TAC1200252;ريشة حديد 2.5 مم موديل M2 ماركة TOTAL;0.38;;no
TAC1200254;ريشة حديد 2.5 مم موديل HSS4341 عدد 2 على كرت ماركة TOTAL;0.31;https://hawarastore.com/wp-content/uploads/2025/08/TAC1200254.png;yes
TAC1200302;ريشة حديد 3 مم موديل M2 ماركة TOTAL;0.53;https://hawarastore.com/wp-content/uploads/2025/08/TAC1200302.png;no
TAC1200351;ريشة حديد 3.5 مم طول 70 مم موديل M2 ماركة TOTAL;0.39;;no
TAC1200354;ريشة حديد 3.5 مم موديل HSS4341 ماركة TOTAL;0.28;https://hawarastore.com/wp-content/uploads/2025/08/TAC1200354.png;yes
TAC1200401;ريشة حديد 4 ملم موديل M2 ماركة TOTAL;0.44;https://hawarastore.com/wp-content/uploads/2025/08/TAC1200401.png;yes
TAC1200404;ريشة حديد 4 مم موديل HSS4341 ماركة TOTAL;0.31;https://hawarastore.com/wp-content/uploads/2025/08/TAC1200404.png;yes
TAC1200451;ريشة حديد 4.5 مم موديل M2 ماركة TOTAL;0.52;https://hawarastore.com/wp-content/uploads/2025/08/TAC1200451.png;yes
TAC1200454;ريشة حديد 4.5 مم موديل HSS4341 ماركة TOTAL;0.35;https://hawarastore.com/wp-content/uploads/2025/08/TAC1200454.png;yes
TAC1200501;ريشة حديد 5 مم طول 86 مم موديل M2 ماركةTOTAL (( صناعي )) موديل حديث;0.61;;no
TAC1200504;ريشة حديد 5 مم موديل HSS4341 ماركة TOTAL;0.39;https://hawarastore.com/wp-content/uploads/2025/08/TAC1200504.png;yes
TAC1200554;ريشة حديد 5.5 مم موديل HSS4341 ماركة TOTAL;0.43;https://hawarastore.com/wp-content/uploads/2025/08/TAC1200554.png;yes
TAC1200601;ريشة حديد 6 ملم موديل M2 ماركة TOTAL;0.75;https://hawarastore.com/wp-content/uploads/2025/08/TAC1200601.png;yes
TAC1200604;ريشة حديد 6 مم موديل HSS4341 ماركة TOTAL;0.48;https://hawarastore.com/wp-content/uploads/2025/08/TAC1200604.png;yes
TAC1200651;ريشة حديد 6.5 مم موديل M2 ماركةTOTAL  موديل حديث;0.94;;no
TAC1200654;ريشة حديد 6.5 مم موديل HSS4341 ماركة TOTAL;0.57;https://hawarastore.com/wp-content/uploads/2025/08/TAC1200654.png;yes
TAC1200701;ريشة حديد 7 مم موديل M2 ماركةTOTAL موديل حديث;1.12;;no
TAC1200704;ريشة حديد 7 مم موديل HSS4341 ماركة TOTAL;0.68;https://hawarastore.com/wp-content/uploads/2025/08/TAC1200704.png;yes
TAC1200751;ريشة حديد 7.5 مم موديل M2 ماركةTOTAL موديل حديث;1.26;;no
TAC1200754;ريشة حديد 7.5 مم موديل HSS4341 ماركة TOTAL;0.73;https://hawarastore.com/wp-content/uploads/2025/08/TAC1200754.png;yes
TAC1200801;ريشة حديد 8 مم موديل M2 ماركة TOTAL;1.43;https://hawarastore.com/wp-content/uploads/2025/08/TAC1200801.png;yes
TAC1200804;ريشة حديد 8 مم موديل HSS4341 ماركة TOTAL;0.82;https://hawarastore.com/wp-content/uploads/2025/08/TAC1200804.png;yes
TAC1200851;ريشة حديد 8.5 مم موديل M2 ماركةTOTAL موديل حديث;1.62;;no
TAC1200854;ريشة حديد 8.5 مم موديل 4341 HSS ماركة TOTAL;0.89;;no
TAC1200904;ريشة حديد 9 مم موديل 4341 HSS ماركة TOTAL;1.01;;no
TAC1200954;ريشة حديد 9.5 مم HSS 4341 موديل TOTAL;1.1;;no
TAC1201004;ريشة حديد 10 مم موديل( HSS4341) ماركة TOTAL;1.27;https://hawarastore.com/wp-content/uploads/2025/08/TAC1201004.png;yes
TAC1201051;ريشة حديد 10.5 مم موديل M2 ماركة TOTAL موديل حديث;2.48;https://hawarastore.com/wp-content/uploads/2026/02/TAC1201051.png;yes
TAC1201101;ريشة حديد 11 مم موديل M2 ماركةTOTAL موديل حديث;2.83;;no
TAC1201204;ريشة حديد 12 مم موديل HSS4341 ماركة TOTAL;1.47;https://hawarastore.com/wp-content/uploads/2025/08/TAC1201204.png;yes
TAC130614;نصلة منشار شلة بطارية 20 فولت حديث صناعي لزوم TBSLI20127 ماركة TOTAL;7.43;https://hawarastore.com/wp-content/uploads/2025/08/TAC130614.png;yes
TAC131401;ريشة حفر خشب 14 مم TOTAL;1.66;https://hawarastore.com/wp-content/uploads/2024/05/TAC131401.png;yes
TAC1511141;ازميل SDS - PLUS ( 14 × 0 × 250 ) شوكة (( صناعي )) TOTAL;1.03;https://hawarastore.com/wp-content/uploads/2024/03/TAC1511141-1024x1024.png;yes
TAC15121411;ازميل SDS - PLUS ( 14 × 20 × 250 ) (( صناعي )) TOTAL;1.01;https://hawarastore.com/wp-content/uploads/2025/08/TAC15121411.png;yes
TAC15121412;ازميل SDS - PLUS ( 14 × 40 × 250 ) (( صناعي )) TOTAL;1.29;https://hawarastore.com/wp-content/uploads/2025/08/TAC15121412.png;yes
TAC1521181;ازميل SDS - MAX ( 18 × 0 × 300 ) شوكة (( صناعي )) TOTAL;2.07;https://hawarastore.com/wp-content/uploads/2025/08/TAC1521181.png;yes
TAC1521182;ازميل SDS - MAX ( 18 × 0 × 400 ) شوكة (( صناعي )) TOTAL;2.67;https://hawarastore.com/wp-content/uploads/2025/08/TAC1521182.png;yes
TAC1521183;ازميل SDS - MAX ( 18 × 0 × 600 ) شوكة (( صناعي )) TOTAL;4.17;https://hawarastore.com/wp-content/uploads/2024/05/TAC1521181-2.png;no
TAC15221821;ازميل SDS - MAX ( 18 × 25 × 400 ) (( صناعي )) TOTAL;2.67;https://hawarastore.com/wp-content/uploads/2025/08/TAC15221821.png;yes
TAC15221822;ازميل SDS - MAX ( 18 × 50 × 400 ) (( صناعي )) TOTAL;3.14;https://hawarastore.com/wp-content/uploads/2024/05/TAC15221821-1.png;yes
TAC15221832;ازميل SDS - MAX ( 18 × 50 × 600 ) (( صناعي )) TOTAL;4.55;https://hawarastore.com/wp-content/uploads/2025/08/TAC15221832.png;yes
TAC1531282;ازميل HEX كسارة شوارع ( 28 × 530 مم ) شوكة (( صناعي )) TOTAL;14.23;https://hawarastore.com/wp-content/uploads/2024/05/TAC153171.png;yes
TAC1531301;ازميل HEX كسارة ( 30 × 0 × 410 ) شوكة لزوم كسارة 1700 واط (( صناعي )) TOTAL;9.98;https://hawarastore.com/wp-content/uploads/2025/08/TAC1531301.png;no
TAC153171;ازميل HEX كسارة ( 17 × 0 × 280 ) شوكة لزوم كسارة 1300 واط TOTAL;1.71;https://hawarastore.com/wp-content/uploads/2025/08/TAC153171.png;yes
TAC153172;ازميل HEX كسارة ( 17 × 22× 280 ) مبسط لزوم كسارة 1300 واط TOTAL;1.7;https://hawarastore.com/wp-content/uploads/2025/08/TAC153172.png;no
TAC1532282;ازميل HEX كسارة شوارع ( 28 × 35 × 530 مم ) (( صناعي )) TOTAL;14.23;https://hawarastore.com/wp-content/uploads/2024/05/TAC153171.png;no
TAC1532301;ازميل HEX كسارة ( 30 × 35 × 410 ) مبسط لزوم كسارة 1700 واط TOTAL;9.98;https://hawarastore.com/wp-content/uploads/2024/05/TAC153171.png;no
TAC1532302;ازميل HEX كسارة ( 100× 410 × 30) مبسط لزوم كسارة 1700 واط TOTAL;14.33;https://hawarastore.com/wp-content/uploads/2025/08/TAC1532302.png;yes
TAC15333012;ازميل HEX كسارة ( 30 × 35 × 400 ) مبسط لزوم كسارة 1700 واط (( صناعي )) حديث;5.13;https://hawarastore.com/wp-content/uploads/2026/02/TAC15333012.png;yes
TAC15342811;ازميل HEX كسارة شوارع ( 28 × 520 مم ) شوكة (( صناعي )) TOTAL;8.73;https://hawarastore.com/wp-content/uploads/2025/08/TAC153428112.png;yes
TAC153428112;ازميل HEX كسارة شوارع ( 28 × 35 × 520 مم ) (( صناعي )) TOTAL;8.73;https://hawarastore.com/wp-content/uploads/2025/08/TAC153428112.png;yes
TAC16HL133;راس شد مزدوج مصالب + شق علبة 10 قطع طول 65 مم موديل TOTAL;2.6;https://hawarastore.com/wp-content/uploads/2025/08/TAC16HL133.png;no
TAC16PH213;راس شد مصالب PH2*25 علبة 20 قطعة موديل TOTAL;1.66;https://hawarastore.com/wp-content/uploads/2025/08/TAC16PH213.png;yes
TAC16PH223;راس شد مصالب PH2*50 علبة 10 قطع ماركة TOTAL;2.09;https://hawarastore.com/wp-content/uploads/2025/08/TAC16PH223.png;no
TAC16PH233;راس شد مصالب مزدوج PH2*65 علبة 10 قطع ماركة TOTAL;2.6;https://hawarastore.com/wp-content/uploads/2025/08/TAC16PH233.png;yes
TAC16PH233IM;راس شد مصالب مزدوج PH2*65 علبة 10 قطع ماركة TOTAL موديل حديث;3.6;https://hawarastore.com/wp-content/uploads/2024/03/TAC16PH233IM.png;no
TAC16PZ223;راس شد مصالب PZ2*50 علبة 10 قطع موديل TOTAL;2.34;https://hawarastore.com/wp-content/uploads/2025/08/TAC16PZ223.png;yes
TAC180030;ورق برداغ 180مم 7 انش 30 قطعة لزوم حفافة TWS10501 ماركة TOTAL;5.01;;no
TAC180251;شفرة ثقب 25 مم على كرت TOTAL ريشة حفر مفصلات;2.15;https://hawarastore.com/wp-content/uploads/2025/08/TAC180251.png;yes
TAC180321;شفرة ثقب 32 مم على كرت TOTAL ريشة حفر مفصلات;2.76;https://hawarastore.com/wp-content/uploads/2025/08/TAC180321.png;yes
TAC180351;شفرة ثقب 35 مم على كرت TOTAL ريشة حفر مفصلات;2.18;https://hawarastore.com/wp-content/uploads/2025/08/TAC180351.png;yes
TAC190501;طقم ريش 5 قطع باطون SDS PLUS صناعي 6+8+2*10+12 ماركة TOTAL;4.34;https://hawarastore.com/wp-content/uploads/2025/08/TAC190501.png;no
TAC20111550;حجر قص معدن 4.5 انش سماكة 1 مم علبة 50 قطعة TOTAL;11.35;;no
TAC2101151;حجر قص معدن 4.5 انش سماكة 1 مم TOTAL;0.24;https://hawarastore.com/wp-content/uploads/2025/08/TAC210115100.png;no
TAC210115100;حجر قص معدن 4.5 انش سماكة 1 مم TOTAL علبة 100 قطعة;19.27;https://hawarastore.com/wp-content/uploads/2024/05/TAC210115100.png;yes
TAC2101251;حجر قص معدن 5 انش سماكة 1 مم TOTAL;0.3;;no
TAC210401;ريشة باطون ألماس 4 مم طول 75 مم TOTAL;0.4;https://hawarastore.com/wp-content/uploads/2024/05/TAC210601.png;yes
TAC210501;ريشة باطون ألماس 5 مم طول 85 مم TOTAL;0.54;https://hawarastore.com/wp-content/uploads/2025/08/TAC210501.png;yes
TAC210602;ريشة باطون ألماس 6 مم طول 150 مم TOTAL;0.8;https://hawarastore.com/wp-content/uploads/2025/08/TAC210602.png;no
TAC210801;ريشة باطون ألماس 8 مم طول 120 مم TOTAL;0.76;https://hawarastore.com/wp-content/uploads/2025/08/TAC210801.png;yes
TAC210802;ريشة باطون ألماس 8 مم طول 150 مم TOTAL;0.96;https://hawarastore.com/wp-content/uploads/2025/08/TAC210802.png;yes
TAC210803;ريشة باطون ألماس 8 مم طول 200 مم TOTAL;1.27;https://hawarastore.com/wp-content/uploads/2025/08/TAC210803.png;yes
TAC211001;ريشة باطون ألماس 10مم طول 120 مم TOTAL;1.09;https://hawarastore.com/wp-content/uploads/2025/08/TAC211001.png;yes
TAC211002;ريشة باطون ألماس 10 مم طول 150 مم TOTAL;1.21;https://hawarastore.com/wp-content/uploads/2025/08/TAC211002.png;yes
TAC211003;ريشة باطون ألماس 10 مم طول 200 مم TOTAL;1.47;https://hawarastore.com/wp-content/uploads/2024/05/TAC210601.png;yes
TAC2111101;ديسك قص الماس باطون 4 انش سماكة 12 مم فتحة 20 مم TOTAL رطب + جاف;2.07;https://hawarastore.com/wp-content/uploads/2025/08/TAC2111101.png;yes
TAC2111103;ديسك قص الماس باطون 4 انش سماكة 10 مم فتحة 20 مم TOTAL رطب + جاف;1.22;https://hawarastore.com/wp-content/uploads/2025/08/TAC2111103.png;yes
TAC2111151;ديسك قص الماس باطون 4.5 انش سماكة 12 مم فتحة 22.2 مم TOTAL رطب + جاف;1.5;https://hawarastore.com/wp-content/uploads/2025/08/TAC2111151.png;yes
TAC2111153;ديسك قص الماس باطون 4.5 انش سماكة 10 مم فتحة 22.2 مم TOTAL رطب + جاف;1.32;https://hawarastore.com/wp-content/uploads/2024/05/TAC2111103.png;yes
TAC21111532;مجموعة قطعتين ديسك قص الماس باطون 4.5 انش سماكة 7 مم فتحة 22.2 مم TOTAL رطب + جاف;1.82;https://hawarastore.com/wp-content/uploads/2025/08/TAC21111532.png;yes
TAC2111251;ديسك قص الماس باطون 5 انش سماكة 12 مم فتحة 22.2 مم TOTAL رطب + جاف;2.64;https://hawarastore.com/wp-content/uploads/2025/08/TAC2111251.png;no
TAC2111253;ديسك قص الماس باطون 5 انش سماكة 10 مم فتحة 22.2 مم TOTAL رطب + جاف;1.7;https://hawarastore.com/wp-content/uploads/2025/08/TAC2111253.png;no
TAC2111301;ديسك قص الماس 5 انش لزوم حفارة تيب 3000 واط TOTAL رطب+جاف;3.73;https://hawarastore.com/wp-content/uploads/2025/08/TAC2111301.png;yes
TAC2111801;ديسك قص الماس باطون 7 انش سماكة 12 مم فتحة 22.2 مم TOTAL رطب + جاف;3.71;https://hawarastore.com/wp-content/uploads/2025/08/TAC2111801.png;yes
TAC21118012;ديسك قص باطون 7 انش قص سريع TOTAL رطب+جاف;3.88;https://hawarastore.com/wp-content/uploads/2026/02/TAC21118012.png;yes
TAC2111803;ديسك قص الماس باطون 7 انش سماكة 10 مم فتحة 22.2 مم TOTAL رطب + جاف;3.48;https://hawarastore.com/wp-content/uploads/2024/05/TAC2111103.png;no
TAC211201;ريشة باطون ألماس 12 مم طول 150 مم TOTAL;1.21;https://hawarastore.com/wp-content/uploads/2024/05/TAC211201.png;yes
TAC211202;ريشة باطون ألماس 12 مم طول 200 مم TOTAL;1.53;https://hawarastore.com/wp-content/uploads/2025/08/TAC211202.png;yes
TAC2112301;ديسك قص الماس باطون 9 انش سماكة 12 مم فتحة 22.2 مم TOTAL رطب + جاف;5.4;https://hawarastore.com/wp-content/uploads/2025/08/TAC2112301.png;yes
TAC21123012;ديسك قص باطون 9 انش قص سريع TOTAL رطب+جاف;5.65;https://hawarastore.com/wp-content/uploads/2026/02/TAC21118012-1.png;yes
TAC2112303;ديسك قص الماس باطون 9 انش سماكة 10 مم فتحة 22.2 مم TOTALرطب + جاف;5.43;https://hawarastore.com/wp-content/uploads/2025/08/TAC21123033.png;yes
TAC21123033;مجموعة 3 قطع ديسك قص الماس باطون 9 انش سماكة 7 مم فتحة 22.2 مم TOTAL رطب + جاف;15.54;https://hawarastore.com/wp-content/uploads/2025/08/TAC21123033.png;yes
TAC2113551;ديسك قص اسفلت وباطون قطر 355 مم ماركة TOTAL رطب;15.31;https://hawarastore.com/wp-content/uploads/2025/08/TAC2113551.png;yes
TAC2113552;ديسك قص الماس باطون 14 انش 355 مم فتحة 25.4 مم سماكة الماسة 12 مم TOTAL رطب;37.32;https://hawarastore.com/wp-content/uploads/2026/02/TAC2113552.png;yes
TAC2113553;ديسك قص الماس اسفلت 355 مم فتحة 25.4 مم سماكة الماسة 12 مم TOTAL رطب;39.28;https://hawarastore.com/wp-content/uploads/2026/02/TAC2113553.png;yes
TAC211402;ريشة باطون ألماس 14 مم طول 200 مم TOTAL;1.89;https://hawarastore.com/wp-content/uploads/2025/08/TAC211402.png;yes
TAC211602;ريشة باطون ألماس 16 مم طول 200 مم TOTAL;2.71;https://hawarastore.com/wp-content/uploads/2025/08/TAC211602.png;yes
TAC2121253;ديسك قص الماس سيراميك 5 انش سماكة 8 مم فتحة 22.2 مم TOTAL رطب;1.42;https://hawarastore.com/wp-content/uploads/2025/08/TAC2121253.png;no
TAC2121803;ديسك قص الماس سيراميك 7 انش سماكة 8 مم فتحة 22.2 مم TOTAL رطب;3.23;https://hawarastore.com/wp-content/uploads/2025/08/TAC2121803.png;no
TAC2122003;ديسك قص الماس سيراميك 8 انش سماكة مم فتحة 25.4 مم TOTAL رطب;5.45;https://hawarastore.com/wp-content/uploads/2024/05/TAC2111103.png;yes
TAC2122501;ديسك قص الماس سيراميك 10 انش سماكة مم فتحة 25.4 مم TOTAL لزوم طاولة كهربائية 1100 واط رطب;11.87;https://hawarastore.com/wp-content/uploads/2024/05/TAC2111103.png;yes
TAC2131051HT;ديسك قص الماس رقيق 4 انش سماكة 1 مم استخدام (السيراميك، البلاط، الرخام، الطوب) فتحة 20 مم TOTAL رطب;2.62;https://hawarastore.com/wp-content/uploads/2025/08/TAC2131051HT.png;no
TAC2131151;ديسك قص الماس رخام 4.5 انش سماكة 12 مم فتحة 22.2 مم TOTAL جاف+رطب;2.22;https://hawarastore.com/wp-content/uploads/2024/05/TAC2111103.png;no
TAC2131151HT;ديسك قص الماس رقيق 4.5 انش سماكة 0.8 مم (السيراميك، البلاط، الرخام، الطوب) فتحة 22.2 مم TOTAL رطب;3.29;https://hawarastore.com/wp-content/uploads/2025/08/TAC2131151HT.png;no
TAC2131153;ديسك قص الماس رخام 4.5 انش سماكة 10 مم فتحة 22.2 مم TOTAL رطب + جاف;1.38;https://hawarastore.com/wp-content/uploads/2025/08/TAC2131153.png;no
TAC2131153HT;ديسك قص الماس شامل 4.5 انش سماكة 1 مم فتحة 22.2 مم TOTAL رطب;1.46;https://hawarastore.com/wp-content/uploads/2024/05/TAC2131153HT.png;no
TAC2131251;ديسك قص الماس رخام 5 انش سماكة 8 مم فتحة 22.2 مم TOTAL جاف+رطب;2.48;https://hawarastore.com/wp-content/uploads/2025/08/TAC2131251HT.png;no
TAC2131251HT;ديسك قص الماس رقيق 5 انش سماكة 0.8 مم (السيراميك، البلاط، الرخام، الطوب) فتحة 22.2 مم TOTAL رطب;3.87;https://hawarastore.com/wp-content/uploads/2025/08/TAC2131251HT.png;no
TAC2131253;ديسك قص الماس رخام 5 انش سماكة 10 مم فتحة 22.2 مم TOTAL رطب + جاف;1.57;https://hawarastore.com/wp-content/uploads/2025/08/TAC2131253HT.png;no
TAC2131253HT;ديسك قص الماس شامل 5 انش سماكة 1 مم فتحة 22.2 مم TOTAL رطب;2.23;https://hawarastore.com/wp-content/uploads/2025/08/TAC2131253HT.png;no
TAC2131801;ديسك قص الماس رخام 7 إنش عرض الإلماسة 12 مم سماكة القص 3 مم فتحة 22.2 مم TOTAL جاف+رطب;5.24;https://hawarastore.com/wp-content/uploads/2025/08/TAC2131801HT.png;yes
TAC2131801HT;ديسك قص الماس رقيق 7 انش سماكة 1.2 مم (السيراميك، البلاط، الرخام، الطوب) فتحة 22.2 مم TOTAL رطب;6.94;https://hawarastore.com/wp-content/uploads/2025/08/TAC2131801HT.png;yes
TAC2131803;ديسك قص الماس رخام 7 انش سماكة 10 مم فتحة 22.2 مم TOTAL رطب + جاف;3.56;https://hawarastore.com/wp-content/uploads/2025/08/TAC2131803HT.png;no
TAC2131803HT;ديسك قص الماس شامل 7 انش سماكة 1.4 مم فتحة 22.2 مم TOTAL رطب;5.3;https://hawarastore.com/wp-content/uploads/2025/08/TAC2131803HT.png;no
TAC2132301;ديسك قص الماس رخام 9 انش عرض الإلماسة 12 مم سماكة القص 3 مم فتحة 22.2 مم TOTAL جاف +رطب;7.74;https://hawarastore.com/wp-content/uploads/2025/08/TAC2132301.png;yes
TAC2132303;ديسك قص الماس رخام 9 انش سماكة 10 مم فتحة 22.2 مم TOTAL رطب + جاف;5.58;https://hawarastore.com/wp-content/uploads/2025/08/TAC2132303.png;yes
TAC2136115;طقم ديسكات صناعي 4.5 انش عدد 3 ماركة TOTAL;4.54;https://hawarastore.com/wp-content/uploads/2025/05/TAC2136115.png;no
TAC2144052;ديسك قص الماس من اجل الباطون 16 انش فتحة 25.4 مم سماكة الماسة 10 مم TOTAL رطب;86.86;https://hawarastore.com/wp-content/uploads/2025/08/TAC2144052.png;yes
TAC2144053;ديسك قص الماس من احل الباطون 16 انش فتحة 25.4 مم سماكة الماسة 12 مم لزوم قصاصة زفت TOTAL رطب;60.89;https://hawarastore.com/wp-content/uploads/2026/02/TAC2144053.png;yes
TAC2151151;ديسك قص الماس رقيق 4.5 انش سماكة 0.9 مم مناسب (سيراميك-بلاط-رخام-طوب ) فتحة 2.2 رطب + جاف TOTAL;2.52;;no
TAC2151251;ديسك قص الماس رقيق 5 انش سماكة 0.9 مم مناسب (سيراميك-بلاط-رخام-طوب ) فتحة 2.2 رطب + جاف TOTAL;2.86;https://hawarastore.com/wp-content/uploads/2026/02/TAC2151251.png;yes
TAC2151801;ديسك قص الماس قص ( رخام + حجر+ غرانيت ) 7 انش سماكة 2.2 مم ماركة TOTAL رطب;5.51;https://hawarastore.com/wp-content/uploads/2026/04/TAC2151801.png;yes
TAC2152301;ديسك قص الماس قص ( رخام + حجر+ غرانيت ) 9 انش سماكة 2.4 مم ماركة TOTAL رطب;8.05;https://hawarastore.com/wp-content/uploads/2026/04/TAC2152301-1024x956.png;yes
TAC2161801;حجر قص معدن 7 انش سماكة 1.6 مم TOTAL حديث;0.6;https://hawarastore.com/wp-content/uploads/2026/02/TAC2161801.png;yes
TAC2162301;حجر قص معدن 9 انش سماكة 1.6 مم TOTAL حديث;0.88;https://hawarastore.com/wp-content/uploads/2025/08/TAC2162301.png;no
TAC2164051;ديسك قص الماس من اجل الاسفلت 16 انش فتحة 25.4 مم سماكة الماسة 10 مم TOTAL رطب;90.68;https://hawarastore.com/wp-content/uploads/2025/08/TAC2164051.png;yes
TAC2164053;ديسك قص الماس من اجل الاسفلت 16 انش فتحة 25.4 مم سماكة الماسة 12 مم لزوم قصاصة زفت TOTAL رطب;63.84;https://hawarastore.com/wp-content/uploads/2026/02/TAC2164053.png;yes
TAC2171151;ديسك الماس قص باطون 4.5 انش TOTAL جاف + رطب;3.93;https://hawarastore.com/wp-content/uploads/2026/02/TAC2171151-1024x819.png;yes
TAC21711588;مجموعة ديسكات الماس  5 قطع قص باطون ورخام  4.5 انش TOTAL جاف + رطب عمر 6 مرات اطول;13.93;;no
TAC2171251;ديسك الماس قص باطون 5 انش TOTAL جاف + رطب;4.32;https://hawarastore.com/wp-content/uploads/2026/02/TAC2171251-1024x819.png;yes
TAC2171801;ديسك الماس قص باطون 7 انش TOTAL جاف + رطب;7.17;https://hawarastore.com/wp-content/uploads/2026/02/TAC2171801-1024x819.png;yes
TAC2172301;ديسك الماس قص باطون 9 انش TOTAL جاف + رطب;10.8;https://hawarastore.com/wp-content/uploads/2026/02/TAC2172301-1024x819.png;yes
TAC2179033;طقم ديسك الماس مرشوش قياس 9 انش قص باطون + رخام + غرانيت ماركة TOTAL رطب + جاف;20;https://hawarastore.com/wp-content/uploads/2026/06/TAC2179033.png;yes
TAC2181151HT;ديسك قص الماس رقيق 4.5 انش سماكة 0.8 مم (السيراميك، البلاط، الرخام، الطوب) فتحة 22.2 مم TOTAL رطب;2.44;https://hawarastore.com/wp-content/uploads/2025/08/TAC2181151HT.png;no
TAC2181251HT;ديسك قص الماس رقيق 5 انش سماكة 1.4مم (السيراميك، البلاط، الرخام، الطوب) فتحة 22.2 مم TOTAL رطب;3.36;;no
TAC2181801HT;ديسك قص الماس رقيق 7 انش شبكة سماكة 1.8 مم (السيراميك، البلاط، الرخام، الطوب) فتحة 22.2 مم TOTAL رطب;6.22;https://hawarastore.com/wp-content/uploads/2025/08/TAC2181801HT.png;yes
TAC2182301HT;ديسك قص الماس رقيق 9 انش سماكة 1.4 مم (السيراميك، البلاط، الرخام، الطوب) فتحة 22.2 مم TOTAL رطب;9.06;https://hawarastore.com/wp-content/uploads/2025/08/TAC2182301HT.png;no
TAC2202301;حجر قص معدن 9 انش سماكة 2مم TOTAL;0.85;https://hawarastore.com/wp-content/uploads/2025/08/TAC2202301.png;yes
TAC220401;ريشة باطون الماس 4 مم طول 75 مم TOTAL;0.4;https://hawarastore.com/wp-content/uploads/2024/05/TAC211201.png;yes
TAC2211152;حجر قص معدن 4.5 انش سماكة 3 مم TOTAL;0.33;https://hawarastore.com/wp-content/uploads/2025/08/TAC2211152.png;yes
TAC2211153;حجر قص معدن 4.5 انش سماكة 1.6 مم TOTAL;0.3;https://hawarastore.com/wp-content/uploads/2025/08/TAC2211153.png;yes
TAC2211155;حجر قص معدن 4.5 انش سماكة 1.2 مم TOTAL علبة 10 قطع;2.87;https://hawarastore.com/wp-content/uploads/2025/08/TAC22111550.png;yes
TAC22111550;حجر قص معدن 4.5 انش سماكة 1.2 مم TOTAL علبة 50 قطعة;12.86;https://hawarastore.com/wp-content/uploads/2024/05/TAC22111550.png;no
TAC2211251;حجر قص معدن 5 انش سماكة 3 مم TOTAL;0.4;https://hawarastore.com/wp-content/uploads/2025/08/TAC2211251.png;yes
TAC2211253;حجر قص معدن 5 انش سماكة 1.2 مم TOTAL;0.36;https://hawarastore.com/wp-content/uploads/2025/08/TAC2211253.png;yes
TAC2211801;حجر قص معدن 7 انش سماكة 3 مم TOTAL;0.78;https://hawarastore.com/wp-content/uploads/2025/08/TAC2211801.png;yes
TAC2211802;حجر قص معدن 7 انش سماكة 1.6 مم TOTAL;0.74;https://hawarastore.com/wp-content/uploads/2025/08/TAC2211802.png;no
TAC2211803;حجر قص معدن 7 انش سماكة 1.9 مم TOTAL;0.68;https://hawarastore.com/wp-content/uploads/2025/08/TAC2211803.png;yes
TAC2212301;حجر قص معدن 9 انش سماكة 3 مم TOTAL.;1.08;https://hawarastore.com/wp-content/uploads/2024/05/TAC2211152.png;no
TAC2212301HA;حجر قص معدن 9 انش سماكة 3 مم TOTAL;1.08;https://hawarastore.com/wp-content/uploads/2025/08/TAC2212301HA.png;yes
TAC2212302;حجر قص معدن 9 انش سماكة 1.6 مم TOTAL;0.9;https://hawarastore.com/wp-content/uploads/2024/05/TAC2211152.png;no
TAC2212303;حجر قص معدن 9 انش سماكة 1.9 ملم TOTAL;0.81;https://hawarastore.com/wp-content/uploads/2025/08/TAC2212303.png;no
TAC2212306;حجر قص معدن 9 انش سماكة 2 مم TOTAL;1.24;https://hawarastore.com/wp-content/uploads/2024/05/TAC2211152-1.png;no
TAC2213001;حجر قص معدن شلة 300 مم سماكة 3 مم فتحة 25.4 مم TOTAL;1.93;https://hawarastore.com/wp-content/uploads/2025/08/TAC2213001.png;yes
TAC2213551;حجر قص معدن شلة 355 مم سماكة 3 مم فتحة 25.4 مم TOTAL;2.3;https://hawarastore.com/wp-content/uploads/2025/08/TAC2213551.png;yes
TAC2214051;حجر قص معدن شلة 405 مم سماكة 3 مم فتحة 25.4 مم TOTAL;2.98;https://hawarastore.com/wp-content/uploads/2025/08/TAC2214051.png;yes
TAC2221151;ديسك قص حجر 4.5 انش سماكة 3 ملم TOTAL رطب+جاف;0.4;https://hawarastore.com/wp-content/uploads/2025/08/TAC2221151.png;yes
TAC2221251;ديسك قص حجر 5 انش سماكة 3 ملم TOTAL رطب+جاف;0.51;https://hawarastore.com/wp-content/uploads/2025/08/TAC2221251.png;yes
TAC2221801;ديسك قص حجر 7 انش سماكة 3 ملم TOTAL رطب+جاف;0.97;https://hawarastore.com/wp-content/uploads/2025/08/TAC2221801.png;no
TAC2222301;ديسك قص حجر 9 انش سماكة 3 ملم TOTAL رطب+جاف;1.22;https://hawarastore.com/wp-content/uploads/2025/08/TAC2222301.png;no
TAC2231151;حجر جلخ معدن 4.5 انش سماكة 6 مم TOTAL;0.54;https://hawarastore.com/wp-content/uploads/2025/08/TAC2231151.png;yes
TAC2231251;حجر جلخ معدن 5 انش سماكة 6 مم TOTAL;0.63;https://hawarastore.com/wp-content/uploads/2025/08/TAC2231251.png;no
TAC2231801;حجر جلخ معدن 7 انش سماكة 6 مم بفلنج TOTAL;1.19;https://hawarastore.com/wp-content/uploads/2025/08/TAC2231801.png;yes
TAC2232301;حجر جلخ معدن 9 انش سماكة 6 مم TOTAL;1.77;https://hawarastore.com/wp-content/uploads/2025/08/TAC2232301.png;yes
TAC225030;ورقة حف 225 مم 30 قطعة لزوم حفافة TWS10501 ماركة TOTAL;5.82;;no
TAC2253551;حجر قص معدن شلة 355 مم سماكة 2.5 مم فتحة 25.4 مم TOTAL;1.88;https://hawarastore.com/wp-content/uploads/2025/08/TAC2253551.png;yes
TAC2303558;حجر قص معدن شلة 355 مم سماكة 3 مم TOTAL;1.77;https://hawarastore.com/wp-content/uploads/2025/08/TAC2303558.png;yes
TAC231115;ديسك قص خشب 110 مم 40 سن TOTAL;2.96;;no
TAC231255;ديسك قص خشب 115مم 40 سن فتحة 22.2 مم نقاصة 16 مم TOTAL;2.98;https://hawarastore.com/wp-content/uploads/2024/05/TAC231401-1.png;yes
TAC231401;ديسك قص خشب 185 مم 24 سن فتحة 16 مم TOTAL;3.66;https://hawarastore.com/wp-content/uploads/2025/08/TAC231401.png;yes
TAC231410;طقم ديسك خشب 185 مم 7 انش 30 سن فتحة 20 مم TOTAL عدد 2;5;https://hawarastore.com/wp-content/uploads/2025/08/TAC231410.png;yes
TAC231411;ديسك قص خشب 185 مم 24 سن فتحة 20 مم TOTAL;3.38;https://hawarastore.com/wp-content/uploads/2024/05/TAC231401-1.png;no
TAC231413;ديسك قص خشب 185مم 60 سن فتحة 20 مم TOTAL;4.45;https://hawarastore.com/wp-content/uploads/2025/08/TAC231413.png;yes
TAC231415;ديسك قص خشب 185 مم 40 سن فتحة 20 مم TOTAL;5.21;https://hawarastore.com/wp-content/uploads/2025/08/TAC231415.png;yes
TAC231443;ديسك قص خشب 185 مم 60 سن فتحة 25.4 مم TOTAL;4.61;https://hawarastore.com/wp-content/uploads/2025/08/TAC231443.png;no
TAC231445;ديسك قص خشب 185 مم 40 سن فتحة 25.4 مم TOTAL;3.79;https://hawarastore.com/wp-content/uploads/2025/08/TAC231445.png;yes
TAC231521;ديسك قص خشب 210 مم 24سن فتحة 25.4 مم TOTAL.;5.12;https://hawarastore.com/wp-content/uploads/2025/08/TAC231521.png;no
TAC231522;ديسك قص خشب 210 مم 48سن فتحة 16-25.4-30 مم TOTAL;6.89;https://hawarastore.com/wp-content/uploads/2026/02/TAC231725-1.png;yes
TAC231541;ديسك قص خشب 210 مم 24 سن فتحة 25.4 مم TOTAL;0;;no
TAC231623;ديسك قص خشب 235 مم 60 سن فتحة 30 مم TOTAL;6.02;https://hawarastore.com/wp-content/uploads/2025/08/TAC231623.png;yes
TAC231625;ديسك قص خشب 235 مم 40 سن فتحة 30 مم TOTAL;6.93;https://hawarastore.com/wp-content/uploads/2024/10/TAC2316252.png;no
TAC2316252;ديسك قص خشب 235 مم 40 سن فتحة 30 مم TOTAL عدد 2;7.78;https://hawarastore.com/wp-content/uploads/2025/08/TAC2316252.png;yes
TAC231643;ديسك قص خشب 305 مم 80 سن TOTAL;6.04;https://sp-ao.shortpixel.ai/client/to_webp,q_glossy,ret_img/https://hawarastore.com/wp-content/uploads/woocommerce-placeholder-600x600.png;no
TAC231720;ديسك قص خشب 254 مم 30 سن فتحة 30 مم TOTAL;5.38;https://hawarastore.com/wp-content/uploads/2026/02/TAC231720.png;yes
TAC231723;ديسك قص خشب 254 مم 10 انش 60 سن فتحة 30 مم TOTAL;7.4;https://hawarastore.com/wp-content/uploads/2025/08/TAC231723.png;yes
TAC231725;ديسك قص خشب 254 مم 40 سن فتحة 30 مم TOTAL;8.08;https://hawarastore.com/wp-content/uploads/2026/02/TAC231725.png;yes
TAC231743;ديسك قص خشب 255 مم 10 انش 60 سن فتحة 25.4 مم TOTAL;0;;no
TAC2319210;ديسك قص خشب 305 مم 12 انش 100 سن فتحة 30 مم TOTAL;13.97;https://hawarastore.com/wp-content/uploads/2024/05/TAC231401.png;no
TAC2319212;ديسك قص خشب 305 مم 12 انش 120 سن فتحة 30 مم TOTAL;18.84;https://hawarastore.com/wp-content/uploads/2024/05/TAC231401.png;yes
TAC231923;ديسك قص خشب 305 مم 12 انش 60 سن فتحة مم TOTAL (( صناعي ));16.09;https://hawarastore.com/wp-content/uploads/2025/08/TAC231923.png;yes
TAC232241;ديسك قص خشب 140 مم 24 سن فتحة 16 مم TOTAL لزوم TSLI1401;3.33;https://hawarastore.com/wp-content/uploads/2025/08/TAC232241.png;no
TAC2323111;ديسك قص خشب 165 مم 24 سن فتحة 20 مم TOTAL لزوم قصاصة TSLI1651;2.74;https://hawarastore.com/wp-content/uploads/2024/05/TAC231401.png;no
TAC2331403;طقم ديسك قص خشب 140 مم 24 سن TOTAL عدد 2;5.7;https://hawarastore.com/wp-content/uploads/2026/02/TAC2331403.jpg;yes
TAC2331653;طقم ديسك خشب 165 مم 6.5 انش 24 سن فتحة 16-20 مم TOTAL عدد 2;6.43;https://hawarastore.com/wp-content/uploads/2025/08/TAC2331653.png;yes
TAC23316714;ديسك قص المنيوم 350 مم 100 سن فتحة 30 مم TOTAL;24.22;https://hawarastore.com/wp-content/uploads/2024/05/TAC23316714.png;no
TAC23317712;دسك قص المنيوم 400 مم 15.7 انش 120 سن فتحة 30 مم TOTAL;36.96;https://hawarastore.com/wp-content/uploads/2024/05/TAC23316714.png;no
TAC2331853;طقم ديسك خشب 185 مم 24 سن فتحة 16-20 مم TOTAL عدد 2;6.01;;no
TAC2332103;ديسك قص خشب 210 مم 40 سن فتحة 25.4 مم مع حلقة 16 مم  TOTAL.;6.77;;no
TAC233523;ديسك قص المنيوم 210 مم 60 سن فتحة 30 مم TOTAL;8.66;https://hawarastore.com/wp-content/uploads/2024/05/TAC23316714-1.png;no
TAC2337210;ديسك قص المنيوم 254 مم 10 انش 100 سن فتحة 30 مم TOTAL;16.61;https://hawarastore.com/wp-content/uploads/2025/08/TAC2337210.png;yes
TAC2339212;ديسك قص المنيوم 305 مم 12 انش 120 سن فتحة 30 مم TOTAL;18.64;https://hawarastore.com/wp-content/uploads/2025/08/TAC2339212.png;yes
TAC234615;ديسك قصاصة عشب قطر 9 انش لزوم TOTALTP445441,TSTLI20018,TSTLI202521,TSTLI20028,TSTLI200285;5.91;https://hawarastore.com/wp-content/uploads/2025/08/TAC234615.png;yes
TAC236140;طقم ديسك قص خشب 140 مم3  قطع سماكة 1 مم   24T+30T+40T  TOTAL;10;;no
TAC236165;طقم ديسك خشب 165 مم 6.5 انش 24 + 40 + 60 سن TOTAL عدد 3;12.53;https://hawarastore.com/wp-content/uploads/2025/08/TAC236165.png;yes
TAC2411151;حجر دمج الماس رخام 4.5 انش فتحة 22.2 مم سماكة 20 مم TOTAL صف واحد;6.34;https://hawarastore.com/wp-content/uploads/2025/08/TAC2411151.png;yes
TAC2411251;حجر دمج الماس رخام 5 انش فتحة 22.2 مم سماكة 22.2 مم TOTAL صف واحد;6.9;https://hawarastore.com/wp-content/uploads/2024/05/TAC2411251.png;yes
TAC2411501;حجر دمج الماس رخام 6 انش فتحة 22.2 مم سماكة 20 مم TOTAL صف واحد;11.92;https://hawarastore.com/wp-content/uploads/2025/08/TAC2411501.png;yes
TAC2421151;حجر دمج الماس رخام 4.5 انش فتحة 22.2 مم سماكة 22.2 مم TOTAL صفين;5.79;https://hawarastore.com/wp-content/uploads/2025/08/TAC2421151.png;yes
TAC2421251;حجر دمج الماس رخام 5 انش فتحة 22.2 مم سماكة 22.2 مم TOTAL صفين;6.37;https://hawarastore.com/wp-content/uploads/2025/08/TAC2421251.png;yes
TAC2421501;حجر دمج الماس رخام 6 انش فتحة 22.2 مم سماكة 22 مم TOTAL صفين;11.35;https://hawarastore.com/wp-content/uploads/2025/08/TAC2421501.png;no
TAC2421801;حجر دمج الماس رخام 7 انش فتحة 22.2 TOTAL صفين;23.15;https://sp-ao.shortpixel.ai/client/to_webp,q_glossy,ret_img,w_1,h_1/https://hawarastore.com/wp-content/uploads/2026/02/TAC2421801.png;yes
TAC2422301;حجر دمج الماس رخام 9 انش فتحة 22.2 TOTAL صفين;30.22;https://hawarastore.com/wp-content/uploads/2026/02/TAC2422301-1024x1024.png;yes
TAC25150361;حجر جلخ ثابت 150x12.7x16 مم 36 سن لزوم TBG15015 ماركة TOTAL;2.21;https://hawarastore.com/wp-content/uploads/2025/08/TAC25150361.png;yes
TAC25150801;حجر جلخ ثابت 150x12.7x16 مم 80 سن لزوم TBG15015 ماركة TOTAL;2.26;https://hawarastore.com/wp-content/uploads/2025/08/TAC25150801.png;yes
TAC25200361;حجر جلخ ثابت 200x16x20 مم 36 سن لزوم TBG35020 ماركة TOTAL;4.25;https://hawarastore.com/wp-content/uploads/2025/08/TAC25200361.png;yes
TAC25200801;حجر جلخ ثابت 200x16x20 مم 80 سن لزوم TBG35020 ماركة TOTAL;3.6;https://hawarastore.com/wp-content/uploads/2025/08/TAC25200801.png;yes
TAC25402;مجموعة تلميع بولش صوف و قطن عدد 2 مناسبة TOPLI2001 ماركة TOTAL;7.25;https://hawarastore.com/wp-content/uploads/2025/08/TAC25402.png;yes
TAC260610;ريشة باطون ألماس 6 مم طول 100 مم TOTAL حديث;0.62;https://hawarastore.com/wp-content/uploads/2026/02/TAC260610.png;yes
TAC260615;ريشة باطون ألماس 6 مم طول 150مم TOTAL;0.88;https://hawarastore.com/wp-content/uploads/2026/02/TAC260615.png;yes
TAC260812;ريشة باطون ألماس 8 مم طول 120 مم TOTAL موديل حديث;0.84;;no
TAC261012;ريشة باطون ألماس  10مم طول 120 مم TOTAL موديل حديث;1.18;;no
TAC270831;لقم برغي هنغار ممغنطة 8 مم 3 قطع على كرت TOTAL;1.7;https://hawarastore.com/wp-content/uploads/2025/08/TAC270831.png;yes
TAC271031;لقم برغي هنغار ممغنطة 10 مم 3 قطع على كرت TOTAL;1.74;https://hawarastore.com/wp-content/uploads/2025/08/TAC271031.png;no
TAC271231;لقم برغي هنغار ممغنطة 12 مم 3 قطع على كرت TOTAL;1.96;https://hawarastore.com/wp-content/uploads/2025/08/TAC271231.png;yes
TAC271331;لقم برغي هنغار ممغنطة 13 مم 3 قطع على كرت TOTAL;2.11;https://hawarastore.com/wp-content/uploads/2025/08/TAC271331.png;no
TAC273651;طقم تحويلة فنجان 1/4 -3/8 -1/2 انش لـ 1/4 انش ماركة TOTAL;1.35;https://hawarastore.com/wp-content/uploads/2025/08/TAC273651.png;no
TAC2765061;طقم لقم هنغار 6-7-8-9-10-12 مم صناعي ماركة TOTAL;3.45;https://hawarastore.com/wp-content/uploads/2024/05/TAC2765061.png;no
TAC280610;ريشة باطون ألماس 6 مم طول 100 مم TOTAL;0.68;https://hawarastore.com/wp-content/uploads/2026/02/TAC280610.png;yes
TAC2810821;كاسة كور الماس مائي قطر 82 مم طول 45 سم مع ادابتر صناعي ماركة TOTAL;47.38;https://hawarastore.com/wp-content/uploads/2024/05/TAC2811221-1.png;no
TAC2811021;كاسة كور الماس مائي قطر 102مم طول 45 سم مع ادابتر صناعي ماركة TOTAL;55.15;https://hawarastore.com/wp-content/uploads/2024/10/TAC2811021.png;no
TAC2811221;كاسة كور الماس مائي قطر 122 مم طول 45 سم مع ادابتر صناعي ماركة TOTAL;62.75;https://hawarastore.com/wp-content/uploads/2024/05/TAC2811221.png;yes
TAC2811521;كاسة كور الماس مائي قطر 152 مم طول 45 سم مع ادابتر صناعي ماركة TOTAL;85.92;https://hawarastore.com/wp-content/uploads/2025/08/TAC2811521.png;no
TAC303768;مجموعة احجار قص وجلخ معدن 3 انش سماكة ( 1.2مم رقيق عدد3) + ( 4 مم بفلنجة عدد2) على كرت ماركة TOTAL;1.61;https://hawarastore.com/wp-content/uploads/2025/08/TAC303768.png;yes
TAC310031;طقم فرشاة حديد على مثقب 3 قطع كوب وقلم ودولاب ماركة TOTAL;1.28;https://hawarastore.com/wp-content/uploads/2026/02/TAC310031.png;yes
TAC310071;طقم 7 قطع فراشي حديد يدوي +فراشي مثقب دولاب ماركة TOTAL;3.62;https://hawarastore.com/wp-content/uploads/2025/08/TAC310071.png;yes
TAC31031;فرشاة جلخ حديد ناعمة كوب قياس 3 انش 75 مم سلك 0.3 مم TOTAL;1.14;https://hawarastore.com/wp-content/uploads/2025/08/TAC31031.png;yes
TAC31035;فرشاة جلخ حديد ناعمة كوب قياس 3 انش 75 مم سلك 0.3 مم TOTAL صناعي ( مانع اهتزاز );1.42;https://hawarastore.com/wp-content/uploads/2025/08/TAC31035.png;no
TAC310401;ريشة SDS PLUS - 4×110 ماركة TOTAL;0.8;https://hawarastore.com/wp-content/uploads/2025/08/TAC310401.png;yes
TAC31041;فرشاة جلخ حديد ناعمة كوب قياس 4 انش 100 مم سلك 0.3 مم TOTAL;1.66;https://hawarastore.com/wp-content/uploads/2025/08/TAC31041.png;no
TAC31045;فرشاة جلخ حديد ناعمة كوب قياس 4 انش 100 مم قطر 0.3 مم TOTAL صناعي ( مانع اهتزاز );2.05;https://hawarastore.com/wp-content/uploads/2025/08/TAC31045.png;yes
TAC310501;ريشة SDS PLUS -5×110 ماركة TOTAL;0.74;https://hawarastore.com/wp-content/uploads/2025/08/TAC310501.png;no
TAC310502;ريشة SDS PLUS - 5 ×160 ماركة TOTAL;0.86;https://hawarastore.com/wp-content/uploads/2025/08/TAC310502.png;yes
TAC31051;فرشاة جلخ حديد ناعمة كوب قياس 5 انش 125مم سلك 0.3مم TOTAL;2.33;https://hawarastore.com/wp-content/uploads/2025/08/TAC31051.png;yes
TAC310551;ريشة SDS PLUS 5.5 × 110 ماركة TOTAL;0.74;https://hawarastore.com/wp-content/uploads/2025/08/TAC310551.png;yes
TAC310552;ريشة SDS PLUS 5.5 × 160 ماركة TOTAL;0.8;https://hawarastore.com/wp-content/uploads/2025/08/TAC310552.png;yes
TAC310601;ريشة SDS PLUS -6X110 ماركة TOTAL;0.75;https://hawarastore.com/wp-content/uploads/2025/08/TAC310601C.png;no
TAC310601C;ريشة SDS PLUS 6 X110 راس رباعي ماركة TOTAL;0.65;https://hawarastore.com/wp-content/uploads/2025/08/TAC310601C.png;no
TAC310602;ريشة SDS PLUS -6X160 ماركة TOTAL;0.8;https://hawarastore.com/wp-content/uploads/2024/05/TAC310551.png;no
TAC310602C;ريشة SDS PLUS 6 × 160 راس رباعي ماركة TOTAL;0.9;https://hawarastore.com/wp-content/uploads/2025/08/TAC310602C.png;no
TAC310603;ريشة SDS PLUS -6X210 ماركة TOTAL;0.97;https://hawarastore.com/wp-content/uploads/2024/05/TAC310551.png;yes
TAC310603C;ريشة SDS PLUS 6 × 210 راس رباعي ماركة TOTAL;0.82;https://hawarastore.com/wp-content/uploads/2025/08/TAC310603C.png;yes
TAC310604;ريشة SDS PLUS -6X260 ماركة TOTAL;1.21;https://hawarastore.com/wp-content/uploads/2025/08/TAC310604C.png;no
TAC310604C;ريشة SDS PLUS 6 X 260 راس رباعي ماركة TOTAL;1.19;https://hawarastore.com/wp-content/uploads/2025/08/TAC310604C.png;yes
TAC310605;ريشة SDS PLUS -6X310 ماركة TOTAL;1.24;https://hawarastore.com/wp-content/uploads/2025/08/TAC310605.png;yes
TAC310605C;ريشة SDS PLUS 6 X 310 راس رباعي ماركة TOTAL;1.69;https://hawarastore.com/wp-content/uploads/2024/05/TAC310601C.png;yes
TAC31061;فرشاة جلخ حديد ناعمة كوب قياس 6 انش 150 مم سلك 0.35 مم TOTAL;3.56;https://hawarastore.com/wp-content/uploads/2024/05/TAC310551.png;yes
TAC310701;ريشة SDS PLUS -7×110 ماركة TOTAL;0.78;https://hawarastore.com/wp-content/uploads/2025/08/TAC310701.png;yes
TAC310801;ريشة SDS PLUS 8X110 ماركة TOTAL;0.77;https://hawarastore.com/wp-content/uploads/2025/08/TAC310801.png;yes
TAC310802;ريشة SDS PLUS -8X160 ماركة TOTAL;0.84;https://hawarastore.com/wp-content/uploads/2025/08/TAC310802C.png;yes
TAC310802C;ريشة SDS PLUS 8 × 160 راس رباعي ماركة TOTAL;1;https://hawarastore.com/wp-content/uploads/2025/08/TAC310802C.png;yes
TAC310803;ريشة SDS PLUS -8X210 ماركة TOTAL;1.05;https://hawarastore.com/wp-content/uploads/2025/08/TAC310803C.png;yes
TAC310803C;ريشة SDS PLUS 8 × 210 راس رباعي ماركة TOTAL;0.9;https://hawarastore.com/wp-content/uploads/2025/08/TAC310803C.png;no
TAC310804;ريشة SDS PLUS -8X260 ماركة TOTAL;1.29;https://hawarastore.com/wp-content/uploads/2025/08/TAC310804C.png;yes
TAC310804C;ريشة SDS PLUS 8 X 260 راس رباعي ماركة TOTAL;1.53;https://hawarastore.com/wp-content/uploads/2025/08/TAC310804C.png;yes
TAC310805;ريشة SDS PLUS -8X310 ماركة TOTAL;1.53;https://hawarastore.com/wp-content/uploads/2025/08/TAC310805.png;yes
TAC310806;ريشة SDS PLUS 8 X450 ماركة TOTAL;2.38;https://hawarastore.com/wp-content/uploads/2025/08/TAC310806.png;yes
TAC310902;ريشة SDS PLUS - 9 ×160 ماركة TOTAL;0.94;https://hawarastore.com/wp-content/uploads/2025/08/TAC310902.png;yes
TAC310903;ريشة SDS PLUS - 9 ×210 ماركة TOTAL;0;;no
TAC311001;ريشة SDS PLUS -10X110 ماركة TOTAL;0.85;https://hawarastore.com/wp-content/uploads/2025/08/TAC311001.png;no
TAC311002;ريشة SDS PLUS -10X160 ماركة TOTAL;0.92;https://hawarastore.com/wp-content/uploads/2025/08/TAC311002C.png;yes
TAC311002C;ريشة SDS PLUS 10×160 راس رباعي ماركة TOTAL;0.94;https://hawarastore.com/wp-content/uploads/2025/08/TAC311002C.png;no
TAC311003;ريشة SDS PLUS -10X210 ماركة TOTAL;1.12;https://hawarastore.com/wp-content/uploads/2025/08/TAC311003.png;yes
TAC311004;ريشة SDS PLUS -10X260 ماركة TOTAL;1.32;https://hawarastore.com/wp-content/uploads/2025/08/TAC311004.png;no
TAC311005;ريشة SDS PLUS 10X310 ماركة TOTAL;1.51;https://hawarastore.com/wp-content/uploads/2025/08/TAC311005.png;no
TAC311006;ريشة SDS PLUS -10X450 ماركة TOTAL;2.46;https://hawarastore.com/wp-content/uploads/2025/08/TAC311006.png;no
TAC311007;ريشة SDS PLUS -10×600 ماركة TOTAL;3.48;https://hawarastore.com/wp-content/uploads/2025/08/TAC311007.png;no
TAC311102;ريشة SDS PLUS - 11 ×160 ماركة TOTAL;0.98;https://hawarastore.com/wp-content/uploads/2025/08/TAC311102.png;yes
TAC311201;ريشة SDS PLUS -12X210 ماركة TOTAL;1.31;https://hawarastore.com/wp-content/uploads/2025/08/TAC311201.png;yes
TAC311202;ريشة SDS PLUS -12X160 ماركة TOTAL;1.14;https://hawarastore.com/wp-content/uploads/2025/08/TAC311202C.png;yes
TAC311202C;ريشة SDS PLUS 12×160 راس رباعي ماركة TOTAL;1.17;https://hawarastore.com/wp-content/uploads/2025/08/TAC311202C.png;no
TAC311203;ريشة SDS PLUS -12X260 ماركة TOTAL;1.53;https://hawarastore.com/wp-content/uploads/2025/08/TAC311203.png;yes
TAC311204;ريشة SDS PLUS -12X310 ماركة TOTAL;1.69;https://hawarastore.com/wp-content/uploads/2025/08/TAC311204.png;no
TAC311205;ريشة SDS PLUS -12X450 ماركة TOTAL;2.61;https://hawarastore.com/wp-content/uploads/2025/08/TAC311205.png;no
TAC311206;ريشة SDS PLUS 12X600 ماركة TOTAL;3.63;https://hawarastore.com/wp-content/uploads/2025/08/TAC311206.png;no
TAC311301;ريشة SDS PLUS - 13 ×160 ماركة TOTAL;1.27;https://hawarastore.com/wp-content/uploads/2025/08/TAC311301.png;yes
TAC311401;ريشة SDS PLUS -14X210 ماركة TOTAL;1.56;;no
TAC311402;ريشة SDS PLUS -14X160 ماركة TOTAL;1.35;;no
TAC311403;ريشة SDS PLUS -14X260 ماركة TOTAL;1.81;;no
TAC311403C;ريشة SDS PLUS 14 X 260 راس رباعي ماركة TOTAL;2.05;;no
TAC311404;ريشة SDS PLUS -14X310 ماركة TOTAL;2.02;;no
TAC311405;ريشة SDS PLUS -14X450 ماركة TOTAL;3.02;;no
TAC311406;ريشة SDS PLUS -14X600 ماركة TOTAL;4.48;;no
TAC311601;ريشة SDS PLUS -16X160 ماركة TOTAL;1.64;;no
TAC311602;ريشة SDS PLUS -16X210 ماركة TOTAL;1.85;;no
TAC311603;ريشة SDS PLUS -16X260 ماركة TOTAL;2.18;;no
TAC311603C;ريشة SDS PLUS 16 X 260 راس رباعي ماركة TOTAL;2.96;;no
TAC311604;ريشة SDS PLUS -16X310 ماركة TOTAL;2.26;;no
TAC311605;ريشة SDS PLUS -16×450 ماركة TOTAL;3.48;;no
TAC311606;ريشة SDS PLUS -16×600 ماركة TOTAL;5.16;;no
TAC311801C;ريشة SDS PLUS 18 X 260 راس رباعي ماركة TOTAL;3.92;;no
TAC311802;ريشة SDS PLUS -18X210 ماركة TOTAL;2.6;;no
TAC311803;ريشة SDS PLUS -18X310 ماركة TOTAL;3.21;;no
TAC311803C;ريشة SDS PLUS 18 X 310 راس رباعي ماركة TOTAL;4.21;;no
TAC311804;ريشة SDS PLUS -18X450 ماركة TOTAL;4.32;;no
TAC311805;ريشة SDS PLUS -18X600 ماركة TOTAL;6.43;;no
TAC312002;ريشة SDS PLUS -20X210 ماركة TOTAL;3.29;;no
TAC312003;ريشة SDS PLUS -20X310 ماركة TOTAL;4.08;;no
TAC312003C;ريشة SDS PLUS 20 X 310 راس رباعي ماركة TOTAL;5.38;;no
TAC312004;ريشة SDS PLUS -20X450 ماركة TOTAL;3.91;;no
TAC312005;ريشة SDS PLUS -20X600 ماركة TOTAL;6.85;;no
TAC312203;ريشة SDS PLUS -22X260 ماركة TOTAL;4.12;;no
TAC312204;ريشة SDS PLUS -22X310 ماركة TOTAL;4.32;;no
TAC312204C;ريشة SDS PLUS 22 X 310 راس رباعي ماركة TOTAL;6.09;;no
TAC312205;ريشة SDS PLUS -22X450 ماركة TOTAL;5.57;;no
TAC312206;ريشة SDS PLUS -22X600 ماركة TOTAL;8.04;;no
TAC312403;ريشة SDS PLUS -24×260 ماركة TOTAL;4.6;;no
TAC312404;ريشة SDS PLUS -24X310 ماركة TOTAL;4.66;;no
TAC312405;ريشة SDS PLUS -24×450 ماركة TOTAL;4.39;;no
TAC312501;ريشة SDS PLUS -25×600 ماركة TOTAL;9.22;;no
TAC312504C;ريشة SDS PLUS 25 X 310 راس رباعي ماركة TOTAL;7.55;;no
TAC312603;ريشة SDS PLUS -26X260 ماركة TOTAL;5.42;;no
TAC32031;فرشاة جلخ حديد خشنة كوب قياس 3 انش 75 مم سلك 0.5 مم TOTAL;1.36;;no
TAC32035;فرشاة جلخ حديد خشنة كوب قياس 3 انش 75 مم سلك 0.5 مم TOTAL صناعي ( مانع اهتزاز );1.66;;no
TAC32041;فرشاة جلخ حديد خشنة كوب قياس 4 انش 100 مم سلك 0.5 مم TOTAL;1.95;;no
TAC32045;فرشاة جلخ حديد خشنة كوب قياس 4 انش 100 مم سلك 0.5 مم TOTAL صناعي ( مانع اهتزاز );2.33;;no
TAC32051;فرشاة جلخ حديد خشنة كوب قياس 5 انش 125 مم سلك 0.5 مم TOTAL;3.2;;no
TAC321007;ريشة 260 × 10 TOTAL MAX SDS (صناعي );3.96;;no
TAC321207;ريشة 260 × 12 TOTAL MAX SDS (صناعي );4.12;;no
TAC321407;ريشة 260 × 14 TOTAL MAX SDS (صناعي );4.18;;no
TAC321600;ريشة 340 × 16 TOTAL MAX SDS (صناعي );7.13;;no
TAC321800;ريشة 340 × 18 TOTAL MAX SDS (صناعي );6.07;;no
TAC321808;ريشة 540 × 18 TOTAL MAX SDS (صناعي );7.84;;no
TAC322000;ريشة 340 × 20 TOTAL MAX SDS (صناعي );4.94;;no
TAC322005;ريشة 600 × TOTAL MAX SDS 20 (صناعي );13.7;;no
TAC322008;ريشة 540 × 20 TOTAL MAX SDS (صناعي );9.17;;no
TAC322200;ريشة 340 × 22 TOTAL MAX SDS (صناعي );7.31;;no
TAC322205;ريشة 600 × 22 TOTAL MAX SDS (صناعي );14.6;;no
TAC322208;ريشة 540 × 22 TOTAL MAX SDS (صناعي );9.94;;no
TAC322500;ريشة 340 × 25 TOTAL MAX SDS (صناعي );7.14;;no
TAC322506;ريشة 800 × 25 TOTAL MAX SDS (صناعي );18.52;;no
TAC322508;ريشة 540 × 25 TOTAL MAX SDS (صناعي );10.41;;no
TAC322808;ريشة 540 × 28 TOTAL MAX SDS (صناعي );10.21;;no
TAC323008;ريشة 540 × 30 TOTAL MAX SDS (صناعي );12.59;;no
TAC33021;فرشاة مثقب حديد ناعمة كوب قياس 50 مم سلك 0.35 مم TOTAL;0.54;;no
TAC33025;فرشاة مثقب نايلون كوب 2 انش 50 مم TOTAL;1.28;;no
TAC33031;فرشاة مثقب حديد ناعمة كوب قياس 75 مم سلك 0.35 مم TOTAL;0.66;;no
TAC33035;فرشاة مثقب نايلون كوب 3 انش 75 مم TOTAL;1.49;;no
TAC331120;شفرة خلاط دهان 120 مم طول 60 سم لزوم ( TD614001 ) TOTAL;5.79;;no
TAC331160;شفرة خلاط دهان 160مم طول 60سم لزوم ( TD614001 ) TOTAL;6.5;;no
TAC34021;فرشاة مثقب حديد دولاب قطر 2 انش 50 مم سلك 0.35 TOTAL;0.44;;no
TAC34031;فرشاة مثقب حديد دولاب قطر 3 انش 75 مم سلك 0.35 TOTAL;0.61;;no
TAC34035;فرشاة مثقب نايلون دولاب 3 انش 75 مم TOTAL;1.37;;no
TAC34041;فرشاة مثقب حديد دولاب قطر 4 انش 100 مم سلك 0.35 TOTAL;0.73;;no
TAC34045;فرشاة مثقب نايلون دولاب 4 انش 100 مم TOTAL;2.26;;no
TAC35051;فرشاة جلخ مجدولة جانبية قياس 5 انش 125 مم TOTAL;1.73;;no
TAC35351;مجموعة 3 فراشي تنظيف اسفنج للتلميع ماركة TOTAL;2.22;;no
TAC36051;فرشاة جلخ ثابت قياس 125 مم سلك 0.3 مم TOTAL;1.41;;no
TAC36081;فرشاة جلخ ثابت قياس 200 مم سلك 0.35 مم موديل TOTAL;3.11;;no
TAC37011;فرشاة مثقب حديد ناعمة قلم قياس 25 مم سلك 0.35 مم TOTAL;0.51;;no
TAC38033;طقم فرشاة تنظيفات دقيقة 3 قطع 7 انش على كرت حديث ماركة TOTAL;1.19;;no
TAC3804051;فرشاة حديد طولية 270 مم 5 صفوف حديث على كرت TOTAL;0.92;;no
TAC38051;فرشاة حديد طولية 340 مم 3 صفوف حديث على كرت TOTAL;1.54;;no
TAC410161;كاسة حفر معدن + خشب + PVC قياس 16 مم TOTAL;1.22;;no
TAC410191;كاسة حفر معدن + خشب + PVC قياس 19 مم TOTAL;1.45;;no
TAC410221;كاسة حفر معدن + خشب + PVC قياس 22 مم TOTAL;1.64;;no
TAC410251;كاسة حفر معدن + خشب + PVC قياس 25 مم TOTAL;1.84;;no
TAC410351;كاسة حفر معدن + خشب + PVC قياس 35 مم TOTAL;2.5;;no
TAC410461;كاسة حفر معدن + خشب + PVC قياس 46 مم TOTAL;3.07;;no
TAC410511;كاسة حفر معدن + خشب + PVC قياس 51 مم TOTAL;3.38;;no
TAC410571;كاسة حفر معدن + خشب قياس 57 ماركة TOTAL;3.76;;no
TAC410641;كاسة حفر معدن + خشب + PVC قياس 64 مم TOTAL;4.24;;no
TAC410701;كاسة حفر معدن + خشب + PVC قياس 70 مم TOTAL;4.88;;no
TAC410761;كاسة حفر معدن + خشب + PVC قياس 76 مم TOTAL;5.06;;no
TAC411051;كاسة حفر معدن + خشب + PVC قياس 105 مم TOTAL;7.61;;no
TAC4111412;كاسة حفر معدن + خشب + PVC قياس 114 مم TOTAL;8.14;;no
TAC411601;كاسة حفر معدن + خشب + PVC قياس 160 مم TOTAL;14.08;;no
TAC412101;كاسة حفر معدن + خشب + PVC قياس 210 مم TOTAL;17.63;;no
TAC4201;راس كاسة حفر معدن 8/3 من 14 ملم الى 30 ملم TOTAL;1.51;;no
TAC4202;راس كاسة حفر معدن 16/7 من 32 مم الى 210 مم TOTAL;3.11;;no
TAC4203;راس حامل كاس حفر الماس من 33 مم الى 83 مم ماركة TOTAL;3.08;;no
TAC430351;كاس حفر باطون قياس 35 مم TOTAL مع حامل sds;4.26;;no
TAC430501;كاس حفر باطون قياس 50 مم TOTAL مع حامل sds;4.56;;no
TAC430651;كاس حفر باطون قياس 65 مم TOTAL مع حامل sds;5.62;;no
TAC430801;كاس حفر باطون قياس 80 مم TOTAL مع حامل sds;6.92;;no
TAC431001;كاس حفر باطون قياس 100 مم TOTAL مع حامل sds;10.33;;no
TAC4311001;كاسة حفر باطون قياس 100 مم TOTAL بدون حامل sds;9.17;;no
TAC431501;كاسة حفر باطون قياس 50 مم TOTAL بدون حامل sds;2.95;;no
TAC431651;كاسة حفر باطون قياس 65 مم TOTAL بدون حامل sds;4.05;;no
TAC431801;كاسة حفر باطون قياس 80 مم TOTAL بدون حامل sds;5.12;;no
TAC43A13501;حامل كاس SDS - PLUS طول 35 سم ( 8 × 110 ) ماركة TOTAL;3.37;;no
TAC43C16002;حامل كاس SDS MAX طول 60 سم ماركة TOTAL;6.74;;no
TAC440331;كاس حفر الماس 33 مم رخام بدون حامل ماركة TOTAL;1.49;;no
TAC440431;كاس حفر الماس 43 مم رخام بدون حامل ماركة TOTAL;1.92;;no
TAC440531;كاس حفر الماس 53 مم رخام بدون حامل ماركة TOTAL;2.34;;no
TAC44061;طقم حفر سيراميك 6 قطع ماركة TOTAL;10.76;;no
TAC440671;كاس حفر الماس 67 مم رخام بدون حامل ماركة TOTAL;2.93;;no
TAC440731;كاس حفر الماس 73 مم رخام بدون حامل ماركة TOTAL;3.2;;no
TAC440831;كاس حفر الماس 83 مم رخام بدون حامل ماركة TOTAL;3.59;;no
TAC451001;راس مثقب ( كوانة )10 مم TOTAL;1.68;;no
TAC451016;كوان اتوماتيك راس مثقب 0.8-10 مم3/8 من لزوم المثقب TDLI1232 TDLI1241 TDLI1211 TDLI1221 TDLI20025 TDLI1612 ماركة TOTAL;1.3;;no
TAC451026;كوان اتوماتيك راس مثقب رجاج 0.8-10مم3/8 من لزوم المثقب TIDLI1232 TIDLI1222 TIDLI1612 TIDLI20025 ماركة TOTAL;1.91;;no
TAC451036;راس مثقب كوان اتوماتيك 10 مم TOTAL;2.15;;no
TAC451301;راس مثقب ( كوانة )1.5-13 / 1/2 مم TOTAL;1.8;;no
TAC451301.1;راس مثقب كوان + وصلة SDS 13 مم TOTAL;2.22;;no
TAC451321;راس مثقب اتوماتيك1/2 ( كوان ) 2-13مم ماركة TOTAL;3.05;;no
TAC452016;راس مثقب كوان اتوماتيك 10 مم موديل حديث ماركة TOTAL;1.71;;no
TAC461601;حامل لقمه مغناطيس طول 60 مم موديل TOTAL;1.14;;no
TAC470131;مفتاح رأس مثقب 13 مم TOTAL;0.54;;no
TAC48201;ريشة حفر الماس 20 مم ستانلس ستيل ماركة TOTAL;2.96;;no
TAC48221;ريشة حفر الماس 22 مم ستانلس ستيل ماركة TOTAL;3.26;;no
TAC48251;ريشة حفر الماس 25 مم ستانلس ستيل ماركة TOTAL;3.72;;no
TAC48281;ريشة حفر الماس 28 مم ستانلس ستيل ماركة TOTAL;4.13;;no
TAC48321;ريشة حفر الماس 32 مم ستانلس ستيل ماركة TOTAL;4.73;;no
TAC48351;ريشة حفر الماس 35 مم ستانلس ستيل ماركة TOTAL;5.17;;no
TAC490201;كاسة حفر زجاج +سيراميك +قرميد الماس 20 مم ماركة TOTAL;1.16;;no
TAC490221;كاسة حفر زجاج +سيراميك +قرميد الماس 22 مم ماركة TOTAL;1.27;;no
TAC490251;كاسة حفر زجاج +سيراميك +قرميد الماس 25 مم ماركة TOTAL;1.44;;no
TAC490271;كاسة حفر زجاج +سيراميك +قرميد الماس 27 مم ماركة TOTAL;1.58;;no
TAC490301;كاسة حفر زجاج +سيراميك +قرميد الماس 30 مم ماركة TOTAL;1.74;;no
TAC490321;كاسة حفر زجاج +سيراميك +قرميد الماس 32 مم ماركة TOTAL;1.83;;no
TAC490351;كاسة حفر زجاج +سيراميك +قرميد الماس 35 مم ماركة TOTAL;2.02;;no
TAC490451;كاسة حفر زجاج +سيراميك +قرميد الماس 45 مم ماركة TOTAL;2.61;;no
TAC490501;كاسة حفر زجاج +سيراميك +قرميد الماس 50 مم ماركة TOTAL;2.89;;no
TAC490551;كاسة حفر زجاج +سيراميك +قرميد الماس 55 مم ماركة TOTAL;3.36;;no
TAC490651;كاسة حفر زجاج +سيراميك +قرميد الماس 65 مم ماركة TOTAL;3.92;;no
TAC51051;نصلة منشار خراقة 2 خشب +2 حديد +1 المنيوم مجموعة 5 قطع TOTAL (( صناعي ));1.48;;no
TAC51101D;نصلات خراقة خشب 4-5.2 ملم 5 قطع على كرت TOTAL;1.45;;no
TAC51111C;نصلة منشار خراقة خشب بعد بين اسنان 3 مم طول 74 مم اقصى قطع 50 مم TOTAL (( صناعي ));0.89;;no
TAC511153;مجموعة 3 احجار قص الماس رقيق 4.5 انش سماكة 0.9 مم فتحة 22.2 مم رطب+جاف TOTAL;5.42;;no
TAC511155;طقم ديسك الماس 5 قطع 4.5 انش سماكة 1.4 مم ماركة TOTAL رطب+ جاف;7.03;;no
TAC51118B;نصلة منشار خراقة حديد اقصى قطع 6 مم طول50مجموعة 5 قطع TOTAL (( صناعي ));1.4;;no
TAC52644D;نصلة منشار ترددي خراقة خشب 4-5.2 مم 126 سن TOTAL (( صناعي ));0.8;;no
TAC52922EF;نصلة منشار ترددي خراقة معدن TOTAL (( صناعي ));1.82;;no
TAC618201;ريشة فارة كهربائية ( شفرة ) لزوم TL1108236 ماركة TOTAL;1.74;;no
TAC618202;شفرة فارة خشب ماكيتا يدوية قياس 82*29*3 TOTAL;3.63;;no
TAC631151;حجر جلخ حف موج P40 معدن 4.5انش TOTAL;0.57;;no
TAC631152;حجر جلخ حف موج P60 معدن 4.5انش TOTAL;0.56;;no
TAC631153;حجر جلخ حف موج P80 معدن 4.5انش TOTAL;0.56;;no
TAC6311540;حجر جلخ حف موج 40P معدن 4.5 انش حديث TOTAL;0.47;;no
TAC6311560;حجر جلخ حف موج 60P معدن 4.5 انش حديث TOTAL;0.45;;no
TAC6311580;حجر جلخ حف موج 80P معدن 4.5 انش حديث TOTAL;0.45;;no
TAC631251;حجر جلخ حف موج P40 معدن 5 انش TOTAL;0.86;;no
TAC631252;حجر جلخ حف موج P60 معدن 5 انش TOTAL;0.8;;no
TAC631253;حجر جلخ حف موج P80 معدن 5 انش TOTAL;0.8;;no
TAC6312540;حجر جلخ حف موج 40P معدن 5 انش حديث TOTAL;0.55;;no
TAC6312560;حجر جلخ حف موج 60P معدن 5 انش حديث TOTAL;0.54;;no
TAC6312580;حجر جلخ حف موج 80P معدن 5 انش حديث TOTAL;0.54;;no
TAC631501;حجر جلخ حف موج P40 معدن 6 انش TOTAL;1.13;;no
TAC631502;حجر جلخ حف موج P60 معدن 6 انش TOTAL;1.09;;no
TAC631503;حجر جلخ حف موج P80 معدن 6 انش TOTAL;1.09;;no
TAC631801;حجر جلخ حف موج P40 معدن 7 انش TOTAL;1.88;;no
TAC631802;حجر جلخ حف موج P60 معدن 7 انش TOTAL;1.82;;no
TAC631803;حجر جلخ حف موج P80 معدن 7 انش TOTAL;1.82;;no
TAC641151;حجر حف موج زركونيوم (معدن-ستالس-نحاس) 4.5 انش فتحة 22.2 مم TOTAL G40;0.78;;no
TAC641152;حجر حف موج زركونيوم (معدن-ستالس-نحاس) 4.5 انش فتحة 22.2 مم TOTAL G60;0.76;;no
TAC641153;حجر حف موج زركونيوم (معدن-ستالس-نحاس) 4.5 انش فتحة 22.2 مم TOTAL G80;0.76;;no
TAC641253;حجر حف موج زركونيوم (معدن-ستالس-نحاس) 5 اش فتحةة 22.2 مم TOTAL G80;0.79;;no
TAC651151;حجر حف برداغ شامل 4.5 انش فتحة 22.2 مم TOTAL;2.76;;no
TAC7100001;مجموعة برداغ 10 قطع 230*280 نعومة 1000 ماركة TOTAL;1.18;;no
TAC7111151;كوشوكة تلميع مع فلنجة قطر 115 مم 4.5 انش TOTAL;1.51;;no
TAC7111801;كوشوكة بوليش جلخ مطاط 7 انش مع فلنج وعزقة;2.44;;no
TAC7120001;مجموعة برداغ 10 قطع 230*280 نعومة 1200 ماركة TOTAL;1.18;;no
TAC7121151;كوشوكة تلميع بدون فلنجة قطر 115 مم 4.5 انش TOTAL;1.78;;no
TAC7121801;كوشوكة برداغ+ بوليشPP تلزيق جلخ 7 انش مع عزقة;2.53;;no
TAC7150001;مجموعة برداغ 10 قطع 230*280 نعومة 1500 ماركة TOTAL;1.18;;no
TAC7200001;مجموعة برداغ 10 قطع 230*280 نعومة 2000 ماركة TOTAL;1.18;;no
TAC721801;لبادة جلخ بوليش صوف قياس 180مم موديل TOTAL;2.34;;no
TAC731251;ورق برداغ 125 مم دائرية نعومة P 80 /3 , P120/2 مجموعة 5 قطع TOTAL;0.87;;no
TAC7312511;ورق برداغ 125 مم 5 انش 50 قطعة قياسات مختلفة 60-80-120-180 ماركة TOTAL;3.88;;no
TAC731501;ورق برداغ 150 مم دائرية نعومة P 80 /3 , P120/2 مجموعة 5 قطع TOTAL;0.85;;no
TAC7315011;برداغ لزوم حفافة صحن برم 50 قطعة قياس 150 مم -10*40+15*80+15*120+10*180 TOTAL;5.27;;no
TAC732251;ورق برداغ 225 مم 6 قطع لزوم حفافة TWS10501 ماركة TOTAL;2.14;;no
TAC74914112;ورق برداغ 145 × 114 نعومة P 80 /3 , P120/2 مجموعة 5 قطع TOTAL;0.37;;no
TAC749241-1;ورق برداغ 90 × 231 نعومة P 80 /3 , P120/2 مجموعة 5 قطع TOTAL;0.33;;no
TAC74926115;ورق برداغ 264 × 115 نعومة P120/5 مجموعة 5 قطع TOTAL;0.56;;no
TAC750802;طقم 2 قطعة رول ورق برداغ لزوم حفافة TBS12001;1.11;;no
TAC7510201;ريشة مخروطية 20-10 ملم حديث صناعي على كرت ماركة TOTAL;4.39;;no
TAC75104501;ريشة مخروطية 10-45 ملم حديث صناعي على كرت ماركة TOTAL;13.02;;no
TAC7542201;ريشة مخروطية 4-22 ملم حديث صناعي على كرت ماركة TOTAL;4.21;;no
TAC7563501;ريشة مخروطية 6-35 ملم حديث صناعي على كرت ماركة TOTAL;7.53;;no
TAC7563801;ريشة مخروطية 6-38 ملم حديث صناعي على كرت ماركة TOTAL;10.24;;no
TAC78080201;مجموعة ورق برداغ دلتا 20 قطعة لزوم جهاز متعدد الوظائف TS3006-TMLI2001 ماركة TOTAL;1.15;;no
TAC78080202;مجموعة ورق برداغ دلتا موف 20 قطعة لزوم جهاز متعدد الوظائف TS3006-TMLI2001 صناعي ماركة TOTAL;1.49;;no
TAC8210451;ريشة مخروطية 10-45 ملم حديث على كرت ماركة TOTAL;15.32;;no
TAC918151;كبسات مسامير طول 15 مم عدد 5000 قطعة ماركة TOTAL;1.46;;no
TAC918183;كبسات مسامير بيتون طول 18 مم 1000 قطعة لزوم TAT8641 ماركة TOTAL;2.57;;no
TAC918201;كبسات مسامير طول 20 مم عدد 5000 قطعة ماركة TOTAL;1.82;;no
TAC918251;كبسات مسامير طول 25 مم TOTAL كرتونة صغيرة تحوي 5000;2.21;;no
TAC918252;كبسات قياس 5.7 × 25 مم كرتونة 2500 كبسة لزوم TAT81501, TCSNLI6005, TCSNLI6008 ماركة TOTAL;2.35;;no
TAC918253;كبسات مسامير بيتون طول 25 مم 1000 قطعة لزوم TAT8641 ماركة TOTAL;2.62;;no
TAC918301;كبسات مسامير طول 30 مم عدد 5000 قطعة ماركة TOTAL لزوم خشب;2.53;;no
TAC918323;كبسات مسامير بيتون طول 32 مم 1000 قطعة لزوم TAT8641 ماركة TOTAL;3.14;;no
TAC918351;كبسات مسامير طول 35 مم عدد 5000 قطعة ماركة TOTAL;3.04;;no
TAC918352;كبسات قياس5.7 × 35مم كرتونة 2500 كبسة لزوم TAT81501, TCSNLI6005, TCSNLI6008 ماركة TOTAL;3.29;;no
TAC918356;كبسات مسامير طول 35 مم 6000 قطعة لزوم TCBNLI3508,TCBNLI5005,TCBNLI5008, TCBNLI2005, TCBNLI2008 ماركة TOTAL;3.6;;no
TAC918381;كبسات مسامير طول 38 مم عدد 5000 قطعة ماركة TOTAL;3.24;;no
TAC918382;كبسات مسامير طول 38 مم عدد 2500 قطعة لزوم TAT81501, TCSNLI6005, TCSNLI6008 ماركة TOTAL;3.39;;no
TAC918383;كبسات مسامير بيتون طول 38 مم 1000 قطعة لزوم الكباسة TAT8641 ماركة TOTAL;3.65;;no
TAC918401;كبسات مسامير طول 40 مم عدد 5000 قطعة ماركة TOTAL;3.42;;no
TAC918402;كبسات قياس 40 × 25 مم كرتونة 2500 كبسة لزوم TAT81501, TCSNLI6005, TCSNLI6008 ماركةTOTAL;3.73;;no
TAC918501;كبسات مسامير طول 50 مم TOTAL كرتونة صغيرة تحوي 5000;4.23;;no
TAC918503;كبسات مسامير بيتون طول 50 مم 1000 قطعة لزوم الكباسة TAT8641 ماركة TOTAL;4.7;;no
TAC918643;كبسات مسامير بيتون طول 64 مم 1000 قطعة لزوم الكباسة TAT8641 ماركة TOTAL;6.16;;no
TAC920251;برغي ستريب 50 برغي علبة 1000 لزوم مخزن لزوم مثقب جبسمبورد TOTAL;7.32;;no
TAC938660;ورق برداغ 60 قطعة لزوم حفافة هرمية ماركة TOTAL;5.37;;no
TAC97630;مجموعة احجار قص و جلخ معدن قياس 3 انش ( 20 حجر قص سماكة 1.2 مم + 4 حجر جلخ سماكة 4 مم + 4 ديسك قص الماس باطون +2 حجر حف نعومة 80 ) TOTAL;10.83;;no
TACB0301;"مجموعة فرشاة مقثب 3 قطع متعددة الاستعمال """"2.5 خشن قاسي - """"3.5 ناعم - """"4 خشن وسط حديث صناعي TOTAL";4.85;;no
TACB0701;مجموعة فرشاة مثقب تنظيف 7 قطع متعددة الاستعمال حديث صناعي ماركة TOTAL;9.37;;no
TACB1101;مجموعة فرشاة مثقب تنظيف 11 قطعة متعددة الاستعمال مع عصا 6 انش حديث صناعي ماركة TOTAL;12.42;;no
TACGT1071;سيليكون حراري قطر 7 ملم على كرت 12 قطعة TOTAL;0.58;;no
TACGT2061;سيليكون حراري قطر 11.2 ملم على كرت 6 قطع TOTAL;1.16;;no
TACGT3011;سيليكون حراري عبوة 1 كغ ماركة TOTAL;6.83;;no
TACH0301;مجموعة فرشاة تنظيف سوداء خشنة قاسية شكل كوب مع عصا حديث صناعي ماركة TOTAL;4.31;;no
TACH1235;مجموعة فرشاة مثقب تنظيف خشنة قاسية دائرية سوداء 2-3.5 انش حديث صناعي على كرت ماركة TOTAL;2.62;;no
TACH1401;فرشاة مثقب تنظيف خشنة قاسية 4 انش دائرية سوداء صناعي على كرت ماركة TOTAL;1.72;;no
TACHS20021;مشرط قشط طول 20 سم مع نصلة حديث TOTAL;1.38;;no
TACIM16HL133;راس شد طرق مزدوج شق + مصالب علبة 10 قطع طول 65 مم صناعي ماركة TOTAL;2.44;;no
TACIM16PH223;راس شد طرق مصالب PH2*50 علبة 10 قطع ماركة TOTAL;2.45;;no
TACIM16PH233;راس شد طرق مصالب مزدوج PH2 علبة 10 قطع طول 65 مم صناعي ماركة TOTAL;2.6;;no
TACIM16PH263;راس شد طرق مصالب PH2*150 علبة 10 قطع ماركة TOTAL;6.32;;no
TACIM16PH285;راس شد طرق مصالب PH2*200 علبة 10 قطع ماركة TOTAL;7.96;;no
TACIM16T25103;راس شد طرق مشرشر T25*250 علبة 10 قطع ماركة TOTAL;10.91;;no
TACIM16T2563;راس شد طرق مشرشر نجمة T25*150 علبة 10 قطع ماركة TOTAL;6.32;;no
TACIM16T2583;راس شد طرق مشرشر 200 × 25 T علبة 10 قطع ماركة TOTAL;8.97;;no
TACIM71PH1100;راس شد طرق مصالب PH1*100 مم ماركة TOTAL;0.58;;no
TACIM71PH1150;راس شد طرق مصالب PH1*150 ماركة TOTAL;0.72;;no
TACIM71PH1200;راس شد طرق مصالب PH1*200 مم ماركة TOTAL;0.94;;no
TACIM71PH125;راس شد طرق مصالب PH1*250 طقم 2 قطعة ماركة TOTAL;0.34;;no
TACIM71PH1250;راس شد طرق مصالب PH1*250 مم ماركة TOTAL;1.1;;no
TACIM71PH150;راس شد طرق مصالب PH1*50 طقم 2 قطعة ماركة TOTAL;0.54;;no
TACIM71PH2100;راس شد طرق مصالب PH2*100 مم ماركة TOTAL;0.58;;no
TACIM71PH2150;راس شد طرق مصالب PH2*150 مم ماركة TOTAL;0.72;;no
TACIM71PH2200;راس شد طرق مصالب PH2*200 مم ماركة TOTAL;0.94;;no
TACIM71PH225;راس شد طرق مصالب PH2*25 طقم 2 قطعة ماركة TOTAL;0.38;;no
TACIM71PH2250;راس شد طرق مصالب PH2*250 مم ماركة TOTAL;1.1;;no
TACIM71PH250;راس شد طرق مصالب PH2*50 طقم 2 قطعة ماركة TOTAL;0.54;;no
TACIM71PH350;راس شد طرق مصالب PH3*50 طقم 2 قطعةماركة TOTAL;0.54;;no
TACIM71SL450;راس شد طرق شق SL4*50 طقم 2 قطعة ماركة TOTAL;0.54;;no
TACIM71SL550;راس شد طرق شق SL5*0.8*50 طقم 2 قطعة ماركة TOTAL;0.54;;no
TACIM71SL650;راس شد طرق شق SL6*50 طقم 2 قطعة ماركة TOTAL;0.54;;no
TACIM72HL665;راس شد طرق مزدوج شق + مصالب طقم 2 قطعة ماركة TOTAL;0.69;;no
TACIM72PH265;راس شد طرق مصالب مزدوج PH2*65 طقم 2 قطعة ماركة TOTAL;0.69;;no
TACLI2001;كمبرسور هواء بطارية 20 فولت 10 بار بدون بطارية و شاحن TOTAL;22.48;;no
TACLI20011;كمبرسور هواء بطارية 20 فولت 10 بار مع بطارية وشاحن TOTAL;0;;no
TACLI2002;كمبرسور مع منفاخ هواء بطارية 20 فولت +وصلة قداحة 12 فولت مع ليد 11 بار بدون بطارية TOTAL;45.18;;no
TACLI20021;كمبرسور مع منفاخ هواء بطارية 20 فولت +وصلة قداحة 12 فولت مع ليد 11 بار مع بطارية + شاحن TOTAL;60.82;;no
TACLI2003;كمبرسور ضاغط هواء بطارية 40 فولت 6 ليتر بدون بطارية وشاحن TOTAL;146.89;;no
TACLI2018;كمبرسور هواء بسطون واحد بطارية 20 فولت 10 بار بدون بطارية و شاحن حديث TOTAL;16.04;;no
TACLI2026;كمبرسور ضاغط هواء بطارية 20 فولت بسطونين ضغط 120 PSI بدون بطارية و شاحن TOTAL;31.81;;no
TACM1041;فرشاة مثقب تنظيف خشنة وسط 4 انش دائرية زرقاء على كرت حديث صناعي ماركة TOTAL;1.72;;no
TACM1360;فرشاة مثقب تنظيف خشنة وسط شكل كوب زرقاء على كرت حديث صناعي ماركة TOTAL;1.88;;no
TACM2235;مجموعة فرشاة مثقب تنظيف خشنة وسط دائرية زرقاء 2- 3.5 انش حديث صناعي على كرت ماركة TOTAL;2.62;;no
TACM2335;مجموعة فرشاة مثقب تنظيف خشنة وسط شكل كوب - دائري زرقاء 3.5 انش حديث صناعي على كرت ماركة TOTAL;2.89;;no
TACM3001;مجموعة فرشاة مثقب تنظيف 3 قطع متعددة الاستعمال حديث صناعي على كرت ماركة TOTAL;4.06;;no
TACS1401;فرشاة مثقب تنظيف ناعمة 4 انش دائرية بيضاء على كرت حديث صناعي ماركة TOTAL;1.72;;no
TACS3235;مجموعة فرشاة مثقب تنظيف ناعمة دائرية بيضاء 2- 3.5 انش حديث صناعي على كرت ماركة TOTAL;2.68;;no
TACSD0065;طقم ريش حديد 6 قطع صناعي 2-3-4-5-6-8 مم مم موديل TOTAL;1.97;;no
TACSD0075;طقم ريش حديد 7 قطع طراز HSS4341 من 2 مم حتى 6 مم ماركة TOTAL;1.62;;no
TACSD0095;طقم ريش حديد 9 قطع طراز HSS4341 من 2مم حتى 10مم ماركة TOTAL;3.88;;no
TACSD0125;طقم ريش حديد 12 قطع 2-2.5-3-3.5-4-4.5-5-5.5-6-6.5-7-8 مم موديل TOTAL;2.39;;no
TACSD0195;طقم ريش حديد HSS4341 عدد 19 ( 1 مم الى 10 مم ) TOTAL;5.24;;no
TACSD0251;طقم ريش حديد 25قطع 1-13 مم موديل TOTAL;37.63;;no
TACSD0605;طقم ريش حديد 6 قطع 2-8 مم موديل TOTAL;1.33;;no
TACSD0801;طقم ريش حديد 8 قطع HSSمن 2 - 8 مم ماركة TOTAL;1.2;;no
TACSD10306;مجموعة راس شد مثقب 30 قطعة شق + مصالب + نجمة + مسدس TOTAL;3.87;;no
TACSD12501;طقم احجار 250 قطعة لزوم جلخ محوري 3.2مم ضمن علبة بلاستيكTOTAL;12.37;;no
TACSD13571;طقم احجار جلخ محوري + اكسسوارات 357 قطعة ضمن حقيبة بلاستيك TOTAL;17.94;;no
TACSD18306;مجموعة راس شد طرق 30 قطعة شق + مصالب + نجمة + مسدس TOTAL;5.22;;no
TACSD19101;طقم 10 قطع ريش (6-8-10-12-14-16) وازاميل SDS ماركة TOTAL;9.08;;no
TACSD1945;طقم ريش 4 قطع SDS plus ماركة TOTAL;2.87;;no
TACSD2031;مجموعة ريش مخروطية 3 قطع قطر 6 (4-12)+ 8 (20-4)+ 10 (32-4)مم ماركة TOTAL;12.87;;no
TACSD2041;مجموعة ريش مخروطية 3 قطع قطر 6 (4-12)+ 8 (20-4)+ 10 (32-4)مم ماركة TOTAL مع سنبك;16.37;;no
TACSD2051;مجموعة ريش مخروطية 5 قطع قطر (4-12) عدد 2 + (6-18)+ ( 22-4)+(6-35)مم ماركة TOTAL;20.33;;no
TACSD2061;مجموعة ريش مخروطية 6 قطع قطر 6 (4-12)+ 8 (20-4)+ 10 (32-4)مم ماركة TOTAL مع 3 ريش;15.71;;no
TACSD30086;طقم مفك براغي 8 قطع متغير الراس TOTAL;1.99;;no
TACSD30136;مفك براغي طقطاق 13 قطعه ماركة قابل للتمييل TOTAL;2.17;;no
TACSD30156;طقم مفك براغي 15 قطعه طقطاق براغي + جوز ماركة TOTAL;4.87;;no
TACSD30186;طقم مفك براغي 24 قطعه شكل حرف T طقطاق براغي + جوز ماركة TOTAL;2.74;;no
TACSD30246;طقم مفك براغي 24 قطعه طقطاق براغي طقطاق براغي ماركة TOTAL;3.63;;no
TACSD302462;طقم مفك براغي 24 قطعة مفكات( شق + مصالب ) + رؤوس ( شق+ مصالب+ مسدس + نجمة) TOTAL;3.93;;no
TACSD30256;طقم مفك براغي 25 قطعه موديل T طقطاق براغي مع رؤوس شد متعددة ضمن علبة بلاستيك ماركة TOTAL;7.88;;no
TACSD30266;طقم مفك براغي 26 قطعه طقطاق براغي 26 قطعه ماركة TOTAL;6.68;;no
TACSD30316;طقم مفك براغي 31 قطعه طقطاق + جوز موديل T-HANDLE ماركة TOTAL;2.82;;no
TACSD30326;طقم مفك براغي 32 قطعة براغي شامل + موبايل TOTAL;4.44;;no
TACSD30336;طقم مفك براغي 33 قطعه طقطاق براغي + جوز + رؤوس شد + تطويلة ماركة TOTAL;8.3;;no
TACSD30376;طقم مفك براغي اعمال دقيقة 37 قطعة شامل + موبايل+ تطويلة ماركة TOTAL;3.99;;no
TACSD30456;طقم مفك براغي اعمال دقيقة علبتين 45 قطعة شامل موبايل + ساعاتي ضمن علبة بلاستيك TOTAL;5.54;;no
TACSD30476;طقم مفك براغي 47 قطعة طقطاق موديل T مجموعة راس مفك ماركة TOTAL;6.64;;no
TACSD30556;طقم مفك براغي 55 قطعة طقطاق براغي + جوز ماركة TOTAL;6.59;;no
TACSD3091;طقم حامل راس شد + 9 قطعة (شق + مصالب ) ماركةTOTAL;1.59;;no
TACSD3165;طقم ريش 16 قطعة حديد+باطون+راس مفك موديل TOTAL;3.13;;no
TACSD4041;طقم ريش حديد 4 قطع 1.5-2.5-3.5-4 مم موديل TOTAL;2.21;;no
TACSD5051;طقم ريش باطون ألماس 5 قطع 4-5-6-8-10 مم مم موديل TOTAL (( صناعي ));3.18;;no
TACSD5055;طقم ريش باطون ألماس 5 قطع 4-5-6-8-10 مم موديل TOTAL;1.78;;no
TACSD5081;طقم ريش باطون ألماس8 قطع موديل TOTAL;5.14;;no
TACSD6165;طقم ريش حديد2*8 +باطون4*10 +خشب4*10- 16قطع موديل TOTAL صناعي;6.16;;no
TACSD70131;طقم ريش حفر خشب مبسط 13 قطعة من 6 -38 (( صناعي )) TOTAL;12.08;;no
TACSD7055;طقم ريش خشب 5 قطع ( 3-4-5-6-8 ) TOTAL;0.99;;no
TACSD7056;طقم ريش حفر خشب 5 قطع 4 - 5 - 6 - 8 - 10 مم ماركة TOTAL;1.58;;no
TACSD7156;طقم ريش متعدد الوظائف 4-5 6-8-10 ماركة TOTAL لزوم معدن+سيراميك +باطون;6.41;;no
TACSD7256;طقم ريش حفر زجاج 5 قطع قياس 4-5-6-8-10- ماركة TOTAL;8.04;;no
TACSD7386;طقم نصلات خراقة 2 حديد + 1 المنيوم + 5 خشب \ صناعي \ TOTAL;2.27;;no
TACSD91701;طقم 17 قطعة ريش وازاميل SDS حقيبة قماشية صناعي ماركة TOTAL;16.64;;no
TACSDB1901;طقم ريش 19 قطعة ريشة باطون 4 قطع + ريشة حديد 7 قطع + لقمة راس مفك 8 قطع ماركة TOTAL;2.52;;no
TACSDL10801;مجموعة 8 قطع رؤوس جلخ محوري من التنغستين TOTAL;30.74;;no
TACSDL11206;طقم ريش حديد 12 قطعة HSS4341 من 1 -10 مم ماركة TOTAL;7.23;;no
TACSDL11306;مجموعة راس شد طرق 31 قطعة رؤوس شد + جوز TOTAL;8.87;;no
TACSDL11601;طقم ريش 16 قطعة حديد وباطون و خشب TOTAL;4.74;;no
TACSDL11606;طقم 16 قطعة ريش حديد + باطون + خشب موديل حديث ماركة TOTAL;7.77;;no
TACSDL11608;طقم ريش 16 قطعة لزوم مثقب شد (باطون+حديد+خشب ) قوة مضاعفة ضمن علبة بلاستيك TOTAL;6.79;;no
TACSDL11806;طقم 8 قطع ريش SDS صناعي ماركة TOTAL;6.86;;no
TACSDL1201;طقم 12 قطعة ريش نجارين 6-32 مم صناعي TOTAL;11.08;;no
TACSDL12201;طقم ريش 22 قطعة بللور وباطون مع راس مفك 8 قطع TOTAL;14.86;;no
TACSDL24408;مجموعة رؤوس شد + جوز 44 قطعة TOTAL;11.78;;no
TACSDL24501;طقم 45 قطعة راس مفك وريش و جوز ضد الالتواء صناعي TOTAL;13.95;;no
TACSDL24502;طقم 45 قطعة راس مفك وريش و جوز رجاج صناعي TOTAL;16.2;;no
TACSDL24906;مجموعة راس شد رجاج 49 قطعة رؤوس شد شق + مصالب طويل + قصير + جوز + ريشة +ضمن علبة بلاستيك TOTAL صناعي;12.77;;no
TACSDL25106;مجموعة راس شد رجاج 51 قطعة رؤوس شد شق + مصالب طويل + قصير + جوز ضمن علبة بلاستيك TOTAL;12.77;;no
TACSDL30901;طقم 9 قطعة ريش SDS صناعي TOTAL;10.21;;no
TACSDL30906;طقم 9 قطع ريش SDS من 16 - 6 مم صناعي ماركة TOTAL;10.61;;no
TACSDL31101;طقم 11 قطعة ريش صناعي TOTAL;8.51;;no
TACSDL51501;طقم 15 قطعة ريش بولاد TOTAL;9.71;;no
TACSDL51502;طقم 15 قطعة ريش صناعي M2- TOTAL;23.34;;no
TACSDL51506;طقم ريش حديد 15 قطعة 12-1 مم صناعي ماركة TOTAL;10.28;;no
TACSDL51508;طقم ريش حديد 15 قطعة 12-1 مم M2 صناعي ماركة TOTAL;14.26;;no
TACSDL61401;مجموعة ريش مخروطية 14 قطعة + ريش حديد صناعي ماركة TOTAL;19.25;;no
TACSDL63306;مجموعة راس شد رجاج 33 قطعة رؤوس شد شق + مصالب طويل + قصير + جوز ضمن علبة بلاستيك TOTAL;10.01;;no
TACSE0051;طقم قلووظ 5 قطع صناعي سن شمال من 3 حتى 18;2.58;;no
TACSE0056;طقم قلووظ 5 قطع من 3 الى 18 مم سن شمال ماركة TOTAL;3.15;;no
TACSE0061;طقم قلووظ 6 قطع سن شمال من 3 حتى 25 مم صناعي ماركة TOTAL;3.51;;no
TACSH0131;طقم كاسات حفر معدن 13 قطع TOTAL ضمن حقيبة مميزه - فتاحة صاج;25.2;;no
TACSH1071;طقم كاسات حفر معدن + خشب 7 قطع مع حامل ماركة TOTAL;9.18;;no
TACSH1121;طقم كاسات حفر معدن 12 قطع TOTAL (( صناعي )) ضمن حقيبة مميزه - فتاحة صاج -;29.36;;no
TACSH2071;طقم كاسات حفر رخام 7 قطع TOTAL ضمن حقيبة بلاستيك;14.88;;no
TACSH3071;طقم كاسات حفر خاص للخشب 7 قطع TOTAL (( صناعي ));2.75;;no
TACSR0121;طقم احجار حفر روتر محوري 12 قطعة 6 مم TOTAL (( صناعي )) ضمن علبة خشبية;11.25;;no
TACSR12406;طقم احجار حفر روتر محوري 24قطعة 6 مم TOTAL (( صناعي )) ضمن علبة بلاستيكية;32.86;;no
TACSR12412;طقم احجار حفر روتر محوري 24قطعة 12مم TOTAL (( صناعي )) ضمن علبة بلاستيكية;32.86;;no
TACSR2121;طقم احجار حفر روتر محوري 12 قطعة 12 مم TOTAL (( صناعي )) ضمن علبة خشبية;11.25;;no
TAGLI1151;جلخ بطارية 20 فولت 4.5 انش BL بدون شاحن وبطارية محرك 4 اقطاب TOTAL;39.61;;no
TAGLI1152;جلخ بطارية 20 فولت 4.5 انش BL صناعي ماركة TOTAL;49.72;;no
TAGLI16762;جلخ بطارية 16 فولت 3 انش 90 درجة +بطارية 2 امبير عدد 2 + شاحن + اكسسوارات ضمن حقيبة بلاستيك TOTAL;52.13;;no
TAGLI201158;جلخ بطارية 20 فولت 4.5 انش BL بطارية TOTAL;36.33;;no
TAGLI2011582;جلخ بطارية 20 فولت 4.5 انش BL + بطارية 4 امبير عدد 2 + شاحن +10 احجار ماركة TOTAL ضمن حقيبة قماشية;101.02;;no
TAGLI20157;جلخ بطارية 20 فولت 4.5 انش BL موديل حديث ماركة TOTAL يد ABS;38.58;;no
TAGLI207625;جلخ زاوية 3 انش 90 درجة بطارية 20 فولت + بطارية 2 امبير + شاحن + اكسسوارات ضمن حقيبة بلاستيك ماركة TOTAL;40.5;;no
TAGLI2111561;جلخ بطارية 20 فولت 4.5 انش 1000 واط BL + بطارية 4 امبير + شاحن + 10 قطع حجر قص ضمن حقيبة بلاستيك ماركة TOTAL;72.55;;no
TAGLI21154;جلخ بطارية 20 فولت 4.5 انش BL يد ABS بدون مرفقات ماركة TOTAL;27.8;;no
TAGLI211541;جلخ بطارية 20 فولت 4.5 انش BL بطارية 4 امبيرعدد 1+ شاحن + 10 احجار قص + حقيبة بلاستيك محرك بدون فحمات TOTAL;60.14;;no
TAGLI211542;جلخ بطارية 20 فولت 4.5 انش BL بطارية 4 امبير عدد 2+شاحن 2 +10 احجار قص ماركة TOTAL;83.26;;no
TAGLI212025;جلخ بطارية 20 فولت 4.5 انش 1200 واط BL قبضة مانع اهتزاز بدون بطارية وشاحن TOTAL;33.75;;no
TAGLI2120252;جلخ بطارية 20 فولت 4.5 انش 1200 واط BL قبضة مانع اهتزاز + بطارية 5 امبير عدد 2 + شاحن 4 امبير+ اكسسوارات ضمن حقيبة بلاستيك TOTAL;86.78;;no
TAGLI212027;جلخ بطارية 20 فولت 5 انش 1200 واط BL قبضة مانع اهتزاز 3 سرعات بدون بطارية وشاحن TOTAL;34.72;;no
TAGLI2120272;جلخ بطارية 20 فولت 5 انش 1200 واط BL قبضة مانع اهتزاز + بطارية 5 امبير عدد 2 + شاحن 4 امبير+ اكسسوارات ضمن حقيبة بلاستيك TOTAL;86.78;;no
TAGLI221153;جلخ بطارية 20 فولت 4.5 انش 1200 واط BL بدون بطارية وشاحن TOTAL;38.61;;no
TAGLI2211532;جلخ بطارية 20 فولت 4.5 انش 1200 واط BL + بطارية 5 امبير عدد 2 + شاحن 4 امبير + مجموعة احجار قص ضمن حقيبة بلاستيك TOTAL;96.53;;no
TAGLI221253;جلخ بطارية 20 فولت 5 انش 1200 واط BL بدون بطارية وشاحن TOTAL;39.58;;no
TAGLI261521;جلخ بطارية 20 فولت 4.5 انش 900 واط BL + بطارية 4 امبير عدد 1 + شاحن + 5 حجار قص TOTAL;45.32;;no
TAGLI261522;جلخ بطارية 20 فولت 4.5 انش 900 واط BL + بطارية 4 امبير وشاحن ضمن حقيبة بلاستيك TOTAL;64.61;;no
TAGLI27153;جلخ بطارية 20 فولت 4.5 انش 1000 واط BL بدون بطارية و شاحن TOTAL;26.84;;no
TAGLI271531;جلخ بطارية 20 فولت 4.5 انش 1000واط BL+ بطارية 4 امبير عدد 1+ شاحن + 10 احجار قص ضمن حقيبة بلاستيك TOTAL;55.92;;no
TAGLI271532;جلخ بطارية 20 فولت 4.5 انش 1000 واط BL + بطارية 4 امبير عدد 2+ شاحن + 10 احجار قص ضمن حقيبة بلاستيك TOTAL;68.46;;no
TAGLI4108112;جلخ بطارية 42 فولت 4.5 انش 1080 واط BL +بطارية 2 امبير عدد 2 + شاحن+ مجموعة احجار قص + حجر حف ضمن حقيبة بلاستيك TOTAL;83.57;;no
TAGLI4128112;جلخ بطارية 42 فولت 4.5 انش 1280 واط BL + بطارية 2.5 امبير عدد 2 + مجموعة احجار قص + حجر حف ضمن حقيبة بلاستيك TOTAL;98.03;;no
TAGLI7601;جلخ بطارية 20 فولت 3 انش 90 درجة مع 7 احجار بدون بطارية و شاحن صناعي ماركة TOTAL;19.44;;no
TAHS181511;زاوية 360 درجة طول 15 سم مربعة ماركة TOTAL;3.32;;no
TAHS3011;زاوية 75 درجة طول 30 سم مربعة ماركة TOTAL;5.09;;no
TAIRLI208;طقطاق لشد البراغي زاوية 1/4 انش بطارية 20 فولت 80 نيوتن BL+ بطارية 2 امبير عدد 2 + شاحن + جوز 13-17-19 ضمن حقيبة بلاستيك ماركة TOTAL;69.43;;no
TAIWLI208;طقطاق زاوية 3/8 بطارية 20 فولت 80 نيوتن BL+ بطارية 2 امبير عدد 2 + شاحن + جوز 13-17-19 ضمن حقيبة بلاستيك ماركة TOTAL;69.43;;no
TAKB0501;طقم احجار جلخ محوري 6 مم 5 قطع لزوم جلخ TG504062 نTOTAL;1.52;;no
TAKB0502;طقم حجر جلخ محوري 400 واط عدد 5 قطع لزوم TG55061 ماركة TOTAL;0.92;;no
TAKB1001;طقم حجر جلخ محوري عدد 10 قطع لزوم TG55061 + TG513326 ماركة TOTAL;1.21;;no
TAKB1012;طقم حجر جلخ محوري 130 واط عدد 10 قطع لزوم TG513326 TMGLI12011 ماركة TOTAL;0.98;;no
TAKC0651;مجموعة رؤوس جلخ محوري كربيد التنغستين 6 مم 5 قطع ضمن علبة بلاستيك TOTAL;17.45;;no
TAKC1001;رأس جلخ محوري كربيد التنغستين 6 مم شكل كأس طويل على كرت ماركة TOTAL;4.47;;no
TAKC1002;رأس جلخ محوري كربيد التنغستين 6 مم شكل هرمي عريض على كرت ماركة TOTAL;4.13;;no
TAKC1003;رأس جلخ محوري كربيد التنغستين 6 مم شكل هرمي ضيق على كرت ماركة TOTAL;4.13;;no
TAKC1004;رأس جلخ محوري كربيد التنغستين 6 مم شكل كأس قصير على كرت ماركة TOTAL;3.82;;no
TAKC1005;رأس جلخ محوري كربيد التنغستين 6 مم شكل هرمي وسط على كرت ماركة TOTAL;4.13;;no
TAKD2608M;علبة ريش فارغة 4 طبقات TOTAL;20.18;;no
TAKD2608M-1;طقم ريش 260 قطعة ضمن علبة كرتون TOTAL;181.34;;no
TAKMG3013;طقم احجار جلخ محوري 13 قطعة ضمن علبة بلاستيك حديث ماركة TOTAL;2.08;;no
TAKMG4208;طقم احجار جلخ محوري 420 قطعة ضمن علبة بلاستيك حديث ماركة TOTAL;10.52;;no
TAKSDB9195;طقم ريش 19 قطعة من 1 مم حتى 10 مم ماركة TOTAL;4.49;;no
TAKTMT1502;مجموعة اكسسوارات 15 قطعة لزوم الجهاز TS3006 متعدد الوظائف TOTAL;5.77;;no
TAKTMT2301;مجموعة احجار 23 قطعة لزوم جهاز متعدد الوظائف TOTAL;20.06;;no
TALS1601;خيط حشاشة قطعتين 1.6 مم طول 5 متر مناسب ل (TGTLI20018,TGTLI20301,UTGTLI20301,TGTLI20328,TGTLI203285,UTGTLI203285) ماركة TOTAL;2.95;;no
TALS1602;"""خيط حشاشة اربع قطع 1.6 مم طول 5 متر مناسب TGTLI20018,TGTLI20301,UTGTLI20301,TGTLI20328,TGTLI203285,TGTLI203285,TGTLI20328 ماركة TOTAL""";4.34;;no
TAMWH25032;زاوية لحام 3 انش 45.90.135 درجة ماركة TOTAL;1.25;;no
TAMWH25036;زاوية لحام 3 انش 9 زوايا 30 درجة الى 150 درجة ماركة TOTAL;1.92;;no
TAMWH4001;طقم زوايا لحام 4 قطع ماركة TOTAL;2.69;;no
TAMWH50042;زاوية لحام 4 انش 45.90.135 درجة ماركة TOTAL;2.05;;no
TAMWH50046;زاوية لحام 4 انش 75-45-30-135-120-105 درجة ماركة TOTAL;2.89;;no
TAMWH6002;طقم زوايا لحام 6 قطع ماركة TOTAL;4.45;;no
TAMWH7006;طقم زوايا لحام 7 قطع ماركة TOTAL;8.21;;no
TAMWH75052;زاوية لحام 5 انش 45.90.135 درجة ماركة TOTAL;3.69;;no
TAMWH75056;زاوية لحام 5 انش 9 زوايا 30 درجة الى 150 درجة ماركة TOTAL;5.67;;no
TAPLI1676;مثقب بوليش بطارية 16 فولت + بطارية 2 امبير عدد 2 + شاحن + اكسسوارات ضمن حقيبة بلاستيك ماركة TOTAL;49.18;;no
TAPLI2001;جلخ بطارية 20 فولت 6 انش بوليش بدون بطارية وشاحن TOTAL;71.71;;no
TAPLI2002;جلخ بطارية 20 فولت 5 انش بوليش دوران لامركزي بدون بطارية وشاحن صناعي ماركة TOTAL;78.42;;no
TAPLI20188;جلخ بوليش بطارية 20 فولت 7 انش BL + بطارية 4 امبير + شاحن + اكسسوارات ضمن حقيبة بلاستيك TOTAL;78.55;;no
TAPLI42152;جلخ بطارية 42 فولت 6 انش BL بوليش دوران لا مركزي + بطاريتين 2 امبير +شاحن + 3 قطع اسفنج ضمن حقيبة بلاستيك TOTAL;116.67;;no
TAPLI42182;جلخ بطارية 42 فولت 7 انش بوليش + بطاريتين 2 امبير +شاحن + 3 قطع اسفنج ضمن حقيبة بلاستيك TOTAL;111.85;;no
TAT10121;مفتاح طقطاق 1/2 انش على الهواء عزم 68 نيوتن صناعي ماركة TOTAL;23.73;;no
TAT10401;فرد بخ دهان 0.4 لتر فالة 1.5 مم خزان ستانلس للظل TOTAL;9.01;;no
TAT10402;فرد بخ دهان 0.4 لتر فالة 1.5 خزان ستانلس مع عيار TOTAL (( صناعي ));10.37;;no
TAT10601;فرد بخ دهان 0.6 لتر فالة 1.4 خزان بلاستيك مع عيار TOTAL (( صناعي ));12.93;;no
TAT10605;فرد بخ دهان 0.6 لتر فالة 1.3 مم من اجل دهان سيارات للمحترفين ماركة TOTAL;43.17;;no
TAT11001;فرد بخ دهان 1 لتر فالة 1.5 مم عرض 14-18سم مع وصلات مختلفة ماركة TOTAL;10.01;;no
TAT11002;فرد بخ دهان 1 لتر فالة 1.8 مم TOTAL (( صناعي ));17.93;;no
TAT11004;فرد بخ دهان 1 لتر فالة 1.4 مم وجه نهائي TOTAL صناعي;16.56;;no
TAT11005;فرد بخ دهان 1 لتر فالة 1.8 مم TOTAL حديث;11.27;;no
TAT11601;فرد هواء مع ساعة 12 بار TOTAL;7.72;;no
TAT1205;فرد بخ 5 لتر فالة 4.5 مم +مواد عازلة (فلين) + دهان غريبي حديث ماركة TOTAL;19.26;;no
TAT20751;فرد غسيل مازوت 0.75 لتر TOTAL;5.94;;no
TAT3031;فرد هواء TOTAL;1.63;;no
TAT40111;فرد شد هواء 1 انش 3100 نيوتن TOTAL;174.1;;no
TAT40122;فرد شد هواء 1/2 انش 610 نيوتن ماركة TOTAL مطرقتين مع 3 جوز 17-19-21;36.28;;no
TAT40341;فرد شد هواء 3/4 انش 1355نيوتن TOTAL ((صناعي ));102.62;;no
TAT40342;فرد شد هواء 3/4 انش 1600 نيوتن TOTAL ((صناعي ));79.99;;no
TAT41112;فرد شد هواء 1 انش 1800 نيوتن TOTAL;75.47;;no
TAT41125;فرد شد هواء 1/2 انش 312 نيوتن ماركة TOTAL -جوز عدد 10 من 9-27 ضمن حقيبة بلاستيك;50.77;;no
TAT81501;كباسة على الهواء كبسات 16-40مم + مسامير 15-50 مم ماركةTOTAL;23.29;;no
TAT83301;كباسة مسامير على الهواء 10-30 مم لزوم خشب صناعي ماركة TOTAL;16.32;;no
TAT83501;كباسة مسامير على الهواء 15-50 مم GA18 ماركة TOTAL;23.29;;no
TAT84161;كباسة كبسات على الهواء 4-16 مم ماركة TOTAL;17.11;;no
TAT8641;كباسة مسامير باطون على الهواء 18-64مم ( صناعي ) TOTAL;38.09;;no
TAT91501;حفافة على الهواء صناعي ماركة TOTAL;40.77;;no
TAT91512;حفافة على الهواء 6 انش حديث ماركة TOTAL;31.52;;no
TATK051;طقم هواء 5 قطع TOTAL;20.92;;no
TATK053;طقم هواء 5 قطع فرد بخ دهان خزان بلاستيك ماركة TOTAL;16.74;;no
TB20036;كور هواء ساخن 2000 واط يد ABS صناعي ماركة TOTAL مع ثلاث اكسسوارات;17.31;;no
TB200365;كور هواء ساخن 2000 واط 350 - 550 درجة سرعتين صناعي ماركة TOTAL مع قطعة واحدة اكسسوارات;14.1;;no
TB20045;كور هواء ساخن 2000 واط مع قرص خلفي للتحكم بالحرارة (50-550) + اكسسوارات TOTAL حديث;19.72;;no
TB20056;كور هواء ساخن 2000 واط ديجيتال 3 سرعات مجال الحرارة (50-600) مع اكسسوارات TOTAL;24.58;;no
TB200561;كور هواء ساخن 2000 واط ديجتال + اكسسوارات (مشرط ومفك براغي و مشحاف ) ضمن حقيبة بلاستيك ماركة TOTAL;34.28;;no
TB2006;كور هواء ساخن 2000 واط (( صناعي )) TOTAL;21.46;;no
TB20062;كور هواء ساخن ديجيتال درجة الحرارة 630 - 50 درجة وهواء 200 - 500 ليتر ضمن حقيبة واكسسوار TOTAL;46.42;;no
TB20078;كور هواء ساخن 2000 وات مجال من 50 -550 C مع اكسسوارات ماركة TOTAL;13.41;;no
TB2046;كور هواء 400 واط TOTAL;14.31;;no
TB2066;كور هواء 600 واط متسارع TOTAL;22.15;;no
TB2086;كور هواء 800 واط ( شفط + دفش ) متسارع مع اكسسوارات TOTAL;32.88;;no
TB4036;كور هواء 400 واط TOTAL حديث;0;;no
TB6036;كور هواء 650 واط حديث صناعي ماركة TOTAL;15.47;;no
TB8036;كور هواء 800 واط ( شفط + دفع ) متسارع مع اكسسوارات حديث TOTAL;27.68;;no
TBA1011;مجموعة اكسسوار لزوم كور هواء ساخن 10 قطع ماركة TOTAL;5.37;;no
TBAFO712;مجموعة مطارق صواج 7 قطع ضمن حقيبة بلاستيك حديث ماركة TOTAL;25.31;;no
TBC1601;شاحن بطارية 12 امبير - 24 / 12 فولت TOTAL;39.18;;no
TBC4003;شاحن بطارية 40 امبير لزوم بطاريات 40-700 امبير ملف المنيوم صناعي TOTAL;126.75;;no
TBG15015;جلخ ثابت 150 واط TOTAL;25.1;;no
TBG35020;جلخ ثابت 350 واط TOTAL;49.33;;no
TBK11010;قفل دراجة 10 ملم طول 100 سم مع مفتاح ماركة TOTAL;2.97;;no
TBK11210;قفل دراجة 12 ملم طول 100 سم مع مفتاح ماركة TOTAL;3.27;;no
TBK11512;قفل دراجة 15 ملم طول 120 سم مع مفتاح ماركة TOTAL;3.9;;no
TBK12012;قفل دراجة 20 ملم طول 120 سم مع مفتاح ماركة TOTAL;5.97;;no
TBK21012;قفل دراجة 10 ملم طول 120 سم بدون مفتاح ماركة TOTAL;3.07;;no
TBLI12151;بطارية 12 فولت مستطيلة 1.5 امبير TOTAL;10;;no
TBLI12152;بطارية 12 فولت دائرية 1.5 امبير TOTAL;9.77;;no
TBLI12153;بطارية 12 فولت دائرية 1.5 امبير USP TYPE-C ماركة TOTAL;7.01;;no
TBLI16151;بطارية 16.8 فولت مستطيلة 1.5 امبير TOTAL;12.44;;no
TBLI20025;كور هواء ساخن بطارية 20 فولت + بطارية 4 امبير عدد 1+ شاحن ضمن حقيبة بلاستيك TOTAL;50.52;;no
TBLI20035;كور هواء ساخن بطارية 20 فولت ديجتال + بطارية 5 امبير + شاحن + اكسسوارات ضمن حقيبة بلاستيك TOTAL;65.55;;no
TBLI20085;كور هواء ساخن بطارية 20 فولت 580 C + بطارية 4 امبير عدد 2 + شاحن 4 امبير + اكسسوارات ضمن حقيبة بلاستيك ماركة |TOTAL;64.61;;no
TBLI20582;كور هواء ساخن ديجيتال بطارية 20 فولت 580 درجة + بطارية 4 امبير عدد 2 + شاحن + اكسسوارات ضمن حقيبة بلاستيك TOTAL;73.28;;no
TBLIE2001;بطارية 18-20 فولت 2 امبير موديل E حديث TOTAL;13.35;;no
TBS12001;حفافة - دبابة 1200 واط مع كيس غبار واشاط حفافة صناعي ماركة TOTAL;81.04;;no
TBSLI20127;منشار شلة بطارية 20 فولت بدون بطارية وشاحن مع نصلة هدية TOTAL حديث;132.46;;no
TC120246;كمبرسور ضاغط هواء 24 لتر 2 حصان 220 فولت TOTAL ملف المنيوم ((صناعي));111.32;;no
TC125506;كمبرسور ضاغط هواء 50 لتر 2.5 حصان 220 فولت TOTAL ملف المنيوم;130.76;;no
TC1301006;كمبرسور ضاغط هواء 100 لتر 3 حصان 220 فولت TOTAL;451.96;;no
TC1402002;كمبرسور ضاغط هواء 200 لتر 4 حصان 220 فولت TOTAL ملف نحاس;618.27;;no
TC1553002;كمبرسور ضاغط هواء 300 لتر 5.5 حصان 380 فولت TOTAL;907;;no
TC1755002;كمبرسور ضاغط هواء 500 لتر 7.5 حصان 380 فولت TOTAL;1238.67;;no
TC202416;كمبرسور ضاغط هواء 24 ليتر محرك 2 حصان حديث TOTAL;91.81;;no
TC2301006;كمبرسور ضاغط هواء 100 لتر محرك 3 حصان 220 فولت حديث TOTAL ملف نحاس;377.08;;no
TC255016;كمبرسور ضاغط هواء 50 ليتر محرك 2.5 حصان حديث TOTAL;131.48;;no
TCB2020;زاوية 20 × 20 مم مكلفن عدد 4 مع 8 براغي ماركة TOTAL;0.41;;no
TCB2050;زاوية 50 × 50 مكلفن عدد 4 قطع مع 16 برغي ماركة TOTAL;0.54;;no
TCBK0201;بلنكو 1 طن ارتفاع 3 متر - الوزن 12.2 كغ صناعي TOTAL;55.12;;no
TCBK0202;بلنكو 2 طن ارتفاع 3 متر - الوزن 19.5 كغ صناعي TOTAL;78.6;;no
TCBK0203;بلنكو 3 طن ارتفاع 3 متر - الوزن 25.5 كغ صناعي TOTAL;101.09;;no
TCBK0205;بلنكو 5 طن ارتفاع 3 متر - الوزن 42.5 كغ صناعي TOTAL;139.57;;no
TCBNLI2001;كباسة بطارية 20 فولت مسامير مجال من 15-50 مم + بطارية 2 امبير عدد 2 + شاحن + مسامير واكسسوارات ضمن حقيبة بلاستيك TOTAL;243.51;;no
TCBNLI2005;كباسة بطارية 20 فولت مسامير 35 مم بدون بطارية وشاحن TOTAL;76.84;;no
TCBNLI2008;كباسة مسامير بطارية 20 فولت قياس 3.2 سم مع بطارية 2 امبير وشاحن ضمن حقيبة بلاستيك ماركة TOTAL;98.36;;no
TCBNLI2038;كباسة مسامير بطارية 16 فولت 35 مم + بطارية 2 امبيرعدد 2 + شاحن + اكسسوارات ضمن حقيبة بلاستيك TOTAL;96.53;;no
TCBNLI3508;كباسة بطارية 20 فولت مسامير من 1.5 الى 3.5 سم + بطارية 2 امبير+ شاحن ضمن حقيبة بلاستيك TOTAL;90.39;;no
TCBNLI3606;كباسة بطارية 20 فولت مسامير بدون راس من 10 الى 35 مم مع بطارية 2 امبير وشاحن ماركة TOTAL;110.1;;no
TCBNLI5005;كباسة مسامير خشب بطارية 20 فولط من 1.5 سم الى 5 سم;88.49;;no
TCBNLI5008;كباسة مسامير خشب بطارية 20 فولت 5 سم مع بطارية 2 امبير وشاحن ضمن حقيبة بلاستيك ماركة TOTAL;141.55;;no
TCFL186501;بيل يدوي المنيوم مستويين 135-270 لومينز بطارية ليثيوم (صناعي ) TOTAL مع شاحن وتحويلة قداحة سيارة;16.39;;no
TCFL186503;بيل يدوي المنيوم 3 مستويات50-150-450 لومينز صناعي ماركة TOTAL مع بطارية 2000 ملي;18.21;;no
TCFL1865051;بيل يدوي المنيوم 3 مستويات 50-150-450 لومينز 18-4 ساعة عمل مع بطارية 2000 صناعي TOTAL;16.8;;no
TCGLI2001;مكبس سيليكون بطارية 20 فولت بدون بطارية وشاحن TOTAL;42.23;;no
TCHPTT082551;صينية دهان 43.5×30×7.5 فارغة TOTAL;2.85;;no
TCKLI1628;كومبو 2 قطعة مثقب 16 فولت 60 نيوتن + بلندر 100 واط + بطارية 2 امبير عدد 2 +شاحن ضمن حقيبة بلاستيكية TOTAL;61.99;;no
TCKLI1638;كومبو 3 قطع مثقب 16 فولت 60 نيوتن + بلندر 100 واط +خفاقة 125 واط + بطارية 2 امبير عدد 2 +شاحن TOTAL;86.04;;no
TCKLI2006;كومبو 2 قطعة فرد شد 1/4 انش ومثقب بطارية 20 فولت مع بطاريتين وشاحن حديث صناعي TOTAL ضمن كيس قماشي;122.58;;no
TCKLI2007;كومبو 2 قطعة فرد شد 0.5 انش و مثقب 20 فولت مع بطاريتين و شاحن ضمن كيس قماش TOTAL;112.16;;no
TCKLI2008;كومبو 2 قطعة فرد شد و مثقب 20 فولت SDS مع بطاريتين و شاحن ضمن كيس قماش TOTAL;115.84;;no
TCKLI2010;كومبو 4 قطع مثقب +فرد شد + خراقة + قصاصة 20 فولت مع بطاريتين 4 امبير و شاحن ضمن كيس قماش TOTAL;268.61;;no
TCKLI20104;كومبو 4 قطع مثقب 20 فولت 45 نيوتن + فرد شد1/4 انش 170 نيوتن + خراقة يد ABS + قصاصة خشب + بطارية 4 امبير عدد 2 + شاحن ضمن حقيبة قماش TOTAL;193.07;;no
TCKLI20255;كومبو 2 قطعة مثقب بطارية 20 فولت 66 نيوتن BL + جلخ زاوية 3 انش 90 درجة + بطارية 2 امبير عدد 2 + شاحن + اكسسوارات ضمن حقيبة بلاستيك ماركة TOTAL;75.2;;no
TCKLI20256;كومبو 2 قطعة مثقب 66 نيوتن BL +جلخ بطارية 1200 واط 4.5 انش BL + بطارية 4 امبير عدد 2 + شاحن4 + اكسسوارات ضمن حقيبة بلاستيك TOTAL;91.27;;no
TCKLI202598;كومبو 3 قطع مثقب 66 نيوتن + كسارة 26 مم + جلخ4.5 انش 1200 واط +بطارية 4 امبير عدد 2 +شاحن 4 امبير سريع+ اكسسوارات ضمن حقيبة بلاستيك TOTAL;128.56;;no
TCKLI20271;كومبو 2 قطعة مثقب 52 نيوتن + فرد شد 1/2 انش 400 نيوتن بطارية 2 امبير عددد 2 + شاحن + اكسسوارت ضمن حقيبة بلاستيك TOTAL;84.15;;no
TCKLI20272;كومبو 2 قطعة مثقب 52 نيوتن + فرد شد 1/4 انش 285 نيوتن مع بطارية 2 امبير عدد 2 + شاحن + اكسسوارات ضمن حقيبة بلاستيك TOTAL;84.15;;no
TCKLI20273;كومبو 2 قطعة مثقب 66 نيوتن +جلخ بطارية 1000 واط + بطارية 4 امبير عدد 2 + شاحن + 10 حجر قص + 3 ريش ضمن حقيبة TOTAL;92.03;;no
TCKLI20275;كومبو 2 قطعة مثقب 66 نيوتن + فرد شد 1/2 انش 400 نيوتن +بطاريه 2 امبير عدد 2 + شاحن +طقم جوز 1/2 انش ضمن حقيبة بلاستيك TOTAL;87.05;;no
TCKLI20277;كومبو 2 قطعة مثقب 66 نيوتن + فرد شد 1/4 انش 285 نيوتن +بطاريه 2 امبير عدد 2 + شاحن + اكسسوارت ضمن حقيبة بلاستيك TOTAL;87.75;;no
TCKLI20286;كومبو 2 قطعة فرد شد 1/2 انش405 نيوتن BL + مثقب بطارية 66 نيوتن BL +بطارية 2 امبير عدد 2 + شاحن + اكسسوارات ضمن حقيبة بلاستيك TOTAL;75.2;;no
TCKLI20358;كومبو 3 قطع مثقب 66 نيوتن BL + فرد شد 1/2 انش 405 نيوتن + جلخ 4.5 انش 1200 واط + بطارية 4 امبير عدد 2 + شاحن + اكسسوارات ماركة TOTAL;125.35;;no
TCKLI2058;كومبو 5 قطع ضمن حقيبة عرباية مع بطاريتين 4 امبير وشاحن TOTAL;202.05;;no
TCKLI20592;كومبو 5 قطع فرد شد 1/2 انش 400 نيوتن + مثقب 66 نيوتن + جلخ 4.5 انش + كسارة 26 مم + لمبة عمل 270 لومينز + بطارية 4 امبير عدد 2 +شاحن + اكسسوارت ضمن حقيبة عرباية TOTAL;191.14;;no
TCKLI20595;كومبو 5 قطع مثقب 66 نيوتن + جلخ 1200 واط 4.5 انش + كسارة 26 مم 2.5 جول + فرد شد 1/2 اش 405 نيوتن + كشاف لمبة عمل 450 لومينز + بطارية 4 امبير عدد 2 + شاحن + اكسسوارات ضمن حقيبة قماشية ماركة TOTAL;172.01;;no
TCKLI20638;كومبو 3 قطع فرد شد1/2 انش 400 نيوتن + كسارة 4.5 جول 28 مم + مثقب 66 نيوتن + بطارية 5 امبير عدد 2 + شاحن + اكسسوارت ضمن حقيبة بلاستيك TOTAL;166.04;;no
TCLI120502;رأسية شاحن 5 فولت 2 امبير USB type-A حديث ماركة TOTAL;1.84;;no
TCLI12071;شاحن 12 فولت ماركة TOTAL;2.47;;no
TCLI12081;شاحن بطارية 12 فولت حديث TOTAL;3.41;;no
TCLI16071;شاحن بطارية 16.8 فولت حديث TOTAL;3.41;;no
TCLI2034;شاحن بطارية 20 فولت ثنائي 4 امبير صناعي TOTAL;19.6;;no
TCLIE2002;شاحن بطارية 18-20 فولت موديل E حديث TOTAL;6.85;;no
TCNLI420602;كباسة بطارية 42 فولت مسامير باطون مجال 40- 19 مم + بطارية 2.5 امبير عدد 2 + شاحن 4 امبير + اكسسوارات ضمن حقيبة بلاستيك TOTAL;289.27;;no
TCNLI9008;كباسة بطارية 20 فولت مسامير بيتون مجال 40- 19 مم + بطارية 4 امبير عدد 2 + شاحن 4 امبير + اكسسوارات ضمن حقيبة بلاستيك TOTAL;263.23;;no
TCS1075242;كمبرسور ضاغط هواء 24 لتر صامت 600 واط TOTAL;154.08;;no
TCS1075402;كمبرسور ضاغط هواء 40 لتر صامت 750 واط TOTAL;195.17;;no
TCS1110062;كمبرسور ضاغط هواء 6 لتر صامت 1100 واط TOTAL;77.69;;no
TCS1110152;كمبرسور ضاغط هواء 15 لتر صامت 1100 واط TOTAL;82.61;;no
TCS1110242;كمبرسور ضاغط هواء 24 ليتر 1.5 حصان صامت 1100 واط TOTAL ملف المنيوم موديل حديث;92.43;;no
TCS1120508;كمبرسور ضاغط هواء 50 لتر صامت ملف نحاس 1200واط 1.6 حصان TOTAL;147.51;;no
TCS2150502;كمبرسور ضاغط هواء 50 لتر صامت 2 × 600 واط TOTAL;253.65;;no
TCS2241008;كمبرسور ضاغط هواء 100 لتر صامت 2 × 1200 واط TOTAL ملف نحاسي;285.37;;no
TCS3361008;كمبرسور ضاغط هواء 100 لتر صامت 3 × 1200 واط TOTAL ملف نحاسي;432.74;;no
TCS4481508;كمبرسور ضاغط هواء 150 لتر صامت 4 × 1200 واط TOTAL;540.88;;no
TCSNLI6008;كباسة بطارية 20 فولت مسامير( كبسات ) BL + بطارية 2 امبير + شاحن ضمن حقيبة بلاستيك TOTAL;150.59;;no
TCSPA061;مفتاح طرف 6 مم صناعي TOTAL;0.47;;no
TCSPA071;مفتاح طرف 7 مم صناعي TOTAL;0.49;;no
TCSPA081;مفتاح طرف 8 مم صناعي TOTAL;0.5;;no
TCSPA091;مفتاح طرف 9 مم صناعي TOTAL;0.52;;no
TCSPA101;مفتاح طرف 10 مم صناعي TOTAL;0.61;;no
TCSPA111;مفتاح طرف 11 مم صناعي TOTAL;0.66;;no
TCSPA121;مفتاح طرف 12 مم صناعي TOTAL;0.69;;no
TCSPA131;مفتاح طرف 13 مم صناعي TOTAL;0.74;;no
TCSPA141;مفتاح طرف 14 مم صناعي TOTAL;0.75;;no
TCSPA151;مفتاح طرف 15 مم صناعي TOTAL;0.86;;no
TCSPA161;مفتاح طرف 16 مم صناعي TOTAL;0.94;;no
TCSPA171;مفتاح طرف 17 مم صناعي TOTAL;0.97;;no
TCSPA181;مفتاح طرف 18 مم صناعي TOTAL;1.02;;no
TCSPA191;مفتاح طرف 19 مم صناعي TOTAL;1.11;;no
TCSPA201;مفتاح طرف 20 مم صناعي TOTAL;1.17;;no
TCSPA211;مفتاح طرف 21 مم صناعي TOTAL;1.34;;no
TCSPA221;مفتاح طرف 22 مم صناعي TOTAL;1.44;;no
TCSPA231;مفتاح طرف 23 مم صناعي TOTAL;1.67;;no
TCSPA241;مفتاح طرف 24 مم صناعي TOTAL;1.97;;no
TCSPA251;مفتاح طرف 25 مم صناعي TOTAL;2.16;;no
TCSPA261;مفتاح طرف 26 مم صناعي TOTAL;2.38;;no
TCSPA271;مفتاح طرف 27 مم صناعي TOTAL;2.74;;no
TCSPA281;مفتاح طرف 28 مم صناعي TOTAL;3;;no
TCSPA291;مفتاح طرف 29 مم صناعي TOTAL;3.3;;no
TCSPA301;مفتاح طرف 30 مم صناعي TOTAL;3.38;;no
TCSPA321;مفتاح طرف 32 مم صناعي TOTAL;3.78;;no
TCSPA361;مفتاح طرف 36 مم صناعي TOTAL;6.12;;no
TCSPA381;مفتاح طرف 38 مم صناعي TOTAL;7.08;;no
TCSPA401;مفتاح طرف 40 مم صناعي TOTAL;7.51;;no
TCSPA411;مفتاح طرف 41 مم صناعي TOTAL;8.14;;no
TCSPA461;مفتاح طرف 46 مم صناعي TOTAL;10.67;;no
TCSPA481;مفتاح طرف 48 مم صناعي TOTAL;13.47;;no
TCSPA501;مفتاح طرف 50 مم صناعي TOTAL;15.03;;no
TCSPA551;مفتاح طرف 55 مم صناعي TOTAL;26.43;;no
TCSPA601;مفتاح طرف 60 مم صناعي TOTAL;31.89;;no
TCSPA651;مفتاح طرف 65 مم صناعي TOTAL;35.53;;no
TCSPAR061;مفتاح طرف طقطاق 6 مم صناعي TOTAL;1.14;;no
TCSPAR071;مفتاح طرف طقطاق 7 مم صناعي TOTAL;1.14;;no
TCSPAR081;مفتاح طرف طقطاق 8 مم صناعي TOTAL;1.25;;no
TCSPAR091;مفتاح طرف طقطاق 9 مم صناعي TOTAL;1.27;;no
TCSPAR101;مفتاح طرف طقطاق 10 مم صناعي TOTAL;1.3;;no
TCSPAR111;مفتاح طرف طقطاق 11 مم صناعي TOTAL;1.33;;no
TCSPAR121;مفتاح طرف طقطاق 12 مم صناعي TOTAL;1.44;;no
TCSPAR131;مفتاح طرف طقطاق 13 مم صناعي TOTAL;1.5;;no
TCSPAR141;مفتاح طرف طقطاق 14 مم صناعي TOTAL;1.6;https://hawarastore.com/wp-content/uploads/2025/08/TCSPAR141.png;no
TCSPAR151;مفتاح طرف طقطاق 15 مم صناعي TOTAL;1.66;https://hawarastore.com/wp-content/uploads/2025/08/TCSPAR151.png;yes
TCSPAR161;مفتاح طرف طقطاق 16 مم صناعي TOTAL;1.82;https://hawarastore.com/wp-content/uploads/2025/08/TCSPAR161.png;yes
TCSPAR171;مفتاح طرف طقطاق 17 مم صناعي TOTAL;1.9;https://hawarastore.com/wp-content/uploads/2025/08/TCSPAR171.png;no
TCSPAR181;مفتاح طرف طقطاق 18 مم صناعي TOTAL;2.11;https://hawarastore.com/wp-content/uploads/2025/08/TCSPAR181.png;yes
TCSPAR191;مفتاح طرف طقطاق 19 مم صناعي TOTAL;2.13;https://hawarastore.com/wp-content/uploads/2025/08/TCSPAR191.png;yes
TCSPAR211;مفتاح طرف طقطاق 21 مم صناعي TOTAL;2.88;https://hawarastore.com/wp-content/uploads/2025/08/TCSPAR211.png;yes
TCSPAR221;مفتاح طرف طقطاق 22 مم صناعي TOTAL;2.88;https://hawarastore.com/wp-content/uploads/2025/08/TCSPAR221.png;yes
TCSPAR241;مفتاح طرف طقطاق 24 مم صناعي TOTAL;3.72;https://hawarastore.com/wp-content/uploads/2025/08/TCSPAR241.png;yes
TCSTLI3808;كباسة بطارية 20 فولت مسمار (خشب + حديد + قرميد ) + بطارية 2 امبير + شاحن ضمن حقيبة بلاستيك TOTAL;119.2;https://hawarastore.com/wp-content/uploads/2025/08/TCSTLI3808.png;yes
TCTLI2002;مكبس رؤوس كابلات بطارية 20 فولت 400 ملم + بطارية 4 امبير عدد 2 + شاحن + اكسسوارات ضمن حقيبة بلاستيك TOTAL;604.5;https://hawarastore.com/wp-content/uploads/2025/08/TCTLI2002.png;no
TCTLI2005;مكبس هيدروليك كابلات بطارية 20 فولت مجال 400-16 مم مربع استطاعة 120 كيلو نيوتن + بطارية 5 امبير عدد 2 + شاحن 4 امبير TOTAL;636.42;https://hawarastore.com/wp-content/uploads/2025/08/TCTLI2005.png;no
TCUT401;طرنس قص بلازما 40 امبير 220 فولت ماركة TOTAL;191.67;https://hawarastore.com/wp-content/uploads/2025/08/TCUT401.png;yes
TCVLI202301;رجاج باطون بطارية 20 فولت مع إبرة طول 120سم قطر 35 مم بدون بطارية وشاحن TOTAL;34.8;https://hawarastore.com/wp-content/uploads/2025/08/TCVLI2023011.png;no
TCVLI2023011;رجاج باطون بطارية 20 فولت مع إبرة طول 120سم قطر 35 مم + بطارية 2 امبير + شاحن TOTAL;55.59;https://hawarastore.com/wp-content/uploads/2025/08/TCVLI2023011.png;no
TCVLI202502;رجاج باطون بطارية 20 فولت قطر 35 مم طول 1200 مم 190 هرتز بدون بطارية وشاحن ماركة TOTAL;33.94;https://hawarastore.com/wp-content/uploads/2026/05/TCVLI202502.png;yes
TCVLI2025021;رجاج باطون بطارية 20 فولت قطر 35 مم طول 1200 مم 190 هرتز + بطارية 2 امبير عدد 2 + شاحن ماركة TOTAL;56.89;https://hawarastore.com/wp-content/uploads/2026/05/TCVLI2025021.png;yes
TD2051026;مثقب 500 واط 10 مم شمال يمين كوان معدن (( صناعي )) TOTAL حديث;22.57;https://hawarastore.com/wp-content/uploads/2025/08/TD2051026-2.png;no
TD2051026-2;مثقب 500 واط 10 مم كوان اتوماتيك شمال يمين TOTAL;22.57;https://hawarastore.com/wp-content/uploads/2024/05/TD2051026-2.png;no
TD205106;مثقب 500 واط 10 مم شمال يمين TOTAL;21.73;https://hawarastore.com/wp-content/uploads/2024/05/TD205106.png;no
TD2561;مثقب جبسمبورد 550 واط سرعات TOTAL;46.04;https://hawarastore.com/wp-content/uploads/2024/05/TD2561.png;yes
TD4486;مفك شد بطارية 4.8 فولت لشد الجوز + اكسسوارات على كرت بلاستيك TOTAL;12.79;https://hawarastore.com/wp-content/uploads/2024/03/TD4486.png;no
TD4506;مثقب 450 واط 6.5 مم شمال يمين TOTAL;21.44;https://hawarastore.com/wp-content/uploads/2025/08/TD4506-2.png;no
TD4506-2;مثقب 450 واط 6.5 مم كوان اتوماتيك شمال يمين TOTAL;20.21;https://hawarastore.com/wp-content/uploads/2025/08/TD4506-2.png;no
TD45658;مثقب 450 واط 6.5 مم شمال يمين TOTAL كوان عادي حديث;15.8;;no
TD502106;مثقب 280 واط 10 مم كوان اتوماتيك شمال يمين (شد براغي+ثقب) TOTAL;23.85;https://hawarastore.com/wp-content/uploads/2025/08/TD502106.png;yes
TD55108;مثقب 500 واط 10 مم شمال يمين كوان معدن (( صناعي )) TOTAL احدث موديل;16.16;;no
TD551082;مثقب 550 واط 10 مم كوان اتوماتيك شمال يمين صناعي TOTAL حديث;16.16;;no
TD61106;خلاط دهان فرد 1100 واط 16 ملم + شفرة خلاط TOTAL;43.3;https://hawarastore.com/wp-content/uploads/2025/08/TD61106.png;no
TD614001;خلاط دهان 1400 واط TOTAL Mixer;71.48;https://hawarastore.com/wp-content/uploads/2024/05/TD614001.png;no
TD614006;خلاط دهان 1400 واط مع شفرة واحده TOTAL حديث;53.57;https://hawarastore.com/wp-content/uploads/2025/08/TD614006.png;no
TD616006;خلاط دهان 1800 واط شفرة مزدوجة TOTAL;85.11;https://hawarastore.com/wp-content/uploads/2025/08/TD616006.png;no
TDBLI20358;كسارة بطارية 20 فولت 35 مم BL عزم 16 جول SDS-HEX + اكسسوارات بدون بطارية وشاحن TOTAL;79.07;https://hawarastore.com/wp-content/uploads/2026/02/TDBLI20358.png;yes
TDBLI203582;كسارة بطارية 20 فولت 35 مم BL عزم 16 جول SDS-HEX + بطارية 5 امبير عدد 2 + شاحن واكسسوارات ضمن حقيبة بلاستيك TOTAL;135.96;https://hawarastore.com/wp-content/uploads/2026/02/TDBLI203582.png;yes
TDDM28001;مثقب كور الماس 2800 واط 200 مم 800 دورة TOTAL;158.47;https://hawarastore.com/wp-content/uploads/2025/08/TDDM28001.png;no
TDDM38001;مثقب كور الماس 3800 واط 230 مم 700 دورة TOTAL;261;https://hawarastore.com/wp-content/uploads/2024/05/TDDM38001.png;no
TDGLI2001;جلخ محوري 20 فولت 10-20 الف دورة اكس 6 مم BL بدون بطارية وشاحن TOTAL;30.86;https://hawarastore.com/wp-content/uploads/2026/02/TDGLI2001.png;yes
TDGLI20012;جلخ محوري 20 فولت 10-20 الف دورة اكس 6 مم + بطارية 4 امبير عدد 2 + شاحن 4 امبير ضمن حقيبة بلاستيك TOTAL;75.2;https://hawarastore.com/wp-content/uploads/2026/02/TDGLI20012.png;yes
TDGLI42012;جلخ محوري بطارية 42 فولت BL + بطارية 2 امبير عدد 2 + شاحن + اكسسوارات ضمن حقيبة بلاستيك TOTAL;82.93;https://hawarastore.com/wp-content/uploads/2026/05/TDGLI42012.png;yes
TDLI1211;مثقب بطارية 12 فولت حديث جوزة 10 ملم عزم 20 نيوتن مع بطارية واحدة مقبض ABS مع رأس مفك طول 6.5 سم TOTAL;30.41;https://hawarastore.com/wp-content/uploads/2024/05/TDLI1211.png;no
TDLI12202;مثقب بطارية 12 فولت 10 مم 20 نيوتن + بطارية عدد 2 TYPE-C + اكسسوارات ضمن حقيبة بلاستيك ماركة TOTAL;23.46;https://hawarastore.com/wp-content/uploads/2025/08/TDLI12202.png;no
TDLI12206;مثقب بطارية 12 فولت 10 مم سرعتين عزم 20 نيوتن + بطارية 1.5 امبير TYPE-C عدد 2 بدون شاحن حديث ضمن حقيبة بلاستيك TOTAL;23.14;https://hawarastore.com/wp-content/uploads/2025/09/TDLI12202.jpg;yes
TDLI122061;مثقب بطارية 12 فولت 10 مم 20 نيوتن مع بطارية 1.5 امبير ماركة TOTAL;17.16;;no
TDLI12208;مثقب بطارية 12 فولت 10 ملم + بطارية عدد 2 ضمن حقيبة بلاستيك موديل حديث ماركة TOTAL;28.56;https://hawarastore.com/wp-content/uploads/2024/05/TDLI12208.png;no
TDLI1221;مثقب بطارية 12 فولت حديث جوزة 10 ملم عزم 25 نيوتن مع بطارية واحدة 1.5 امبير وشاحن مع رأس مفك طول 6.5 سم TOTAL;35.67;https://hawarastore.com/wp-content/uploads/2025/08/TDLI1221.png;no
TDLI1222;مثقب بطارية 12 فولت حديث جوزة 10 ملم عزم 25 نيوتن مع بطاريتين ضمن حقيبة قماش + رأس مفك طول 6.5 سم TOTAL;49.41;https://hawarastore.com/wp-content/uploads/2025/08/TDLI1222.png;no
TDLI1232;مثقب بطارية 12 فولت سرعتين 10 ملم 20 نيوتن عزم 15 + 1 مع بطاريتين وشاحن ساعتين ضمن حقيبة TOTAL;37.78;https://hawarastore.com/wp-content/uploads/2025/05/TDLI1232.png;no
TDLI12325;مثقب بطارية 12 فولت سرعتين + بطارية عدد 2 + شاحن + راس شد براغي ضمن حقيبة بلاستيك ماركة TOTAL;38.6;https://hawarastore.com/wp-content/uploads/2024/05/TDLI12325-1.png;no
TDLI1241;مثقب بطارية 12 فولت سرعتين 10 ملم 20 نيوتن عزم 15 + 1 مع بطاريتين وشاحن ساعتين TOTAL;0;;no
TDLI12415;مثقب بطارية 12 فولت جوزة 10 مم مع بطارية وشاحن ABS ماركة TOTAL;19.44;https://hawarastore.com/wp-content/uploads/2024/05/TDLI12415.png;no
TDLI12428;مثقب بطارية 12 فولت 10 ملم 20 نيوتن + بطارية 1.5 امبير + اكسسوار TYPE-C ماركة TOTAL;15.04;https://hawarastore.com/wp-content/uploads/2024/05/TDLI12428-1.png;no
TDLI12456;مثقب بطارية 12 فولت 10 ملم 20 نيوتن + بطارية 1.5 امبير TYPE-C + اكسسوارات ماركة TOTAL حديث;13.11;https://hawarastore.com/wp-content/uploads/2025/08/TDLI12456.png;yes
TDLI1611;مثقب بطارية 16.8 فولت جوزة 10ملم عزم 28 نيوتن مع بطارية واحدة مع رأس مفك 6.5 ملم TOTAL;38.42;https://hawarastore.com/wp-content/uploads/2024/05/TDLI1611.png;no
TDLI1612;مثقب بطارية 16.8 فولت جوزة 10ملم عزم 28 نيوتن مع بطاريتين مع رأس مفك 6.5 ملم TOTAL;54.53;https://hawarastore.com/wp-content/uploads/2025/05/TDLI1612-1020x1024.png;no
TDLI16606;مثقب بطارية 16 فولت 60 نيوتن بطارية 2 امبير عدد 2 + شاحن + اكسسوارات ضمن حقيبة بلاستيك ماركة TOTAL حديث;36.68;https://hawarastore.com/wp-content/uploads/2026/05/TDLI16606.png;yes
TDLI16682;مثقب بطارية 16 فولت 60 نيوتن بطارية 2 امبير عدد 2 + شاحن + اكسسوارات ضمن حقيبة بلاستيك ماركة TOTAL;47.74;https://hawarastore.com/wp-content/uploads/2025/08/TDLI16682.png;yes
TDLI18011;مثقب بطارية 18 فولت حديث 45 نيوتن 10 ملم سرعتين مع بطارية واحدة وشاحن سريع 1.5 ساعة TOTAL;42.14;https://hawarastore.com/wp-content/uploads/2024/05/TDLI18011.png;yes
TDLI20028;مثقب بطارية 20 فولت سرعتين عزم 45 نيوتن + بطارية 1.5 امبير عدد 2 + شاحن + اكسسوارات ضمن حقيبة بلاستيك TOTAL;44.78;https://hawarastore.com/wp-content/uploads/2024/03/TDLI20028.png;no
TDLI20051-s;مثقب بطارية 20 فولت سرعتين عزم 45 نيوتن مع لد ماركة TOTAL حديث;0;;no
TDLI20453;مثقب بطارية 20 فولت مع بطارية عدد 2 وشاحن 52 نيوتن بدون فحمات مع ملحقات مع حقيبة بلاستيك ماركة TOTAL;50.89;https://hawarastore.com/wp-content/uploads/2025/05/TDLI20453.png;no
TDLI205062;مثقب بطارية 20 فولت رجاج 50 نيوتن BL كوان معدن 13 مم + بطارية 2 امبير عدد2 + شاحن +اكسسوارات ضمن حقيبة بلاستيك TOTAL;35.71;https://hawarastore.com/wp-content/uploads/2026/02/TDLI205062-878x1024.png;yes
tdli2051 -s;مثقب بطارية 20 فولت سرعتين عزم 45 نيوتن مع لد بدون بطارية وشاحن;0;;no
TDLI205581;مثقب بطارية 20 فولت 55 نيوتن BL كوان معدن 13 مم بدون بطاريات وشاحن TOTAL;19.28;;no
TDLI205582;مثقب بطارية 20 فولت 55 نيوتن BL كوان معدن 13 مم مع بطارية وشاحن TOTAL;34.72;;no
TDLI206686;مثقب بطارية 20 فولت متعدد الرؤوس 66 نيوتن BL متعدد الاشكال (راس شد + زاوية ) + بطارية 2 امبير عدد 2 + شاحن + اكسسوارات ضمن حقيبة بلاستيك ماركة TOTAL;81.96;https://sp-ao.shortpixel.ai/client/to_webp,q_glossy,ret_img/https://hawarastore.com/wp-content/uploads/woocommerce-placeholder-600x600.png;yes
TDLI228120;مثقب بطارية 12 فولت + بطارية 1.5 امبير عدد 2 + شاحن + اكسسوارات ضمن حقيبة قماشية TOTAL;40.54;https://hawarastore.com/wp-content/uploads/2024/05/TDLI228180.png;no
TDLI228120-1;مثقب بطارية 12 فولت TOTAL سرعتين مع لد حقيبة قماش بطارية واحدة;0;;no
TDLI228180;مثقب بطارية 18 فولت + بطارية عدد 2 + شاحن + اكسسوارات ضمن حقيبة بلاستيك TOTAL;67.41;https://hawarastore.com/wp-content/uploads/2024/05/TDLI228180.png;no
TDOES06071;مفتاح شق 6 × 7 ماركة TOTAL;0.67;https://hawarastore.com/wp-content/uploads/2025/08/TDOES06071.png;yes
TDOES08091;مفتاح شق 8 × 9 ماركة TOTAL;0.73;https://hawarastore.com/wp-content/uploads/2025/08/TDOES08091.png;yes
TDOES10111;مفتاح شق 10 × 11 ماركة TOTAL;0.82;https://hawarastore.com/wp-content/uploads/2024/05/TDOES06071.png;no
TDOES12131;مفتاح شق 12 × 13 ماركة TOTAL;0.86;https://hawarastore.com/wp-content/uploads/2024/05/TDOES06071.png;no
TDOES14151;مفتاح شق 14 × 15 ماركة TOTAL;1.09;https://hawarastore.com/wp-content/uploads/2025/08/TDOES14151.png;yes
TDOES16171;مفتاح شق 16 × 17 ماركة TOTAL;1.26;https://hawarastore.com/wp-content/uploads/2025/08/TDOES16171.png;yes
TDOES18191;مفتاح شق 18 × 19 ماركة TOTAL;1.42;https://hawarastore.com/wp-content/uploads/2025/08/TDOES18191.png;yes
TDP133501;مثقب عامودي 350 واط 13 مم TOTAL;73.79;https://hawarastore.com/wp-content/uploads/2024/05/TDP133501.png;no
TDP207502;مثقب عامودي 750 واط (( صناعي )) TOTAL;309.19;https://hawarastore.com/wp-content/uploads/2024/05/TDP207502.png;no
TDP207505;مثقب عامودي 750 واط 20 مم TOTAL حديث;233.76;https://hawarastore.com/wp-content/uploads/2025/05/TDP207505.png;no
TDP3211002;مثقب عامودي 1100 واط جوزة 20 مم (( صناعي )) TOTAL;567.99;https://hawarastore.com/wp-content/uploads/2025/08/TDP3211002.png;no
TDP3211005;مثقب عامودي 1500 واط نحاس جوزة 20 مم (( صناعي )) TOTAL;565.44;https://hawarastore.com/wp-content/uploads/2026/02/TDP3211005-878x1024.png;yes
TDRLI206015;طقطاق 3/8 بطارية 20 فولت مع بطارية وشاحن + جوز 13-17-19 ماركة TOTAL;56.54;https://hawarastore.com/wp-content/uploads/2025/08/TDRLI2060151.png;yes
TDRLI2060151;طقطاق 3/8 بطارية 20 فولت بدون بطارية وشاحن + جوز 19+17+13 ماركة TOTAL;31.42;https://hawarastore.com/wp-content/uploads/2025/08/TDRLI2060151.png;yes
TDRLI20652;طقطاق بطارية 20 فولت عزم 65 نيوتن 3/8 انش BL + بطارية 2 امبير عدد 2 + شاحن + اكسسوارات ضمن حقيبة بلاستيك ماركة TOTAL;67.5;https://hawarastore.com/wp-content/uploads/2026/05/TDRLI20652.png;yes
TDRLI206521;طقطاق بطارية 20 فولت عزم 65 نيوتن 3/8 انش BL + اكسسوارات بدون بطارية وشاحن ماركة TOTAL;37.84;https://hawarastore.com/wp-content/uploads/2026/05/TDRLI206521.png;yes
TDRLI206529;طقطاق 3/8 بطارية 20 فولت 65 نيوتن براس طويل 17 سم بدون بطارية وشاحن + جوز 19+17+13 ماركة TOTAL;48.27;https://hawarastore.com/wp-content/uploads/2026/05/TDRLI206529.png;yes
TDRLI2065292;طقطاق بطارية 20 فولت راس طويل 17 سم عزم 65 نيوتن 3/8 انش BL + بطارية 2 امبير عدد 2 + شاحن + اكسسوارات ضمن حقيبة بلاستيك ماركة TOTAL;78.11;https://hawarastore.com/wp-content/uploads/2026/05/TDRLI2065292.png;yes
TDSLI2026;مخزن لزوم مثقب جبسمبورد 20 فولت من 25 الى 55 مم TOTAL;13.11;;no
TDSLI2042006;مثقب جبسمبورد بطارية 20 فولت بدون بطارية وشاحن TOTAL;46.63;https://hawarastore.com/wp-content/uploads/2025/08/TDSLI2042006.png;no
TDSLI204281;مثقب جبسمبورد 20 فولت 4.2 مم + بطارية 2 امبير + شاحن + اكسسوارات ضمن حقيبة بلاستيك TOTAL;57.85;;no
TDSLI2051;حفافة بطارية 20 فولت مثلثة الشكل بدون بطارية وشاحن TOTAL;28.51;https://hawarastore.com/wp-content/uploads/2025/08/TDSLI2051.png;yes
TDSLI20511;حفافة بطارية 20 فولت مثلثة الشكل مع بطارية وشاحن ماركة TOTAL;40.38;https://sp-ao.shortpixel.ai/client/to_webp,q_glossy,ret_img/https://hawarastore.com/wp-content/uploads/woocommerce-placeholder-600x600.png;no
TDWS105016;حفافة جدران دائرية 1050 واط مع كيس غبار موديل حديث TOTAL ((صناعي));84.77;https://hawarastore.com/wp-content/uploads/2025/08/TDWS105016.png;yes
TDWS7501;حفافة جدران دائرية 750 واط 7 انش ماركة TOTAL;48.29;https://hawarastore.com/wp-content/uploads/2025/08/TDWS7501.png;yes
TEA55221-1;حفارة ارض زراعية بنزين 52 cc استطاعة 1.4 kw ماركة TOTAL;126.39;https://hawarastore.com/wp-content/uploads/2025/08/TEA55221-1.png;yes
TEA55221-2;ريشة حفارة ارض زراعية 800 × 150 ماركة TOTAL;15.03;https://hawarastore.com/wp-content/uploads/2025/08/TEA55221-2.png;yes
TEA56222-1;حفارة ارض زراعية 2.4 كيلو واط 62 CC ماركة TOTAL;180.62;https://hawarastore.com/wp-content/uploads/2025/08/TEA56222-1.png;yes
TEA56222-2;ريشة حفارة ارض زراعية 800 × 300 مم ماركة TOTAL;36.41;https://hawarastore.com/wp-content/uploads/2025/08/TEA56222-2.png;yes
TEALI208011;حفارة ارض 20 فولت مع بطارية 4 أمبير وشاحن وريشة ماركة TOTAL;106.43;https://hawarastore.com/wp-content/uploads/2025/08/TEALI208011.png;yes
TERCVC2121;لحام كهرباء علبة 5 كغ 2.5 مم كربون ستيل Item: E6013 ماركة TOTAL;6.51;https://hawarastore.com/wp-content/uploads/2025/08/TERCVC2121.png;yes
TERLI1658;عصا تطويلة أقصى طول 220سم لزوم مقص كساح 16فولت بدون بطارية TOTAL;48.21;https://hawarastore.com/wp-content/uploads/2025/08/TERLI1658.png;yes
TES1223;ميزان الكتروني 30 كغ بطارية S12 - 12 V ماركة TOTAL;42.89;https://hawarastore.com/wp-content/uploads/2024/05/TES1223.png;no
TES1245;ميزان الكتروني 100 كغ 12 فولت دقة 20 غرام قياس 30 × 40 سم ماركة TOTAL;64.73;https://hawarastore.com/wp-content/uploads/2025/08/TES1245.png;yes
TES1267;ميزان الكتروني 300 كغ 12 فولت دقة 50 غرام صينية 40 × 50 سم ماركة TOTAL;43.76;https://hawarastore.com/wp-content/uploads/2025/08/TES1267.png;yes
TESA31001;ميزان الكتروني 100 كغ دقة 20 غرام قياس 30*40 سم ماركة TOTAL;31.41;https://hawarastore.com/wp-content/uploads/2025/08/TESA31001.png;yes
TESA33001;ميزان الكتروني 300 كغ دقة 50 غرام قياس 40*50 سم ماركة TOTAL;42.04;https://hawarastore.com/wp-content/uploads/2025/08/TESA33001.png;yes
TESA3301;ميزان الكتروني 30 كغ دقة 2 غرام قياس 33*24 سم TOTAL;23.91;https://hawarastore.com/wp-content/uploads/2025/08/TESA3301.png;no
TESA3402;ميزان 40 كغ برقبة ديجيتال دقة 2 غ TOTAL;33.6;https://hawarastore.com/wp-content/uploads/2025/08/TESA3402.png;no
TESA41801;ميزان جسم رقمي 180 كغ ماركة TOTAL;8.27;https://hawarastore.com/wp-content/uploads/2024/05/TESA41801.png;no
TESA41802;ميزان جسم رقمي 180 كغ قياس 28 × 28 سم موديل حديث ماركة TOTAL;9.47;https://hawarastore.com/wp-content/uploads/2024/05/TESA41802-1.png;no
TESF2001;خزنة نقود 11 لتر قياس 20 × 31 × 20 وزن 6.4 كغ قفل الكتروني مع شاشة ماركة TOTAL;36.17;https://hawarastore.com/wp-content/uploads/2025/08/TESF2001.png;yes
TESF2501;خزنة نقود 19 ليتر قياس 25 × 35 × 25 وزن 9.3 كغ قفل الكتروني مع شاشة ماركة TOTAL;46.33;https://hawarastore.com/wp-content/uploads/2025/08/TESF2501.png;no
TESF3501;خزنة نقود 27 لتر قياس 20X43X35 وزن 10.7 كغ قفل الكتروني مع شاشة ماركة TOTAL;58.93;https://hawarastore.com/wp-content/uploads/2025/08/TESF3501.png;yes
TESF5001;خزنة نقود 52 لتر قياس 50 × 35 × 33 وزن 17 كغ قفل الكتروني مع شاشة ماركة TOTAL;79.25;https://hawarastore.com/wp-content/uploads/2025/08/TESF5001.png;no
TESLI2001;مقص حديد 20 فولت 2.5 مم بدون بطارية وشاحن ماركة TOTAL;0;;no
TESST30002;فيش ديجيتال مع مؤشرات فولت ارث ماركة TOTAL;5.28;https://hawarastore.com/wp-content/uploads/2025/08/TESST30002.png;yes
TET01606;كاوي لحام قصدير 70 واط مع مفتاح تحكم الكتروني مزودة براس سيراميكي TOTAL;3.72;https://hawarastore.com/wp-content/uploads/2026/02/TET01606.png;yes
TET01608;كاوي لحام قصدير 90 واط مع مفتاح تحكم الكتروني مزودة براس سيراميكي TOTAL;4.7;https://hawarastore.com/wp-content/uploads/2026/02/TET01608.png;yes
TET01610;كاوي لحام قصدير 120 واط مع مفتاح تحكم الكتروني رأس سيراميك TOTAL;5.7;;no
TET065431;رأس كاوي خمس رؤوس لزوم كاوي لحام قصدير 70 واط TOTAL;1.75;;no
TET10006;كاوي لحام قصدير 100 واط TOTAL;7.14;https://hawarastore.com/wp-content/uploads/2025/08/TET10006.png;no
TET1100831;كاوي لحام قصدير 100 واط مع مفتاح عيار حديث ماركة TOTAL;5.11;https://hawarastore.com/wp-content/uploads/2025/08/TET1100831.png;no
TET1406;كاوي لحام قصدير 40 واط TOTAL;4.75;https://hawarastore.com/wp-content/uploads/2025/08/TET1406.png;yes
TET1606;كاوي لحام قصدير 60 واط TOTAL;5.18;https://hawarastore.com/wp-content/uploads/2025/08/TET1606.png;yes
TET160732;كاوي لحام قصدير فرد بكرة 90 واط مفتاح تحكم بالحرارة حديث صناعي TOTAL;7.3;https://hawarastore.com/wp-content/uploads/2025/08/TET160732.png;yes
TET160831;كاوي لحام قصدير 60 واط مع مفتاح عيار حديث ماركة TOTAL;3.32;https://hawarastore.com/wp-content/uploads/2025/08/TET160831.png;no
TET160911;كاوي لحام قصدير مع قاعدة تحكم الكتروني مفتاح عياري للحرارة 60 واط حديث TOTAL;19.17;https://hawarastore.com/wp-content/uploads/2024/05/TET160911.png;no
TET160923;كاوي لحام قصدير مع قاعدة تحكم شاشة ديجيتال 60 واط حديث ماركة TOTAL;29.34;https://hawarastore.com/wp-content/uploads/2025/08/TET160923.png;yes
TET2606;كاوي لحام قصدير 60 واط اعوج TOTAL;5.24;https://hawarastore.com/wp-content/uploads/2025/08/TET2606.png;yes
TETAN01;مقياس سرعة الرياح صناعي ماركة TOTAL;36.31;https://hawarastore.com/wp-content/uploads/2025/08/TETAN01.png;no
TETAN031;مقياس سرعة الرياح صناعي 0.4-30.00 M/S ماركة TOTAL;20.82;https://hawarastore.com/wp-content/uploads/2026/02/TETAN031-960x1024.png;yes
TETGA01;مقياس غاز صناعي ماركة TOTAL;53.58;https://hawarastore.com/wp-content/uploads/2025/08/TETGA01.png;yes
TETGA23;مقياس غاز صناعي حديث ماركة TOTAL;19.18;https://hawarastore.com/wp-content/uploads/2025/08/TETGA23.png;yes
TETHT01;مقياس حرارة ورطوبة صناعي ماركة TOTAL;36.78;https://hawarastore.com/wp-content/uploads/2025/08/TETHT01.png;yes
TETHT23;مقياس حرارة ورطوبة صناعي حديث ماركة TOTAL;19.18;https://hawarastore.com/wp-content/uploads/2025/08/TETHT23.png;yes
TETLU01;مقياس شدة الاضاءة صناعي ماركة TOTAL;31.58;https://hawarastore.com/wp-content/uploads/2025/08/TETLU01.png;yes
TETSL01;مقياس مستوى الصوت صناعي ماركة TOTAL;31.28;https://hawarastore.com/wp-content/uploads/2025/08/TETSL01.png;yes
TETWM01;مقياس رطوبة اخشاب صناعي ماركة TOTAL;28.38;https://hawarastore.com/wp-content/uploads/2025/08/TETWM01.png;yes
TETWM23;مقياس رطوبة اخشاب صناعي حديث ماركة TOTAL;19.18;https://hawarastore.com/wp-content/uploads/2025/08/TETWM23.png;yes
TEWSFC081001;بكرة لحام TMG كربون ستيل 1 كغ سماكة 0.8 مم ماركة TOTAL;5.94;https://hawarastore.com/wp-content/uploads/2025/08/TEWSFC081001.png;yes
TF1301826;حفافة خشب مستطيلة 320 واط قياس 180×90 TOTAL;25.44;https://hawarastore.com/wp-content/uploads/2024/05/TF1301826.png;no
TF1301836;حفافة خشب مستطيلة 320 واط ( 180 × 90 ) مم مع 5 قطع برداغ+طقم فحمات ماركة TOTAL (صناعي);27.6;https://hawarastore.com/wp-content/uploads/2025/08/TF1301836.png;no
TF1302206;حفافة خشب مستطيلة 350 واط TOTAL قياس 110 × 220 مم (( صناعي ));41.21;https://hawarastore.com/wp-content/uploads/2024/05/TF1302206.png;no
TF2031256;حفافة خشب دائرية 320 واط ماركة TOTAL;31.04;https://hawarastore.com/wp-content/uploads/2024/05/TF2031256.png;no
TF2041501;حفافة خشب دائرية 450 واط 150 مم TOTAL;41;https://hawarastore.com/wp-content/uploads/2024/03/TF2041501.png;no
TF2061506;حفافة دائرية 450 واط 150 مم حديث TOTAL;37.88;https://hawarastore.com/wp-content/uploads/2025/05/TF2061506.png;no
TF2131256;حفافة خشب دائرية 320 واط 125 مم متسارع ماركة TOTAL;30.43;https://hawarastore.com/wp-content/uploads/2025/08/TF2131256.png;no
TF2231106;حفافة خشب مربعة 240 واط 100×110 مم صناعي TOTAL;27.84;https://hawarastore.com/wp-content/uploads/2025/08/TF2231106.png;no
TF2241108;حفافة خشب مربعة 240 واط 100×110 مم صناعي حديثTOTAL;20.37;;no
TFALI2001;مروحة بطارية 20 فولت 3 سرعات 13 إنش بدون بطارية وشاحن TOTAL;42.18;https://hawarastore.com/wp-content/uploads/2025/08/TFALI2001.png;yes
TFALI2002;مروحة بطارية 20 فولت سرعتين 11 انش بدون بطارية وشاحن TOTAL;29.88;https://hawarastore.com/wp-content/uploads/2025/08/TFALI2002.png;no
TFALI2007;مروحة بطارية 20 فولت 7 انش بدون بطارية وشاحن TOTAL;19.86;https://hawarastore.com/wp-content/uploads/2025/08/TFALI2007.png;no
TFBCLI20244;مجموعة شحن 20 فولت بطارية 4 امبير عدد 4 + شاحن ثنائي 4 امبير ضمن حقيبة بلاستيك TOTAL حديث;99.67;https://hawarastore.com/wp-content/uploads/2025/08/TFBCLI20244.png;no
TFBCLI20245;مجموعة شحن 20 فولت بطارية 5 امبير عدد 4 + شاحن ثنائي 4 امبير ضمن حقيبة بلاستيك TOTAL حديث;113.91;https://hawarastore.com/wp-content/uploads/2024/03/TFBCLI20245.png;no
TFBCLI20285;مجموعة شحن بطارية 20 فولت 4 بطاريات 5 امبير + شاحن ثنائي 8 امبير ضمن حقيبة بلاستيك TOTAL حديث;109.69;https://hawarastore.com/wp-content/uploads/2026/02/TFBCLI20285-1.png;yes
TFBCLI20611;مجموعة شحن 20 فولت بطارية 2 امبير عدد 6 + شاحن ضمن حقيبة بلاستيك TOTAL حديث;81.09;https://hawarastore.com/wp-content/uploads/2024/05/TFBCLI20611.png;no
TFBCPK1012;مجموعة شحن 20 فولت بطارية 4 امبير + شاحن على كرت بلاستيك TOTAL احدث موديل;31.87;https://hawarastore.com/wp-content/uploads/2026/03/TFBCPK1012.png;yes
TFBCPK1214;مجموعة شحن 20 فولت بطارية 4 امبير + شاحن على كرت بلاستيك TOTAL حديث;28.56;https://hawarastore.com/wp-content/uploads/2025/08/TFBCPK1214.png;no
TFBCPK1222;مجموعة شحن 20 فولت بطارية 2 امبير عدد 2 + شاحن على كرت بلاستيك TOTAL حديث;28.56;https://hawarastore.com/wp-content/uploads/2025/08/TFBCPK1222.png;no
TFBCPK1424;مجموعة شحن 20 فولت بطارية 4 امبير عدد 2 + شاحن 4 امبير على كرت بلاستيك TOTAL حديث;55.75;https://hawarastore.com/wp-content/uploads/2025/08/TFBCPK1424.png;no
TFBCPK2013;مجموعة شحن بطارية 20 فولت 4 امبير عدد 2 + شاحن 4 امبير كرت بلاستيك TOTAL حديث;55.24;https://hawarastore.com/wp-content/uploads/2026/02/TFBCPK2013.png;yes
TFBCPK2212;مجموعة شحن بطارية 20 فولت 2 امبير عدد 2 + شاحن كرت بلاستيك TOTAL أحدث موديل;31.43;https://hawarastore.com/wp-content/uploads/2026/02/TFBCPK2212.png;yes
TFBCPK2425;مجموعة شحن 20 فولت بطارية 5 امبير عدد 2 + شاحن ثنائي 4 امبير على كرت بلاستيك TOTAL حديث;70.95;https://hawarastore.com/wp-content/uploads/2025/08/TFBCPK2425.png;no
TFBCPM20221;مجموعة شحن 42 فولت بطارية 2 امبير عدد 2 + شاحن على كرت بلاستيك TOTAL;53.9;https://hawarastore.com/wp-content/uploads/2025/08/TFBCPM20221.png;yes
TFBCPM25221;مجموعة شحن 42 فولت بطارية 2.5 امبير عدد 2 + شاحن على كرت بلاستيك TOTAL;71.05;https://hawarastore.com/wp-content/uploads/2026/02/TFBCPM25221.png;yes
TFBLI1620;بطارية 16 فولت 2 امبير TOTAL;10.36;https://hawarastore.com/wp-content/uploads/2026/02/TFBLI1620.png;yes
TFBLI2001;بطارية 20 فولت 2 امبير TOTAL صناعي;14.64;https://hawarastore.com/wp-content/uploads/2025/08/TFBLI20011.png;no
TFBLI20011;بطارية 20 فولت 2 امبير TOTAL صناعي حديث;14.39;https://hawarastore.com/wp-content/uploads/2025/08/TFBLI20011.png;yes
TFBLI2002;بطارية 20 فولت 4 امبير TOTAL;24.82;https://hawarastore.com/wp-content/uploads/2025/08/TFBLI20021.png;no
TFBLI20021;بطارية 20 فولت 4 امبير TOTAL حديث;22.5;https://hawarastore.com/wp-content/uploads/2025/08/TFBLI20021.png;yes
TFBLI2030;بطارية 20 فولت 3 امبير TOTAL;22.75;https://hawarastore.com/wp-content/uploads/2025/08/TFBLI2030.png;no
TFBLI2053;بطارية 20 فولت 5 امبير TOTAL صناعي;31.43;https://hawarastore.com/wp-content/uploads/2024/05/TFBLI2053.png;no
TFBLI20531;بطارية 20 فولت 5 امبير موديل حديث TOTAL;30.47;;no
TFBLI2060;بطارية 20 فولت 6 امبير TOTAL صناعي;37;https://hawarastore.com/wp-content/uploads/2025/08/TFBLI2060.png;yes
TFBLI2075;بطارية 20 فولت 7.5 امبير TOTAL صناعي;48.27;https://hawarastore.com/wp-content/uploads/2025/08/TFBLI2075.png;yes
TFBLI2126;بطارية 20 فولت 6 امبير صناعي حديث TOTAL;35.83;https://hawarastore.com/wp-content/uploads/2026/03/TFBLI2126.png;yes
TFBLI2128;بطارية 20 فولت 8 امبير صناعي حديث TOTAL;45.53;https://hawarastore.com/wp-content/uploads/2026/03/TFBLI2128.png;yes
TFBLI241110;مجموعة شحن بطارية 20 فولت + 40 فولت 60 امبير ضمن حقيبة قماشية TOTAL;335.8;;no
TFBLI42251;بطارية 42 فولت 2 امبير ماركة TOTAL;33.39;;no
TFC13012;طرنس لحام 130 امبير بكرة MIG بدون غاز ماركة TOTAL;0;;no
TFC13018;طرنس لحام 130 امبير MMA/MIG بدون غاز لحام عادي 1.6-3.2+ بكرة (0.8+0.9) TOTAL;80.08;;no
TFCLI1613;شاحن بطارية 16 فولت 1.3 امبير TOTAL;5.37;;no
TFCLI2001;شاحن بطارية 20 فولت TOTAL( صناعي ) شحن 2 امبير خلال ساعة;6.67;https://hawarastore.com/wp-content/uploads/2025/08/TFCLI2001.png;yes
TFCLI2003;شاحن بطارية 20 فولت سريع 4 امبير صناعي ماركة TOTAL;15.08;https://hawarastore.com/wp-content/uploads/2024/05/TFCLI2003.png;no
TFCLI2012;شاحن بطارية 20 فولت 2 امبير + وصلة قداحة 12 فولت TOTAL;9.64;;no
TFCLI20411;شاحن بطارية 20 فولت سريع 4 امبير موديل حديث TOTAL;11.58;https://hawarastore.com/wp-content/uploads/2025/08/TFCLI20411.png;yes
TFCLI2064;شاحن بطارية 20 فولت سداسي 4 امبير صناعي حديث TOTAL;26.38;https://hawarastore.com/wp-content/uploads/2025/08/TFCLI2064.png;yes
TFCLI2082;شاحن ثنائي 8 امبير صناعي TOTAL;23.29;https://hawarastore.com/wp-content/uploads/2025/08/TFCLI2082.png;no
TFCLI42021;شاحن بطارية 42 فولط 2 امبير;15.24;;no
TFCLI42041;شاحن بطارية 42 فولت 4 امبير ماركة TOTAL;26.61;;no
TFL012AA1;بيل يدوي ليد حديث 70 شمعة حديث TOTAL;7.61;https://hawarastore.com/wp-content/uploads/2024/03/TFL012AA1.png;no
TFL013AAA1;بيل يدوي المنيوم 200 لومينز بطارية 3AAA (صناعي ) TOTAL;7.8;https://hawarastore.com/wp-content/uploads/2025/08/TFL013AAA1.png;no
TFL013AAA58;بيل يدوي المنيوم 450 لومينز بطارية 3AAA (صناعي ) TOTAL;7.47;;no
TFMFT01151;بانسة جيب متعددة الاستعمالات 1×15 TOTAL;7.2;https://hawarastore.com/wp-content/uploads/2025/08/TFMFT01151.png;yes
TFSLI2031;حفافة بطارية 20 فولت مستطيلة 90*180 مم قاعدة المنيوم بدون بطارية وشاحن مع 5 برداغ TOTAL;32.44;https://hawarastore.com/wp-content/uploads/2025/08/TFSLI2031.png;yes
TFSLI20311;حفافة بطارية 20 فولت مستطيلة 90*180 مم قاعدة المنيوم + بطارية 4 امبير + شاحن مع 5 برداغ TOTAL;52.13;https://hawarastore.com/wp-content/uploads/2025/08/TFSLI20311.png;yes
TFSLI20313;حفافة بطارية 20 فولت مستطيلة 180 × 90 مم + بطارية 4 امبير + شاحن 4 امبير + ورق حف عدد 5 TOTAL;48.21;https://hawarastore.com/wp-content/uploads/2026/02/TFSLI20313.png;yes
TG103251;قصاصة عشب كهربائية يدوية 350 واط TOTAL;20.67;https://hawarastore.com/wp-content/uploads/2025/08/TG103251.png;yes
TG105136;مثقب 550 واط 13 مم شمال يمين - رجاج - TOTAL;18.63;https://hawarastore.com/wp-content/uploads/2024/03/TG105136.png;no
TG1061336;مثقب 650 واط 13 مم رجاج - شمال يمين حديث TOTAL;20.93;https://hawarastore.com/wp-content/uploads/2024/03/TG1061336.png;no
TG1061336-2;مثقب 650 واط 13 مم كوان اتوماتيك شمال يمين TOTAL;21.26;https://hawarastore.com/wp-content/uploads/2024/03/TG1061336-2.png;no
TG1061356;مثقب 680 واط 13 مم شمال يمين - رجاج TOTAL;16.55;https://hawarastore.com/wp-content/uploads/2025/08/TG1061356-2.png;yes
TG1061356-2;مثقب 680 واط 13 مم كوان اتوماتيك ماركة TOTAL;18.11;https://hawarastore.com/wp-content/uploads/2024/03/TG1061356-2.png;no
TG106136;مثقب 650 واط 13 مم رجاج - شمال يمين ماركة TOTAL;22.26;https://sp-ao.shortpixel.ai/client/to_webp,q_glossy,ret_img/https://hawarastore.com/wp-content/uploads/woocommerce-placeholder-600x600.png;no
TG10711526;جلخ صاروخ 4.5 انش 750 واط TOTAL;22.58;https://hawarastore.com/wp-content/uploads/2024/05/TG10711526.png;no
TG10711556;جلخ صاروخ 4.5 انش 750 واط TOTAL حديث;22.36;https://hawarastore.com/wp-content/uploads/2025/08/TG10711556.png;yes
TG1071156;جلخ صاروخ 4.5 انش 710 واط TOTAL;21.93;https://hawarastore.com/wp-content/uploads/2024/03/TG1071156.png;no
TG10711576;جلخ صاروخ 4.5 انش 710 واط TOTAL حديث;16.41;https://hawarastore.com/wp-content/uploads/2025/08/TG10711576.png;no
TG107136;مثقب 710 وط 13 مم رجاج شمال يمين كوان معدن ماركة TOTAL;18.98;https://hawarastore.com/wp-content/uploads/2024/10/TG107136.png;no
TG1071366;مثقب 710 وط 13 مم رجاج شمال يمين كوان معدن كوشوك ماركة TOTAL;19;;no
TG10713662;مثقب 710 واط 13 مم كوان اتوماتيك TOTAL;20;;no
TG10811536;جلخ صاروخ 4.5 انش 850 واط TOTAL حديث;22.93;https://hawarastore.com/wp-content/uploads/2024/03/TG10811536.png;no
TG1081156;جلخ صاروخ 4.5 انش 800 واط TOTAL;25.61;https://hawarastore.com/wp-content/uploads/2024/05/TG1081156.png;no
TG1081316;مثقب 810 واط 13 مم شمال يمين - رجاج - TOTAL (( صناعي ));20.39;https://hawarastore.com/wp-content/uploads/2025/08/TG1081316.png;yes
TG108136;مثقب 750 واط 13 مم شمال يمين - رجاج - TOTAL;23.44;https://hawarastore.com/wp-content/uploads/2024/03/TG108136.png;no
TG10911576;جلخ صاروخ 4.5 انش 960 واط TOTAL;20.31;https://hawarastore.com/wp-content/uploads/2025/08/TG10911576.png;yes
TG10912556;جلخ صاروخ 5 انش 900 واط TOTAL;24.27;https://hawarastore.com/wp-content/uploads/2024/05/TG10912556.png;no
TG109125565;جلخ صاروخ 5 انش 900 واط TOTAL متسارع;26.14;https://hawarastore.com/wp-content/uploads/2024/05/TG10911526.png;no
TG109136;مثقب 850 واط 13 مم شمال يمين - رجاج - TOTAL (( صناعي ));29.36;https://hawarastore.com/wp-content/uploads/2025/08/TG109136.png;no
TG109136-2;مثقب 850 واط 13 مم شمال يمين - رجاج - TOTAL;34.08;;no
TG1091366;مثقب 900 واط 13 مم شمال يمين - رجاج - TOTAL (( صناعي ));23.2;https://hawarastore.com/wp-content/uploads/2025/10/TG1091366.webp;yes
TG10913662;مثقب 900 واط 13 مم شمال يمين - رجاج - كوان اوتوماتيك TOTAL;25.19;https://hawarastore.com/wp-content/uploads/2026/02/TG10913662.png;yes
TG11012526;جلخ صاروخ 5 انش 1100 واط TOTAL يد قصيرة حديث;32.53;https://hawarastore.com/wp-content/uploads/2024/05/TG11012526.png;no
TG11012536;جلخ صاروخ 5 انش 1100 واط TOTAL يد قصيرة;22.19;https://hawarastore.com/wp-content/uploads/2025/08/TG11012536.png;no
TG11012556;جلخ صاروخ 5 انش 1100 واط TOTAL;28.09;https://hawarastore.com/wp-content/uploads/2025/08/TG110125565.png;yes
TG110125565;جلخ صاروخ 5 انش 1100 واط TOTAL متسارع;32.88;https://hawarastore.com/wp-content/uploads/2025/08/TG110125565.png;yes
TG1101256;جلخ صاروخ 5 انش 950 واط TOTAL;28.54;;no
TG111136;مثقب 1010 واط 13 مم شمال يمين - رجاج - نصف معدن (( صناعي )) TOTAL;34.32;https://hawarastore.com/wp-content/uploads/2025/08/TG111136.png;yes
TG1111366;مثقب 1100 واط 13 مم شمال يمين - رجاج - نصف معدن (( صناعي )) TOTAL;33.81;;no
TG111165;مثقب 1050 واط 16 مم شمال يمين - رجاج - نصف معدن (( صناعي )) TOTAL;47.29;https://hawarastore.com/wp-content/uploads/2025/08/TG111165.png;yes
TG1121256;جلخ صاروخ 5 انش 1010 واط TOTAL;33.78;https://hawarastore.com/wp-content/uploads/2025/08/TG1121256-3.png;no
TG1121256-3;جلخ صاروخ 5 انش 1010 واط TOTAL متسارع;32.66;https://hawarastore.com/wp-content/uploads/2025/08/TG1121256-3.png;no
TG11312526;جلخ صاروخ 5 انش 1300 وط TOTAL حديث;35.51;https://hawarastore.com/wp-content/uploads/2025/08/TG11312526.png;no
TG1141256;جلخ صاروخ 5 انش 1400 واط TOTAL;46.54;https://hawarastore.com/wp-content/uploads/2024/05/TG1141256.png;no
TG11512526;جلخ صاروخ 5 انش 1500 واط TOTAL حديث سرعة 9300;47.84;https://hawarastore.com/wp-content/uploads/2025/08/TG11512526.png;no
TG11512536;جلخ صاروخ 5 انش 1500 واط TOTAL حديث سرعة 11000;47.91;https://hawarastore.com/wp-content/uploads/2026/02/TG11512536.png;yes
TG11515026;جلخ صاروخ 6 انش 1500 واط TOTAL;49.57;https://hawarastore.com/wp-content/uploads/2024/05/TG11515026.png;no
TG12018026;جلخ صاروخ 7 انش 2000 واط TOTAL حديث;51.34;https://hawarastore.com/wp-content/uploads/2024/05/TG12018026.png;no
TG1201806;جلخ صاروخ 7 انش 2000 واط TOTAL;51.89;https://hawarastore.com/wp-content/uploads/2024/05/TG1201806.png;no
TG12023026;جلخ صاروخ 9 انش 2000 واط TOTAL;47.99;https://hawarastore.com/wp-content/uploads/2024/05/TG12023026.png;no
TG12223026;جلخ صاروخ 9 انش 2200 واط TOTAL;53.05;https://hawarastore.com/wp-content/uploads/2025/08/TG12223026.png;no
TG1241806;جلخ صاروخ 7 انش 2350 واط TOTAL;69.22;https://hawarastore.com/wp-content/uploads/2024/05/TG1241806.png;no
TG1242306;جلخ صاروخ 9 انش 2350 واط TOTAL;61.77;https://hawarastore.com/wp-content/uploads/2025/05/tg1242306.jpg;no
TG1251806;جلخ صاروخ 7 انش 2400 واط TOTAL;80.87;https://hawarastore.com/wp-content/uploads/2024/05/TG1251806.png;no
TG1252306;جلخ صاروخ 9 انش 2400 واط TOTAL;61.93;https://hawarastore.com/wp-content/uploads/2025/08/TG1252306.png;no
TG1262306;جلخ صاروخ 9 انش 2600 واط TOTAL;71.87;https://hawarastore.com/wp-content/uploads/2024/05/TG1262306.png;no
TG1302306;جلخ صاروخ 9 انش 3000 واط TOTAL;77;https://hawarastore.com/wp-content/uploads/2025/08/TG1302306.png;no
TG2006;جلخ محوري 200 واط 3.2 مم مع 149 قطعة اكسسوار ضمن حقيبة بلاسيك TOTAL;24.58;https://hawarastore.com/wp-content/uploads/2025/08/TG2006.png;yes
TG501032;جلخ محوري 130 واط 3.2 مم مع اكسسوارات ضمن حقيبة بلاستيك TOTAL;20.62;https://hawarastore.com/wp-content/uploads/2024/05/TG501032-1.png;no
TG504062;جلخ محوري 400 واط 6 مم متسارع مع اكسسوارات TOTAL;40.13;https://hawarastore.com/wp-content/uploads/2024/05/TG504062.png;no
TG5121806;مشرط معدني SK4 قياس 18 × 100 مم مع 6 نصلات TOTAL;2.96;https://hawarastore.com/wp-content/uploads/2025/08/TG5121806.png;yes
TG5126101;مشرط معدني مائل SK4 قياس 61 × 19 مم مع 6 نصلات TOTAL;3.54;https://hawarastore.com/wp-content/uploads/2025/08/TG5126101.png;yes
TG513326;جلخ محوري 130 واط 3.2 مم TOTAL مع اكسسوارات ضمن حقيبة بلاستيك TOTAL حديث;18.02;https://hawarastore.com/wp-content/uploads/2025/08/TG513326.png;yes
TG5133261;جلخ محوري 130 واط + مجموعة اكسسوار 252 قطعة ضمن حقيبة بلاستيك TOTAL;28.24;https://hawarastore.com/wp-content/uploads/2025/08/TG5133261.png;yes
TG5261011;منشار شجر (بنزين) 10 انش TOTAL;81.51;https://hawarastore.com/wp-content/uploads/2025/08/TG5261011.png;no
TG5451811;منشار شجر بنزين 18 انش موديل حديث TOTAL;84.37;https://hawarastore.com/wp-content/uploads/2025/08/TG5451811.png;yes
TG5502011;منشار شجر بنزين 20 انش 500 مم عزم 50 CC ماركة TOTAL;97.39;https://hawarastore.com/wp-content/uploads/2026/05/TG5502011.jpeg;yes
TG55061;جلخ محوري 550 واط 6 مم مع 3 قطع اكسسوار TOTAL;27.9;https://hawarastore.com/wp-content/uploads/2025/08/TG55061.png;no
TG5582211;منشار شجر بنزين 22 انش 550 مم عزم 58 CC ماركة TOTAL;115.71;https://hawarastore.com/wp-content/uploads/2026/05/TG5582211.jpeg;yes
TG5602411;منشار شجر بنزين 24 انش صناعي TOTAL;145.89;https://hawarastore.com/wp-content/uploads/2025/08/TG5602411.png;no
TG5622611;منشار شجر بنزين 24 انش 2.6 كيلو واط ماركة TOTAL;131.14;;no
TG5702811;منشار شجر بنزين 28 انش 710 مم عزم 70 CC ماركة TOTAL;146.57;https://hawarastore.com/wp-content/uploads/2026/05/TG5702811-1.jpeg;yes
TG945182;منشار شجر بنزين 18 انش (( صناعي )) TOTAL;148.48;https://hawarastore.com/wp-content/uploads/2024/05/TG945182.png;no
TG945185;منشار شجر بنزين 18 انش TOTAL اوريغون صناعي;103;https://hawarastore.com/wp-content/uploads/2025/08/TG945185.png;no
TGC5001;عزاقة محرك بنزين 6.5 حصان TOTAL 4.8kW ( صناعي );446.62;https://hawarastore.com/wp-content/uploads/2025/08/TGC5001.png;yes
TGCT11201;مسطرة موديل T لقطع الزجاج قياس 120 سم ماركة TOTAL;25.13;https://hawarastore.com/wp-content/uploads/2025/08/TGCT11201.png;yes
TGCT16001;الماسة بللور دائرية بيكار قص زجاج قطر 60 سم TOTAL;5.13;https://hawarastore.com/wp-content/uploads/2025/08/TGCT16001.png;yes
TGEN16821;محرك بنزين 6.5 حصان TOTAL;66.96;https://hawarastore.com/wp-content/uploads/2025/08/TGEN16821.png;yes
TGEN1771;محرك بنزين 9 حصان TOTAL;139.5;https://hawarastore.com/wp-content/uploads/2025/08/TGEN1771.png;yes
TGEN1881;محرك بنزين 13 حصان ماركة TOTAL;166.4;https://hawarastore.com/wp-content/uploads/2025/08/TGEN1881.png;yes
TGGLI1201;فرد سيليكون 12 فولت بدون بطارية TOTAL;9.73;https://hawarastore.com/wp-content/uploads/2025/08/TGGLI1201.png;yes
TGGLI2001;فرد سيليكون حامي بطارية 20 فولت قطر 11.2 مم بدون بطارية وشاحن TOTAL;9.3;https://hawarastore.com/wp-content/uploads/2025/08/TGGLI2001.png;yes
TGGLI2003;فرد سيليكون حامي بطارية 20 فولت مع 3 أصابع سيليكون على كرت بلاستيك TOTAL;7.32;https://hawarastore.com/wp-content/uploads/2026/02/TGGLI2003.png;yes
TGS3088;مشرط قشط طول 34 سم مع 6نصلات TOTAL موديل حديث;2.95;https://hawarastore.com/wp-content/uploads/2026/02/TGS3088.png;yes
TGSLI20126;منشار شجر بطارية 20 فولت قياس 12 انش BL بدون بطارية وشاحن ماركة TOTAL;62.67;;no
TGSLI201262;منشار شجر بطارية 20 فولت 12 انش BL + بطارية 4 امبير عدد 2 + شاحن ماركة TOTAL;96.42;;no
TGSLI20128;منشار شجر بطارية 20 فولت 12انش 900 واط بدون بطارية وشاحن TOTAL;76.02;https://hawarastore.com/wp-content/uploads/2025/08/TGSLI20128.png;yes
TGSLI201286;منشار شجر بطارية 20 فولت 12انش + بطارية 4 امبير عدد 2 + شاحن TOTAL;121.47;https://hawarastore.com/wp-content/uploads/2025/08/TGSLI201286.png;no
TGSLI2056;منشار شجر بطارية 20 فولت 5 انش تزييت ذاتي محرك بدون فحمات بدون بطارية وشاحن ماركة TOTAL;28.93;https://hawarastore.com/wp-content/uploads/2026/03/TGSLI2056.webp;yes
TGSLI20561;منشار شجر بطارية 20 فولت 5 انش + بطارية 2 امبير + شاحن موديل حديث TOTAL;42.23;https://hawarastore.com/wp-content/uploads/2026/04/TGSLI20561.png;yes
TGSLI2058;منشار شجر بطارية 20 فولت 5 انش بدون بطارية وشاحن TOTAL;20.11;https://hawarastore.com/wp-content/uploads/2025/08/TGSLI2058.png;yes
TGSLI20581;منشار شجر بطارية 20 فولت 5 انش + بطارية 2 امبير + شاحن TOTAL مع فحمات 5 متر بالثانية;37;https://hawarastore.com/wp-content/uploads/2025/08/TGSLI20581.png;yes
TGSLI20662;منشار شجر بطارية 20 فولت بدون فحمات سرعة 11 م/ثا قياس 6 انش + بطارية 2 امبير عدد 2 + شاحن ضمن حقيبة بلاسيك TOTAL حديث;69.43;https://hawarastore.com/wp-content/uploads/2025/09/TGSLI20662.jpg;yes
TGSLI2068;منشار شجر بطارية 20 فولت 6 انس بدون بطارية وشاحن TOTAL;59.13;https://hawarastore.com/wp-content/uploads/2025/08/TGSLI2068.png;yes
TGSLI20683;منشار شجر بطارية 20 فولت 6 انش+ بطارية2 امبير عدد 2 + شاحن TOTAL;90.39;https://hawarastore.com/wp-content/uploads/2024/03/TGSLI20683.png;no
TGSLI20685;منشار شجر بطارية 20 فولت 6 انش BL + بطارية 2 امبير عدد 1 + شاحن TOTAL;82.78;https://hawarastore.com/wp-content/uploads/2024/05/TGSLI20685.png;no
TGSLI20686;منشار شجر بطارية 20 فولت 6 انش + بطارية 2 امبير عدد 2 + شاحن + ضمن حقيبة بلاسيك TOTAL;99;https://hawarastore.com/wp-content/uploads/2025/08/TGSLI20686.png;no
TGSLI20851;منشار شجر بطارية 20 فولت 8 انش مع بطارية 2 امبير عدد 1 + شاحن ضمن حقيبة بلاسيك TOTAL;51.53;https://hawarastore.com/wp-content/uploads/2025/08/TGSLI20851.png;no
TGSLI2088;منشار شجر بطارية 20 فولت 8 انش تزييت عادي موديل حديث بدون بطارية وشاحن TOTAL;36.96;https://hawarastore.com/wp-content/uploads/2026/02/TGSLI20882.png;yes
TGSLI20882;منشار شجر بطارية 20 فولت 8 انش تزييت عادي موديل حديث + بطارية 2 امبير عدد 2 + شاحن ضمن حقيبة بلاستيك TOTAL;64.28;https://hawarastore.com/wp-content/uploads/2026/02/TGSLI20882.png;yes
TGSLI401682;منشار شجر بطارية 40 فولت 16 انش BL + بطارية 4 امبير عدد 2 + شاحن مزدوج صناعي TOTAL;143.43;https://hawarastore.com/wp-content/uploads/2025/08/TGSLI401682.png;yes
TGSLI401682 - A;منشار شجر بطارية 40 فولت 16 انش BL + شاحن مزدوج صناعي TOTAL;105.3;;no
TGSLI42681;منشار شجر 6 انش بطارية 42 فولت BL + بطارية 2 امبير عدد 2 + شاحن ضمن حقيبة بلاستيك TOTAL;88.71;https://hawarastore.com/wp-content/uploads/2026/04/TGSLI42681.png;yes
TGT11176;مغسل سيارات 2400 واط 100 بار تدفق 10ل/د محرك صناعي ماركة TOTAL;197.46;https://hawarastore.com/wp-content/uploads/2024/10/TGT11176.png;no
TGT11226;مغسل سيارات 2000 واط 150 بار محرك صناعي + خرطوم 5 متر TOTAL (( صناعي ));106.3;https://hawarastore.com/wp-content/uploads/2025/08/TGT11226.png;no
TGT11236;مغسل سيارات 1500 واط 100 بار محرك صناعي ملف نحاس TOTAL;80.16;https://hawarastore.com/wp-content/uploads/2025/08/TGT11236.png;yes
TGT11246;مغسل سيارات 2500 واط 160 بار محرك صناعي + خرطوم 5 متر+ TOTAL;162.34;https://hawarastore.com/wp-content/uploads/2024/05/TGT11246.png;yes
TGT11266;مغسل سيارات 2800 واط 180 بار محرك صناعي + خرطوم 5 متر TOTAL;205.64;https://hawarastore.com/wp-content/uploads/2024/05/TGT11266.png;no
TGT11266-SPB-6;طقم راس المضخة لزوم مغسل سيارات 2800 واط 180 بار ((صناعي));38.94;https://hawarastore.com/wp-content/uploads/2024/05/TGT11266.png;no
TGT11276;مغسل سيارات 3000 واط 130 بار 4 حصان 14 ل/د ماركة TOTAL;348.75;https://hawarastore.com/wp-content/uploads/2025/08/TGT11276.png;no
TGT113026;مغسل سيارات 1200 واط 90 بار ماركة TOTAL ملف المنيوم;47.81;https://hawarastore.com/wp-content/uploads/2025/08/TGT113026.png;no
TGT11306;مغسل سيارات 1200 واط 90 بار TOTAL ملف نحاس;49.65;https://hawarastore.com/wp-content/uploads/2024/10/TGT11306.png;no
TGT11316;مغسل سيارات 1400 واط محرك فحمات (ملف نحاس) 130 بار مع خرطوم 5 متر TOTAL;49.82;https://hawarastore.com/wp-content/uploads/2025/08/TGT11316.png;yes
TGT11336;مغسل سيارات 1600 واط فحمات ملف نحاس 140 بارمع خرطوم 5 ماركة TOTAL;57.85;https://hawarastore.com/wp-content/uploads/2025/08/TGT11336.png;no
TGT11356;مغسل سيارات 1800 واط محرك فحمات (ملف نحاس) 150 بار مع خرطوم 5 متر TOTAL;79.1;https://hawarastore.com/wp-content/uploads/2025/08/TGT11356.png;no
TGT11376;مغسل سيارات 2000 واط , 160 بار محرك فحمات (ملف نحاس )+ خرطوم 5 متر TOTAL;75.53;https://hawarastore.com/wp-content/uploads/2025/08/TGT11376.png;no
TGT141181;قصاصة عشب عرباية بنزين 4 حصان محرك صناعي TOTAL;198.5;https://hawarastore.com/wp-content/uploads/2025/08/TGT141181.png;yes
TGT141182;قصاصة عشب عرباية بنزين 3 كيلو واط TOTAL دفع ذاتي;212.64;https://hawarastore.com/wp-content/uploads/2025/08/TGT141182.png;yes
TGT196202;قصاصة عشب عرباية بنزين 20 إنش بنزين 3.5 كيلو واط ( 196 CC ) قوة 4.8 حصان ماركة TOTAL دفع ذاتي;302.06;https://hawarastore.com/wp-content/uploads/2025/08/TGT196202.png;yes
TGT250103;مغسل سيارات بنزين 5 حصان 206 بار مع 7.6 متر خرطوم على عربة TOTAL;281.23;https://hawarastore.com/wp-content/uploads/2024/10/TGT250103.png;no
TGT250105;مغسل صناعي 214 بار بنزين 6 حصان تصريف 8.7 ليتر/د مع اكسسوارات ماركة TOTAL;218.59;https://hawarastore.com/wp-content/uploads/2024/05/TGT250105.png;yes
TGT250206;مغسل صناعي 235 بار بنزين 7 حصان تصريف 9.5 ليتر/د مع اكسسوارات ماركة TOTAL;322.3;https://hawarastore.com/wp-content/uploads/2024/05/TGT250206.png;yes
TGT250306;مغسل صناعي 282 بار بنزين 8.5 حصان تصريف 13.5 ليتر/د مع اكسسوارات حديث ماركة TOTAL;462.17;https://hawarastore.com/wp-content/uploads/2025/08/TGT250306.png;no
TGT524551;قصاصة عشب بنزين يدوية سور 850 واط TOTAL;133.25;https://hawarastore.com/wp-content/uploads/2024/03/TGT524551.png;no
TGT612131;قصاصة عشب عرباية كهربائية 1200 واط محرك فحمات ماركة TOTAL;50.62;https://hawarastore.com/wp-content/uploads/2025/08/TGT612131.png;yes
TGT616151;قصاصة عشب عرباية كهربائية 1600 واط محرك صناعي مع مفتاح عيار منسوب القطع خزان 50 لتر TOTAL;103.29;https://hawarastore.com/wp-content/uploads/2025/08/TGT616151.png;yes
TGT616152;قصاصة عشب عرباية كهربائية 1600 واط TOTAL حديثة;64.37;https://hawarastore.com/wp-content/uploads/2025/08/TGT616152.png;yes
TGTAN4501;وصلة مرش منحنية 45 درجة لزوم مغسل TGTSG026 ماركة TOTAL;3.57;https://hawarastore.com/wp-content/uploads/2025/08/TGTAN4501.png;yes
TGTBCB91;ديسك قصاصة عشب لزوم TOTAL TP445441 Bush cutter blade;3.45;https://hawarastore.com/wp-content/uploads/2024/03/TGTBCB91.png;yes
TGTBCB95;شفرة قصاصة عشب 255 مم 10 انش ماركة TOTAL;3.63;https://hawarastore.com/wp-content/uploads/2025/08/TGTBCB95.png;yes
TGTCSB181;سيف منشار شجر بنزين TG945182 صناعي TOTAL;22.79;https://hawarastore.com/wp-content/uploads/2024/05/TGTCSB181.png;no
TGTCSB185;سيف منشار شجر بنزين TG945185 ماركة TOTAL;20.21;https://hawarastore.com/wp-content/uploads/2024/05/TGTCSB185.png;no
TGTHB2791;فرشاة مثلثة لزوم المغسل TGTSG026ماركة TOTAL;4.26;https://hawarastore.com/wp-content/uploads/2025/08/TGTHB2791.png;yes
TGTHPH52;خرطوم مغسل 160 بار5 متر مع عزقة لزوم مغسل TGT11266/2800;7.4;https://hawarastore.com/wp-content/uploads/2025/08/TGTHPH526.png;yes
TGTHPH526;خرطوم مغسل 160 بار 5 متر دك ضغط عالي ( 1400-1800-2000-2500 ) TOTAL كبس;6.44;https://hawarastore.com/wp-content/uploads/2025/08/TGTHPH526.png;no
TGTHPH53;خرطوم مغسل5 متر ضغط عالي 200 بار ل 2800واط -TGT11266 ماركة TOTAL;23.83;https://hawarastore.com/wp-content/uploads/2024/03/TGTHPH53.png;no
TGTLI2001;قصاصة عشب 20 فولت ( لطاشة ) بدون بطارية وشاحن TOTAL;42.19;https://hawarastore.com/wp-content/uploads/2025/08/TGTLI2001.png;yes
TGTLI20018;قصاصة عشب لطاشة 20 فولت ذراع 25-50 سم بدون بطارية وشاحن TOTAL;21.22;;no
TGTLI20301;قصاصة عشب 20 فولت ( لطاشة ) مع بطارية 2 امبير وشاحن ونظارات وكفوفTOTAL;42.26;https://hawarastore.com/wp-content/uploads/2025/08/TGTLI20301.png;no
TGTLI20328;قصاصة عشب 20 فولت ( لطاشة ) بدون بطارية و شاحن ذراع 50-80 سم الرأس قابل للتعديل مرفق بدولاب تحديد مستوى ماركة TOTAL سوبر توتال;26.32;https://hawarastore.com/wp-content/uploads/2025/08/TGTLI20328.png;yes
TGTLI203285;قصاصة عشب 20 فولت ( لطاشة ) مع بطارية و شاحن ذراع 25-50سم الرأس قابل للتعديل مرفق بدولاب تحديد مستوى ماركة TOTAL سوبر توتال;47.59;;no
TGTLS1261;بكرة شريط قص عشب لزوم TOTAL TG103251 Line spool;1.66;https://hawarastore.com/wp-content/uploads/2024/05/TGTLS1261.png;yes
TGTLS251;بكرة شريط قص عشب لزوم TOTAL TP425381 Line spool;3.83;https://hawarastore.com/wp-content/uploads/2024/05/TGTLS251.png;no
TGTLS2541;بكرة شريط قص عشب لزوم TOTAL TP445442/ TP445441 Line spool;5.82;https://hawarastore.com/wp-content/uploads/2024/05/TGTLS251.png;yes
TGTPB251;فرشاة دائرية لزوم المغسل TGTSG026ماركة TOTAL;8.76;https://hawarastore.com/wp-content/uploads/2025/08/TGTPB251.png;yes
TGTPCH751;انبوب راصور تنظيف مجاري لزوم مغسل الضغط العالي طول 7.5 متر الضغط الاعظمي 150 بار رأس راصور TOTAL;8.23;https://hawarastore.com/wp-content/uploads/2025/08/TGTPCH751.png;yes
TGTSB50501;سيف منشار شجر بطارية 5 انش ماركة TOTAL;3.1;https://hawarastore.com/wp-content/uploads/2025/08/TGTSB50501.png;no
TGTSB50518;سيف منشار شجر بطارية 5 انش ماركة TOTAL موديل حديث;2.32;;no
TGTSB50618;سيف منشار شجر بنزين 6 انش ماركة TOTAL;3.85;;no
TGTSB50801;سيف منشار شجر بطارية 8 انش لزوم TGSLI20851 ماركة TOTAL;4.36;https://hawarastore.com/wp-content/uploads/2025/08/TGTSB50801.png;no
TGTSB50818;سيف منشار شجر بطارية 8 انش لزوم TGSLI2088+tgsli20882  ماركة TOTAL;4.54;;no
TGTSB51001;سيف منشار شجر بنزين 10 انش لزوم TG5261011 ماركة TOTAL;6.09;https://hawarastore.com/wp-content/uploads/2025/08/TGTSB51001.png;yes
TGTSB51201;سيف منشار شجر بطارية 12 انش ماركة TOTAL;6.6;https://hawarastore.com/wp-content/uploads/2025/08/TGTSB51201.png;yes
TGTSB51218;سيف منشار شجر  12 انش ماركة TOTAL;5.39;;no
TGTSB51603;سيف منشار شجر بطارية 16 انش لزوم TGSLI401682 حديث ماركة TOTAL;6.28;https://hawarastore.com/wp-content/uploads/2025/08/TGTSB51603.png;yes
TGTSB51801;سيف منشار شجر بنزين 18 انش TG5451811 ماركة TOTAL;8.44;https://hawarastore.com/wp-content/uploads/2025/08/TGTSB51801.png;yes
TGTSB52401;سيف منشار شجر بنزين 24 انش لزوم TG5602411 ماركة TOTAL;15.83;https://hawarastore.com/wp-content/uploads/2025/08/TGTSB52401.png;yes
TGTSC181;جنزير منشار بنزين اوريغون 18 انش 35 سن لزوم منشار TG945182صناعي TOTAL;23.17;https://hawarastore.com/wp-content/uploads/2024/05/TGTSC181.png;no
TGTSC185;جنزير منشار بنزين TG945185 ماركة TOTAL;13.73;https://hawarastore.com/wp-content/uploads/2024/05/TGTSC181.png;no
TGTSC50501;جنزير منشار بنزين 5انش- 32 حبة لزوم TGSLI2058/TGSLI20581ماركة TOTAL;2.96;https://hawarastore.com/wp-content/uploads/2025/08/TGTSC50501.png;yes
TGTSC50518;جنزير منشار بنزين 5انش- 36 حبة لزوم TGSLI2056/TGSLI20561ماركة TOTAL;2.5;;no
TGTSC50601;جنزير منشار بنزين 6انش- 38 حبة لزوم TGSLI2068/TGSLI20685ماركة TOTAL;5.32;https://hawarastore.com/wp-content/uploads/2025/08/TGTSC50601.png;no
TGTSC50618;جنزير منشار بنزين 6 انش- 38 حبة لزوم TGSLI2068/TGSLI20685/TGSLI2068/UTGSLI20683/TGSLI20681 ماركة TOTAL;5.27;;no
TGTSC50801;جنزير منشار بنزين 8 انش- 33 حبة لزوم TGSLI20851ماركة TOTAL;4.28;https://hawarastore.com/wp-content/uploads/2025/08/TGTSC50801.png;no
TGTSC50818;جنزير منشار بنزين 8 انش- 47 حبة لزوم TGSLI20882ماركة TOTAL حديث .;6.46;;no
TGTSC508181;جنزير منشار بنزين 8 انش- 47 حبة لزوم TGSLI20882ماركة TOTAL موديل حديث;0;;no
TGTSC51001;جنزير منشار بنزين 10 انش 20 حبة منشار TG5261011 ماركة TOTAL;6.57;https://hawarastore.com/wp-content/uploads/2025/08/TGTSC51001.png;no
TGTSC51201;جنزير منشار شجر 12 انش 44 حبة ماركة TOTAL;6.2;https://hawarastore.com/wp-content/uploads/2025/08/TGTSC51201.png;no
TGTSC51218;جنزير منشار شجر 12 انش 45حبة ماركة TOTAL;5.59;;no
TGTSC51603;جنزير منشار بنزين 16 انش 56 حبة لزوم منشار TGSLI401682 ماركة TOTAL;5.91;https://hawarastore.com/wp-content/uploads/2025/08/TGTSC51603.png;no
TGTSC51801;جنزير منشار بنزين 18 انش - 36 حبة TG5451811 ماركة TOTAL;8.62;https://hawarastore.com/wp-content/uploads/2025/08/TGTSC51801.png;yes
TGTSC52401;جنزير منشار بنزين 24 انش 42 حبة لزوم TG5602411 ماركة TOTAL;15.15;https://hawarastore.com/wp-content/uploads/2025/08/TGTSC52401.png;yes
TGTSG02;فرد + مقدمة لزوم مغسل 2800 واط سن ديق المنيوم مع مقدمة جك;12.74;https://hawarastore.com/wp-content/uploads/2025/08/TGTSG026.png;no
TGTSG026;فرد مغسل ( 1400-1800-2000-2500 ) TOTAL;10.59;https://hawarastore.com/wp-content/uploads/2025/08/TGTSG026.png;no
TGTSG03;فرد + مقدمة لزوم مغسل 2800 واط سن نحاس ديق مع مقدمة سن;11.17;https://hawarastore.com/wp-content/uploads/2024/05/TGTSG03.png;yes
TGTST0206;طقم مفكات براغي طرق قطعتين S2 شق + مصالب ماركة TOTAL حديث;2.36;;no
TGTST0606;طقم مفكات براغي طرق 6 قطع S2 مصالب + شق حديث ماركة TOTAL;9.03;;no
TGTWB1781;فرشاة دولاب لزوم المغسل TGTSG026ماركة TOTAL;3.72;https://hawarastore.com/wp-content/uploads/2025/08/TGTWB1781.png;yes
TGULI2001;مشحمة بطارية 20 فولت سعة 400 مل تركب على مثقب بطارية TOTAL;55.39;https://hawarastore.com/wp-content/uploads/2025/08/TGULI2001.png;yes
TGWPLI201801;مضخة ماء 20 فولت 180 واط رفع 22 م غزارة 47 ل/د -30 دقيقة تشغيل مفتاح تحكم بتوفير الطاقة بدون بطارية وشاحن TOTAL حديث;54;https://hawarastore.com/wp-content/uploads/2025/08/TGWPLI201801.png;yes
TH110266;كسارة دق برم 1050 واط 26 مم SDS PLUS حقيبة بلاستيك موديل حديث ماركة TOTAL;48.61;https://hawarastore.com/wp-content/uploads/2025/08/TH110266.png;yes
TH110286;كسارة دق برم 1050 واط 26 مم SDS PLUS حقيبة بلاستيك TOTAL;68.5;https://hawarastore.com/wp-content/uploads/2024/05/TH110286.png;no
TH112386;كسارة دق برم 1200 واط 38 مم 8 جول SDS MAX مانع اهتزاز + اكسسوارات ضمن حقيبة بلاستيك TOTAL;144.58;https://hawarastore.com/wp-content/uploads/2024/05/TH112386.png;no
TH112426;كسارة دق برم 1200 واط 42 مم 10 جول SDS MAX جسم بلاستيك مانع اهتزاز صناعي حقيبة بلاستيكTOTAL;161.71;https://hawarastore.com/wp-content/uploads/2024/05/TH112426-1.png;yes
TH1153216;كسارة دق برم 1500 واط SDS PLUS حقيبة بلاستيك جسم بلاستيك (( صناعي )) TOTAL;60.56;https://hawarastore.com/wp-content/uploads/2025/08/TH1153216.png;yes
TH1153236;كسارة دق برم 1500 واط 32 مم SDS PLUS نصف بلاستيك نصف معدن مع ميزة قشر 5.5 جول TOTAL;65.47;https://hawarastore.com/wp-content/uploads/2025/08/TH1153236.png;yes
TH1153256;كسارة دق برم 1500 واط 32 مم SDS PLUS حقيبة بلاستيك جسم معدن (( صناعي )) TOTAL موديل حديث;57.45;https://hawarastore.com/wp-content/uploads/2025/08/TH1153256.png;yes
TH115326;كسارة دق برم 1500 واط 32 مم SDS PLUS حقيبة بلاستيك جسم معدن (( صناعي )) TOTAL;61.52;https://hawarastore.com/wp-content/uploads/2024/05/TH115326.png;no
TH115526;كسارة دق برم 1500 واط 52 مم 15 جول SDS MAX جسم بلاستيك مانع اهتزاز صناعي حقيبة بلاستيكTOTAL;330.45;https://hawarastore.com/wp-content/uploads/2025/08/TH115526.png;no
TH1163855;كسارة دق برم 1600 واط 40 مم 10 جول SDS MAX مانع اهتزاز ضمن حقيبة بلاستيك TOTAL حديث;86.97;https://hawarastore.com/wp-content/uploads/2025/05/TH1163855.png;yes
TH116386;كسارة دق برم 1600 واط 9 جول SDS MAX مانع اهتزاز + اكسسوارات من حقيبة بلاستيك TOTAL;94.71;https://hawarastore.com/wp-content/uploads/2024/05/TH116386.png;no
TH117556;كسارة دق برم 1700 واط 55 مم 19 جول SDS MAX جسم بلاستيك مانع اهتزاز صناعي حقيبة بلاستيك دولاب حديث TOTAL;383.18;https://hawarastore.com/wp-content/uploads/2025/08/TH117556.png;yes
TH118366;كسارة دق برم 1800 واط 36 مم 7 جول SDS PLUS حقيبة بلاستيك +مانع اهتزاز TOTAL;77.08;https://hawarastore.com/wp-content/uploads/2024/05/TH118366.png;yes
TH2130016;كسارة دق 1300 واط HEX-38 ضمن حقيبة بلاستيك TOTAL حديث;70;https://hawarastore.com/wp-content/uploads/2024/10/TH213006.png;yes
TH213006;كسارة دق 1300 واط 38 -HEX + اكسسوارات ضمن حقيبة بلاستيكية TOTAL;84.2;https://hawarastore.com/wp-content/uploads/2025/08/TH213006.png;no
TH214008;كسارة دق 1400 واط HEX-38 ضمن حقيبة بلاستيك TOTAL حديث;80.35;;no
TH215002;كسارة دق 1500 واط SDS MAX (مانع اهتزاز) ضمن حقيبة بلاستيك TOTAL;168.59;https://hawarastore.com/wp-content/uploads/2024/05/TH215002.png;yes
TH215456;كسارة دق زيت 1700 واط 65 - HEX جسم معدن +ازاميل (شوكة+مبسط) ضمن حقيبة بلاستيكTOTAL;139.68;https://hawarastore.com/wp-content/uploads/2025/08/TH215456.png;yes
TH217068;كسارة دق زيت 1700 واط 50 جول وزن 14 كغ 65 - HEX + (ازميل شوكة )ضمن حقيبة بلاستيك TOTAL حديث;114.9;https://hawarastore.com/wp-content/uploads/2025/08/TH217068.png;yes
TH217088;كسارة دق زيت 1700 واط 60 جول وزن 14 كغ + ازاميل(شوكة+ مبسط) ضمن حقيبة بلاستيك TOTAL;121.97;https://hawarastore.com/wp-content/uploads/2026/02/TH217088.png;yes
TH217506;كسارة دق شحم 1700 واط 65 - HEX حقيبة بلاستيك + مانع اهتزاز (( صناعي )) TOTAL;205.9;https://hawarastore.com/wp-content/uploads/2024/05/TH217506.png;no
TH220502;كسارة دق شوارع 2200 واط 75 جول HEX + اكسسوارات (ازميل شوكة+ مبسط ) TOTAL;390.6;https://hawarastore.com/wp-content/uploads/2024/05/TH220502.png;yes
TH220502-S;قاعدة كسارة شوارع (( صناعي )) TOTAL;36.28;https://hawarastore.com/wp-content/uploads/2025/08/TH220502-S.png;yes
TH306226;مثقب 650 واط 22 مم SDS PLUS حقيبة بلاستيك TOTAL;40.38;https://hawarastore.com/wp-content/uploads/2025/08/TH306226.png;no
TH306236;مثقب 650 واط 22 مم 1.7 جول SDS PLUS ضمن حقيبة بلاستيك TOTAL حديث;38;https://hawarastore.com/wp-content/uploads/2025/08/TH306236.png;yes
TH308266;مثقب 800 واط 26 مم SDS PLUS + اكسوارات ضمن حقيبة بلاستيك TOTAL;45.7;https://hawarastore.com/wp-content/uploads/2024/03/TH308266-2.png;no
TH308266-2;مثقب 800 واط 26 مم SDS PLUS حقيبة بلاستيك + كوانة اتوماتيك TOTAL;53.57;https://hawarastore.com/wp-content/uploads/2025/08/TH308266-2.png;no
TH308268;مثقب 800 واط 26 مم 2.5 جول SDS PLUS +اكسسوارات ضمن حقيبة بلاستيك TOTAL;42.08;https://hawarastore.com/wp-content/uploads/2025/08/TH308268-2.png;yes
TH308268-2;مثقب 800 واط 26 مم 2.5 جول SDS PLUS + كوانة اتوماتيك + اكسسوارات ضمن حقيبة بلاستيك TOTAL (( حديث ));48.08;https://hawarastore.com/wp-content/uploads/2025/08/TH308268-2.png;no
TH309288;مثقب 950 واط 28 مم 2.5 جول SDS PLUS + اكسسوارات ضمن حقيبة بلاستيك TOTAL;48.79;https://hawarastore.com/wp-content/uploads/2025/08/TH309288.png;yes
TH309288-2;مثقب 950 واط باطون 28 مم 2.5 جول SDS PLUS +كوانة اتوماتيك + اكسسوارات ضمن حقيبة بلاستيك TOTAL;53.91;https://hawarastore.com/wp-content/uploads/2026/02/TH309288-2.png;yes
THAB1D01;بطارية 1.5 فولت 18000 ميلي امبير 20 LR ماركة TOTAL;1;https://hawarastore.com/wp-content/uploads/2024/03/THAB1D01.png;no
THAB2A01;بطارية 1.5 فولت AA ميلي امبير 2900 ماركة TOTAL;0.19;https://hawarastore.com/wp-content/uploads/2025/08/THAB2A01.png;yes
THAB3A01;بطارية 1.5 فولت AAA ميلي امبير 1300 ماركة TOTAL;0.15;https://hawarastore.com/wp-content/uploads/2025/08/THAB3A01.png;yes
THAX061250;فاس 1250 غرام قصيرة طول 70 سم يد فيبر غلاس موديل حديث ماركة TOTAL;8.39;https://hawarastore.com/wp-content/uploads/2025/08/THAX061250.png;yes
THAX061600L;فاس وزن 600 غرام قبضة فيبر غلاس امتصاص صدمات TOTAL;7.14;https://hawarastore.com/wp-content/uploads/2025/09/THAX061600L.jpg;yes
THBEB06082;قضيب لوي طول 30 سم لزوم حدادين ماركة TOTAL;2.05;https://hawarastore.com/wp-content/uploads/2025/08/THBEB06082.png;yes
THBEB08102;قضيب لوي طول 40 سم لزوم حدادين ماركة TOTAL;2.67;https://hawarastore.com/wp-content/uploads/2025/08/THBEB08102.png;yes
THBEB10122;قضيب لوي طول 50 سم لزوم حدادين ماركة TOTAL;3.17;https://hawarastore.com/wp-content/uploads/2025/08/THBEB10122.png;yes
THBEB12142;قضيب لوي طول 60 سم لزوم حدادين ماركة TOTAL;4.89;https://hawarastore.com/wp-content/uploads/2025/08/THBEB12142.png;yes
THBP01250;مبردة جبسمبورد 250 مم ( فارة ) ماركة TOTAL;4.88;https://hawarastore.com/wp-content/uploads/2025/08/THBP01250.png;no
THBP0201;حقيبة عدة على الظهر قماشية ( صناعي ) TOTAL;16.11;https://hawarastore.com/wp-content/uploads/2024/03/THBP0201.png;no
THBP02025;حقيبة عدة على الظهر قماشية 18 انش 8 كغ ماركة TOTAL;15.82;https://hawarastore.com/wp-content/uploads/2025/05/THBP02025.png;no
THBP04025;حقيبة عدة على الظهر حمل 15 كغ قاعدة بلاستيك مقوى ماركة TOTAL;18.48;https://hawarastore.com/wp-content/uploads/2026/06/THBP04025.png;yes
THCD02;خرطوشة كمامة تنفس TOTAL لزوم THRS02;2.88;https://hawarastore.com/wp-content/uploads/2025/08/THCD02.png;yes
THCH6004;طقم مطارق 4 قطع TOTAL;8.93;https://hawarastore.com/wp-content/uploads/2025/08/THCH6004.png;yes
THCH61008;مطرقة حديد 220 غرام ( شاكوش ) يد فيبر غلاس ملونة حديث ماركة TOTAL;1.99;https://hawarastore.com/wp-content/uploads/2025/08/THCH61008D.png;yes
THCH61008D;مطرقة شاكوش 220 غرام قصيرة يد فيبر غلاس موديل حديث ماركة TOTAL;1.85;https://hawarastore.com/wp-content/uploads/2025/08/THCH61008D.png;yes
THCH61016;مطرقة شاكوش 450 غ 160 Z كربون ستيل TOTAL;2.77;https://hawarastore.com/wp-content/uploads/2026/02/THCH61016.png;yes
THCHIT7006;مطرقة مخلب 700 غرام موديل فرنسي ماركة TOTAL;4.66;https://hawarastore.com/wp-content/uploads/2025/08/THCHIT7006.png;yes
THCPC0506;مكبس حبسة مكثف عارية لغاية 6 مم عادي طول 9 انش صناعي ماركة TOTAL;7.02;https://hawarastore.com/wp-content/uploads/2024/05/THCPC0506.png;no
THCPG2510;مكبس راس شريط من 0.25 لغاية 10 مم طول 6 انش ملبس صناعي ماركة TOTAL;7.59;https://hawarastore.com/wp-content/uploads/2025/08/THCPG2510.png;yes
THCPJ0506;مكبس راس شريط لغاية 6 مم طول 9 انش ملبس صناعي ماركة TOTAL;7.02;https://hawarastore.com/wp-content/uploads/2024/05/THCPJ0506.png;no
THCPL1506;مكبس راس شريط عاري لغاية 6 مم طول 9 انش عاري صناعي ماركة TOTAL;7.02;https://hawarastore.com/wp-content/uploads/2024/05/THCPL1506.png;no
THCS30026;منشار شجر راس رفيع قياس 12 انش TOTAL;2.3;https://hawarastore.com/wp-content/uploads/2025/08/THCS30026.png;yes
THCS3006;منشار شجر رأس رفيع SK5 قياس 12 انش TOTAL;3.27;https://hawarastore.com/wp-content/uploads/2024/05/THCS3006.png;no
THCS30062;منشار شجر رأس رفيع قياس 12 انش TOTAL حديث;0;;no
THCT0240;مكبس هيدروليك لزوم كابلات من 16 حتى 240 مم مربع ماركة TOTAL;34.97;https://hawarastore.com/wp-content/uploads/2025/08/THCT0240.png;yes
THCT070;مكبس هيدروليك لزوم كابلات من 4 لغاية 70 مم 2ماركة TOTAL;29.61;https://hawarastore.com/wp-content/uploads/2025/08/THCT070.png;yes
THDSB0812;زاوية مفردة 20 × 30 سم حمل 200 كغ مع دعمة ماركة TOTAL;1.2;https://hawarastore.com/wp-content/uploads/2025/08/THDSB0812.png;no
THDSB1016;زاوية مفردة 25 × 40 سم حمل 200 كغ مع دعمة ماركة TOTAL;1.61;https://hawarastore.com/wp-content/uploads/2025/08/THDSB1016.png;yes
THDSB1320;زاوية مفردة 33 × 50 سم حمل 200 كغ مع دعمة ماركة TOTAL;2.05;https://hawarastore.com/wp-content/uploads/2025/08/THDSB1320.png;yes
THEB12051;تطويلة فنجان 127 مم 5انش نوع TOTAL;1.18;https://hawarastore.com/wp-content/uploads/2025/08/THEB12051.png;yes
THEB12101;تطويلة فنجان 254 مم 10انش نوع TOTAL;1.84;https://hawarastore.com/wp-content/uploads/2025/08/THEB12101.png;yes
THEPS25281;منشار شجر أغصان مزود بأداة تقليم + عصى تطويل 1.2 - 2.8 متر ماركة TOTAL صناعي;14.14;https://hawarastore.com/wp-content/uploads/2025/08/THEPS25281.png;yes
THES03041V;شريط سيار 13 امبير كبل 3 متر قياس 1.25مم نحاس EXTENSION SOCKET;11.18;https://hawarastore.com/wp-content/uploads/2025/08/THES03041V.png;no
THES051708;مقص يدوي 7 انش 170 مم لزوم اعمال الكهرباء تتميز الشفرات بوجود مسننات ماركة TOTAL;5.16;https://hawarastore.com/wp-content/uploads/2025/08/THES051708.png;yes
THESA63001;ميزان تعليق ديجيتال 300 كغ دقة 100 غ ماركة TOTAL;25.94;https://hawarastore.com/wp-content/uploads/2025/08/THESA63001.png;yes
THFB4301;فرشاة مغسل ضغط عالي مستطيلة 420*130مم حديث على كرت ماركة TOTAL;1.53;https://hawarastore.com/wp-content/uploads/2025/08/THFB4301.png;yes
THFND061;طقم مفتاح جوز 5+6+8+9+10+12 قابل للطي ماركة TOTAL;4.45;https://hawarastore.com/wp-content/uploads/2025/08/THFND061.png;yes
THFSW18026;منشار تقليم شجر طوي 7 انش 180 مم TOTAL نصلة MN65;2.28;https://hawarastore.com/wp-content/uploads/2025/08/THFSW18026.png;yes
THFSW1806;منشار تقليم شجر طوي 7 انش 180مم TOTAL نصلة SK5 صناعي;2.95;https://hawarastore.com/wp-content/uploads/2025/08/THFSW1806.png;yes
THFTF38;شوكة صغيرة للحدائق طول 32 سم عرض 8 سم ماركة TOTAL;1.77;https://hawarastore.com/wp-content/uploads/2025/08/THFTF38.png;yes
THFTR1008;مجرفة صغيرة للحدائق طول 27 سم عرض 8.2 سم ماركة TOTAL;1.77;https://hawarastore.com/wp-content/uploads/2025/08/THFTR1008.png;yes
THFTT858;كيل تراب طول 34 سم ماركة TOTAL;1.77;https://hawarastore.com/wp-content/uploads/2025/08/THFTT858.png;yes
THGSPH21506;مفك براغي طرق مصالب PH2*150 ماركة TOTAL (( صناعي ))CRV;1.29;https://hawarastore.com/wp-content/uploads/2025/08/THGSPH21506.png;yes
THGSS2206;طقم مفكات براغي طرق قطعتين S2 شق+ مصالب ماركة TOTAL;2.66;https://hawarastore.com/wp-content/uploads/2025/08/THGSS2206.png;no
THGSS35061;طقم مفكات براغي طرق 6 قطع ( 3 عادي و3 مصالب ) TOTAL;3.96;https://hawarastore.com/wp-content/uploads/2025/08/THGSS35061.png;no
THGSS35121;طقم مفكات براغي طرق CR-V قطعتين شق+ مصالب TOTAL;3.1;https://hawarastore.com/wp-content/uploads/2024/05/THGSS35121.png;no
THGT979K;مجرفة صغيرة للحدائق مع فاس طول 29 سم عرض 7.5 سم ماركة TOTAL;1.77;https://hawarastore.com/wp-content/uploads/2025/08/THGT979K.png;yes
THHC1202;وصلة واي بلاستيكية ماركة TOTAL;2.18;https://hawarastore.com/wp-content/uploads/2025/08/THHC1202.png;yes
THHC604101;وصلة 4 خطوط بلاستيكية ماركة TOTAL;4.91;https://hawarastore.com/wp-content/uploads/2025/08/THHC604101.png;yes
THHCS05122;وصلة مغسل 5 قطع موديل حديث TOTAL;1.65;https://hawarastore.com/wp-content/uploads/2025/08/THHCS05122.png;yes
THHISD0119L;فنجان معالجة حرارية 1 انش قياس 19 مم طول 9 سم صناعي ماركة TOTAL;5.25;https://hawarastore.com/wp-content/uploads/2025/08/THHISD0119L.png;yes
THHISD0121L;فنجان معالجة حرارية 1 انش قياس 21 مم طول 9 سم صناعي ماركة TOTAL;5.25;https://hawarastore.com/wp-content/uploads/2025/08/THHISD0121L.png;yes
THHISD0122L;فنجان معالجة حرارية 1 انش قياس 22 مم طول 9 سم صناعي ماركة TOTAL;5.25;https://hawarastore.com/wp-content/uploads/2025/08/THHISD0122L.png;yes
THHISD0123L;فنجان معالجة حرارية 1 انش قياس 23 مم طول 9 سم صناعي ماركة TOTAL;5.25;https://hawarastore.com/wp-content/uploads/2025/08/THHISD0123L.png;yes
THHISD0124L;فنجان معالجة حرارية 1 انش قياس 24 مم طول 9 سم صناعي ماركة TOTAL;6.46;https://hawarastore.com/wp-content/uploads/2025/08/THHISD0124L.png;yes
THHISD0127L;فنجان معالجة حرارية 1 انش قياس 27 مم طول 9 سم صناعي ماركة TOTAL;6.46;https://hawarastore.com/wp-content/uploads/2025/08/THHISD0127L.png;yes
THHISD0130L;فنجان معالجة حرارية 1 انش قياس 30 مم طول 9 سم صناعي ماركة TOTAL;6.46;https://hawarastore.com/wp-content/uploads/2025/08/THHISD0130L.png;yes
THHISD0132L;فنجان معالجة حرارية 1 انش قياس 32 مم طول 9 سم صناعي ماركة TOTAL;6.46;https://hawarastore.com/wp-content/uploads/2025/08/THHISD0132L.png;yes
THHISD0133L;فنجان معالجة حرارية 1 انش قياس 33 مم طول 9.2 سم صناعي ماركة TOTAL;6.46;https://hawarastore.com/wp-content/uploads/2025/08/THHISD0133L.png;yes
THHISD0134L;فنجان معالجة حرارية 1 انش قياس 34 مم طول 9.2 سم صناعي ماركة TOTAL;5.25;https://hawarastore.com/wp-content/uploads/2025/08/THHISD0134L.png;yes
THHISD0136L;فنجان معالجة حرارية 1 انش قياس 36 مم طول 9.2 سم صناعي ماركة TOTAL;6.46;https://hawarastore.com/wp-content/uploads/2025/08/THHISD0136L.png;yes
THHISD0138L;فنجان معالجة حرارية 1 انش قياس 38 مم طول 9.2 سم صناعي ماركة TOTAL;7.49;https://hawarastore.com/wp-content/uploads/2025/08/THHISD0138L.png;yes
THHISD0141L;فنجان معالجة حرارية 1 انش قياس 41 مم طول 9.2 سم صناعي ماركة TOTAL;7.49;https://hawarastore.com/wp-content/uploads/2025/08/THHISD0141L.png;yes
THHISD0142L;فنجان معالجة حرارية 1 انش قياس 42 مم طول 9.2 سم صناعي ماركة TOTAL;7.49;https://hawarastore.com/wp-content/uploads/2025/08/THHISD0142L.png;yes
THHISD0146L;فنجان معالجة حرارية 1 انش قياس 46 مم طول 9.5 سم صناعي ماركة TOTAL;10.08;https://hawarastore.com/wp-content/uploads/2025/08/THHISD0146L.png;yes
THHISD0148L;فنجان معالجة حرارية 1 انش قياس 48 مم طول 9.5 سم صناعي ماركة TOTAL;10.62;https://hawarastore.com/wp-content/uploads/2025/08/THHISD0148L.png;yes
THHR20124;خرطوم ماء 1/2 انش 20 متر مع قاعدة مع 6 قطع اكسسوار ماركة TOTAL (صناعي);23.54;https://hawarastore.com/wp-content/uploads/2025/05/THHR20124.png;no
THHR40121;بكرة خرطوم ماء بدون راصور سعة (40 متر , 1/2 انش) بدون خرطوم مفكك بالكامل CKD ماركة TOTAL;8.99;;no
THHUJ1121;وصلة فنجان 1/2 انش متحركة مفصل عادي TOTAL;1.74;https://hawarastore.com/wp-content/uploads/2025/08/THHUJ1121.png;yes
THHW1531001;مفتاح T مسدس 100 × 3 صناعي TOTAL;0.44;https://hawarastore.com/wp-content/uploads/2025/08/THHW1531001.png;yes
THHW1541001;مفتاح T مسدس 100 × 4 صناعي TOTAL;0.76;https://hawarastore.com/wp-content/uploads/2024/05/THHW1531001.png;no
THHW1551501;مفتاح T مسدس 150 × 5 صناعي TOTAL;0.84;https://hawarastore.com/wp-content/uploads/2025/08/THHW1551501.png;no
THHW1561501;مفتاح T مسدس 150 × 6 صناعي TOTAL;0.96;https://hawarastore.com/wp-content/uploads/2025/08/THHW1561501.png;yes
THHW15T201001;مفتاح مشرشر نجمة قياس 100 × T20 صناعي TOTAL;0.48;https://hawarastore.com/wp-content/uploads/2025/08/THHW15T201001.png;yes
THHW15T251001;مفتاح مشرشر نجمة قياس 100 × T25 صناعي TOTAL;0.69;https://hawarastore.com/wp-content/uploads/2025/08/THHW15T251001.png;yes
THHW15T301501;مفتاح مشرشر نجمة قياس 150 × T30 صناعي TOTAL;0.79;https://hawarastore.com/wp-content/uploads/2025/08/THHW15T301501.png;yes
THHW8081;طقم مفتاح T مسدس 8 قطع صناعي ماركة TOTAL;6.71;https://hawarastore.com/wp-content/uploads/2025/08/THHW80816.png;no
THHW80816;طقم مفتاح T مسدس 8 قطع مقبض بلاستيك صناعي TOTAL;4.76;https://hawarastore.com/wp-content/uploads/2025/08/THHW80816.png;yes
THHW80826;طقم مفتاح T مسدس كرة 8 قطع مقبض بلاستيك صناعي TOTAL;5.16;;no
THHW8083;طقم مفاتيح مسدس نجمة 8 قطع حرف T صناعي ماركة TOTAL;7.4;https://hawarastore.com/wp-content/uploads/2025/08/THHW8083.png;yes
THIADW081;مفتاح اموليت انكليزي معزول 200 مم 8 انش TOTAL صناعي;14.61;https://hawarastore.com/wp-content/uploads/2025/08/THIADW081.png;yes
THIADW101;مفتاح اموليت انكليزي معزول 250 مم 10 انش TOTAL صناعي;16.1;https://hawarastore.com/wp-content/uploads/2025/08/THIADW101.png;yes
THICK1801;سكينة كابلات معزولة كهربائيا 1000 V راس مستقيم صناعي ماركة TOTAL;4.9;https://hawarastore.com/wp-content/uploads/2025/08/THICK1801.png;yes
THIDCK1851;سكينة كابلات معزولة كهربائيا 1000 V راس اعوج صناعي ماركة TOTAL;8.53;https://hawarastore.com/wp-content/uploads/2025/08/THIDCK1851.png;yes
THIDS1301;طقم مفكات براغي دق وطرق + 13 راس شق ومصالب صناعي جسم كروم فناديوم ضمن علبة بلاستيك ماركة TOTAL;10.53;https://hawarastore.com/wp-content/uploads/2024/05/THIDS1301-1.png;no
THIHAST12101;فنجان 1/2 انش معزولة كهربائيا 1000 V قياس 10 مم صناعي ماركة TOTAL;4.06;https://hawarastore.com/wp-content/uploads/2025/08/THIHAST12101.png;yes
THIHAST12121;فنجان 1/2 انش معزولة كهربائيا 1000 V قياس 12 مم صناعي ماركة TOTAL;4.06;https://hawarastore.com/wp-content/uploads/2025/08/THIHAST12121.png;yes
THIHAST12131;فنجان 1/2 انش معزولة كهربائيا 1000 V قياس 13 مم صناعي ماركة TOTAL;4.06;https://hawarastore.com/wp-content/uploads/2025/08/THIHAST12131.png;yes
THIHAST12141;فنجان 1/2 انش معزولة كهربائيا 1000 V قياس 14 مم صناعي ماركة TOTAL;4.06;https://hawarastore.com/wp-content/uploads/2025/08/THIHAST12141.png;yes
THIHAST12161;فنجان 1/2 انش معزولة كهربائيا 1000 V قياس 16 مم صناعي ماركة TOTAL;4.38;https://hawarastore.com/wp-content/uploads/2025/08/THIHAST12161.png;yes
THIHAST12171;فنجان 1/2 انش معزولة كهربائيا 1000 V قياس 17 مم صناعي ماركة TOTAL;4.38;https://hawarastore.com/wp-content/uploads/2025/08/THIHAST12171.png;yes
THIHAST12191;فنجان 1/2 انش معزولة كهربائيا 1000 V قياس 19 مم صناعي ماركة TOTAL;4.63;https://hawarastore.com/wp-content/uploads/2025/08/THIHAST12191.png;yes
THIJH3001;منشار حديد معزولة 6 انش 150 مم مجال العزل 1000 فولت ماركة TOTAL;10.19;https://hawarastore.com/wp-content/uploads/2025/08/THIJH3001.png;yes
THIRTH121;مفتاح طقطاق 1/2 انش معزول 250 مم 10 انش TOTAL صناعي;27.74;https://hawarastore.com/wp-content/uploads/2025/08/THIRTH121.png;yes
THISAD12438;مجموعة 4 قطع تحاويل جوز 1/4 + 1/2 + 3/8 TOTAL;2.63;;no
THISS1601;مقص يدوي 6 انش 160 مم يدوي معزولة كهربائيا 1000 V ماركة TOTAL;6.96;https://hawarastore.com/wp-content/uploads/2025/08/THISS1601.png;yes
THISTD12101;طقم فنجان 1/2 انش 10 قطعة بدون مفتاح طقطاق مناسب لفرد شد الكومجي معالج حراريا ضمن حقبة بلاستيك TOTAL;8.9;https://hawarastore.com/wp-content/uploads/2025/08/THISTD12101.png;yes
THISTD12141;طقم فنجان 1/2 انش 14 قطعة بدون مفتاح طقطاق مناسب لفرد شد الكومجي معالج حراريا ضمن حقيبة بلاستيك TOTAL;12.84;https://hawarastore.com/wp-content/uploads/2025/08/THISTD12141.png;yes
THIT010381;ميزان حرارة طبي TOTAL;0;;no
THIT015501;ميزان حرارة ليزري من -30 الى 550 C ماركة TOTAL;16.96;https://hawarastore.com/wp-content/uploads/2024/03/THIT015501.png;no
THIT0155026;ميزان حرارة ليزري من -50 درجة الى 450 درجة ماركة TOTAL;14.01;https://hawarastore.com/wp-content/uploads/2024/05/THIT0155026.png;no
THIT0155028;ميزان حرارة ليزري من -50 درجة الى 450 درجة ماركة TOTAL حديث;7.44;https://hawarastore.com/wp-content/uploads/2025/08/THIT0155028.png;yes
THITH121;مفك جوز حرف T قياس 1/2 انش معزول TOTAL صناعي;13.6;https://hawarastore.com/wp-content/uploads/2025/08/THITH121.png;yes
THIUJ1202;وصلة فنجان 1/2 انش متحركة مفصل كرة 360 TOTAL معالج حراري;3.75;;no
THJS0201;حمالة محرك سيارة 2 طن طقم 2 قطعة (380-250 مم ) ماركة TOTAL;14.76;https://hawarastore.com/wp-content/uploads/2025/08/THJS0201.png;yes
THJS0301;حمالة محرك سيارة 3 طن طقم 2 قطعة (270-410 مم ) ماركة TOTAL;19.54;https://hawarastore.com/wp-content/uploads/2025/08/THJS0301.png;no
THKIPSD0601;طقم مفكات براغي الكترونية صغيرة 6 قطع معزولة كهربائيا صناعي ماركة TOTAL;6.53;https://hawarastore.com/wp-content/uploads/2025/08/THKIPSD0601.png;yes
THKISD0701;طقم جوز 7 قطع معزولة كهربائيا صناعي ماركة TOTAL;21.56;https://hawarastore.com/wp-content/uploads/2025/08/THKISD0701.png;yes
THKISD1201;طقم مفكات براغي معزول 12 قطعة قابلة للتبديل مقبض+ رؤووس معزولة كهربائيا ضمن حقيبة قماشية ماركة TOTAL;12.98;https://hawarastore.com/wp-content/uploads/2025/08/THKISD1201.png;yes
THKISD12052L;طقم فنجان 1/2 انش 5 قطعة طويلة معالجة حراريا 10-12-13-14 مع ادايتر 1/2-1/4 ماركة TOTAL على كرت;0;;no
THKISD12073;طقم فنجان 1/2 انش 7 قطع من 10 مم الى 19 مم ماركة TOTAL;6.15;https://hawarastore.com/wp-content/uploads/2026/02/THKISD12073.png;yes
THKISD12073l;طقم فنجان 1/2 انش 7 قطع طويلة معالجة حراريا من 10 مم الى 19 مم ماركة TOTAL;9.94;https://hawarastore.com/wp-content/uploads/2026/02/THKISD12073L.png;yes
THKISD12102L;طقم فنجان 1/2 انش 10 قطعة طويلة بدون مفتاح طقطاق مناسب لفرد شد الكومجي معالج حراريا ضمن حقيبة بلاستيك TOTAL;14.03;https://hawarastore.com/wp-content/uploads/2025/08/THKISD12102L.png;yes
THKISD12106;طقم فنجان 1/2 انش 10 قطع من 10 مم الى 24 مم ماركة TOTAL;0;;no
THKISD12143L;طقم فنجان 1/2 انش 14 قطعة طويلة معالجة حراريا من 10 مم الى 27مم ماركة TOTAL ضمن حقيبة بلاستيك;21.79;https://hawarastore.com/wp-content/uploads/2025/10/THKISD12143L.png;yes
THKISD12146;طقم فنجان 1/2 انش 14 قطع من 10 مم الى 27 مم ماركة TOTAL;0;;no
THKISD12158L;طقم فنجان 1/2 انش 15قطعة طويلة معالجة حراريا من 10 مم الى 27مم ماركة TOTAL ضمن حقيبة بلاستيك;25.33;;no
THKISD12186;طقم فنجان 1/2 انش 18 قطع من 10 مم الى 32 مم ماركة TOTAL;0;;no
THKISD12203L;طقم فنجان 1/2 انش 20 قطعة طويلة و قصيرة معالجة حراريا من 10 مم الى 24مم ماركة TOTAL;22.86;https://hawarastore.com/wp-content/uploads/2026/02/THKISD12203L.png;yes
THKISD12221L;طقم فنجان 1/2 انش 22 قطعة معالجة حراريا طويلة + قصيرة (10 الى 24 ) مم ماركة TOTAL;22.86;;no
THKISD12388L;طقم فنجان 1/2 انش 38 قطعة معالجة حراريا طويلة + قصيرة (10 الى 32 ) مم ماركة TOTAL;48.21;;no
THKISD34086L;طقم فنجان 3/4 انش 8 قطعة طويلة 90 مم معالجة حراريا من 19 مم الى 38 مم ماركة TOTAL ضمن حقيبة بلاستيك;38.06;;no
THKISD38106L;طقم فنجان 3/8 انش 10 قطعة طويل بدون مفتاح طقطاق معالج حراريا موديل حديث TOTAL;10.51;https://hawarastore.com/wp-content/uploads/2026/02/THKISD38106L.png;yes
THKISPA0603;طقم مفاتيح حلق طرف طقطاق 6 قطع (10-12-14-15-17-19) معزولة كهربائيا صناعي ماركة TOTAL;55.62;https://hawarastore.com/wp-content/uploads/2025/08/THKISPA0603.png;yes
THKISPA0701;طقم مفاتيح شق 7 قطع 8-19 مم معزول كهربائيا صناعي ماركة TOTAL;29.22;https://hawarastore.com/wp-content/uploads/2025/08/THKISPA0701.png;no
THKISPA0702;طقم مفاتيح حلق طرف 7 قطع 8-19 مم معزولة كهربائيا صناعي ماركة TOTAL;33.75;https://hawarastore.com/wp-content/uploads/2025/08/THKISPA0702.png;yes
THKIST3062;طقم 6 قطع معزولة كهربائيا صناعي ماركة TOTAL;9.37;https://hawarastore.com/wp-content/uploads/2025/08/THKIST3062.png;yes
THKIST3092;حقيبة عدة يدوية معزول ل 1000 فولت 9 قطع طقم مفكات + بانسة + قطاعة + زردية ضمن حقيبة قماشية TOTAL;12.32;https://hawarastore.com/wp-content/uploads/2026/05/THKIST3092.png;yes
THKITH1601;طقم 16 قطعة يدوي معزولة كهربائيا صناعي ماركة TOTAL;46.72;https://hawarastore.com/wp-content/uploads/2025/08/THKITH1601.png;yes
THKITH1901;طقم 19 قطعة يدوي معزولة كهربائيا صناعي ماركة TOTAL;94.95;https://hawarastore.com/wp-content/uploads/2025/08/THKITH1901.png;yes
THKITH2601;طقم 26 قطعة يدوي معزولة كهربائيا صناعي ماركة TOTAL;145.99;https://hawarastore.com/wp-content/uploads/2025/08/THKITH2601.png;yes
THKITH4101;طقم 41 قطعة يدوي معزولة كهربائيا صناعي ماركة TOTAL;316.93;https://hawarastore.com/wp-content/uploads/2025/08/THKITH4101.png;yes
THKPT0201;حماية ركبة قياس 180 × 215 مم صناعي ماركة TOTAL;7.17;https://hawarastore.com/wp-content/uploads/2025/08/THKPT0201.png;yes
THKTAC011182;حقيبة عدة 118 قطعة طقم ريش (خشب + حديد +باطون )+ رؤوس شد مفك شامل + مجموعة عدد يدوية ضمن حقيبة بلاستيك ماركة TOTAL;27.56;https://hawarastore.com/wp-content/uploads/2025/08/THKTAC011182.png;yes
THKTAC01120;حقيبة عدة 120 قطعة عدة يدوية + طقم ريش حديد + خشب+ باطون + لقم شد براغي ضمن حقيبة بلاستيك TOTAL;38.41;https://hawarastore.com/wp-content/uploads/2025/08/THKTAC01120.png;yes
THKTETS0114;طقم فنجان 14 قطعة نجمة ( صناعي ) TOTAL;7.33;https://hawarastore.com/wp-content/uploads/2024/05/THKTETS0114.png;no
THKTHP1012;حقيبة عده 101 قطعة مثقب 650 واط + اكسسوارات + عدد منزلية ضمن حقيبة بلاستيك TOTAL;46.81;https://hawarastore.com/wp-content/uploads/2025/08/THKTHP1012.png;yes
THKTHP10386;حقيبة 38 قطعة مفك براغي 4 فولت بطارية داخلية 1/4 انش TYPE-C + شاحن + اكسسوارات +عدد يدوية ضمن حقيبة بلاستيك ماركة TOTAL;20.11;https://hawarastore.com/wp-content/uploads/2025/08/THKTHP10386.png;yes
THKTHP10812;حقيبة عدة 81 قطعة مثقب 12 فولت + بطارية + واكسسوارات + عدة يدوية ضمن حقيبة بلاستيك ماركة TOTAL;46.9;https://hawarastore.com/wp-content/uploads/2025/08/THKTHP10812.png;no
THKTHP10892;حقيبة عدة 89 قطعة مثقب 12 فولت TYPE-C + عدة يدوية + اكسسوارات ضمن حقيبة بلاستيك حديث ماركة TOTAL;31.87;https://hawarastore.com/wp-content/uploads/2025/08/THKTHP10892.png;no
THKTHP1112;حقيبة عدة 111 قطعة مثقب 550 واط حديثة + اكسسوارات + عدة منزلية ضمن حقيبة بلاستيك TOTAL;43.26;https://hawarastore.com/wp-content/uploads/2025/08/THKTHP1112.png;yes
THKTHP11272;حقيبة عدة 127 قطعة منزلية مثقب بطارية 12 فولت + عدة يدوية + طقم ريش ضمن حقيبة بلاستيك TOTAL;48.75;https://sp-ao.shortpixel.ai/client/to_webp,q_glossy,ret_img/https://hawarastore.com/wp-content/uploads/woocommerce-placeholder-600x600.png;no
THKTHP11282;حقيبة عدة 128 قطعة مثقب 12 فولت 20 نيوتن + بطارية واحدة + شاحن + مجموعة عدة يدوية ضمن حقيبة بلاستيك ماركة TOTAL;63.7;https://hawarastore.com/wp-content/uploads/2025/08/THKTHP11282.png;yes
THKTHP11292;حقيبة عدة 129 قطعة مثقب 12 فولت 20 نيوتن TYPE-C+ بطارية واحدة + واكسسوارات+ مجموعة عدد منزلية ضمن حقيبة بلاستيك ماركة TOTAL;31.28;https://hawarastore.com/wp-content/uploads/2025/10/THKTHP11292.png;yes
THKTHP11652;حقيبة 165 قطعة مع مثقب 20 فولت مع شاحن وبطارية واكسسوار حديث حقيبة بلاستيك TOTAL;54.7;https://hawarastore.com/wp-content/uploads/2025/08/THKTHP11652.png;no
THKTHP1192;حقيبة 119 قطعة مثقب كهرباء 680 واط + مثقب 12 فولت بطارية ماركة TOTAL;83.86;https://hawarastore.com/wp-content/uploads/2025/08/THKTHP1192.png;yes
THKTHP20326;صندوق عدة حديث بلاستيك 32 قطعة عدة يدوية منزلية ماركة TOTAL;21.53;https://hawarastore.com/wp-content/uploads/2024/05/THKTHP20326.png;no
THKTHP20776;طقم فنجان 1/2+1/4 77 قطعة+ مفاتيح طقطاق + عدد يدوية + طقم مفتاح مسدس + رؤوس شد ضمن حقيبة بلاستيك TOTAL;83.08;https://sp-ao.shortpixel.ai/client/to_webp,q_glossy,ret_img/https://hawarastore.com/wp-content/uploads/woocommerce-placeholder-600x600.png;no
THKTHP21006;طقم فنجان 1/2+1/4 انش 100 قطعه + مفاتيح طقطاق + مفاتيح طرف + عدة يدوية ضمن حقيبة بلاستيك TOTAL صناعي;65.16;https://hawarastore.com/wp-content/uploads/2024/05/THKTHP21006.png;no
THKTHP21176;حقيبة عدة 117 قطعة منزلية عدد يدوية + طقم مسدس + مجموعة ريش ضمن حقيبة بلاستيك TOTAL;33.26;https://hawarastore.com/wp-content/uploads/2025/08/THKTHP21176.png;no
THKTHP21306;حقيبة عدة 130 قطعة مجموعة عدد يدوية + رؤوس شد مفك + اكسسوارات ضمن حقيبة بلاستيك ماركة TOTAL;39.04;https://hawarastore.com/wp-content/uploads/2025/08/THKTHP21306.png;no
THKTHP21376;طقم فنجان 1/2+1/4 انش 137 قطعة+مفاتيح طرق+عدة يدوية TOTAL;89.28;https://hawarastore.com/wp-content/uploads/2026/02/THKTHP21376-788x1024.png;yes
THKTHP21396;طقم فنجان 1/2+1/4+3/8 انش 139 قطعة + فناجين معالجة حراريا + مفاتيح طقطاق + مفاتيح ضمن حقيبة بلاستيك;80.35;https://hawarastore.com/wp-content/uploads/2025/08/THKTHP21396.png;yes
THKTHP21426;طقم فنجان 1/2+1/4+3/8 انش 142 قطعة + مفاتيح طقطاق + طقم مفكات + بانسة لقط + فناجين نجمة+ رؤوس شد ضمن حقيبة بلاستيك TOTAL;120.62;https://hawarastore.com/wp-content/uploads/2024/03/THKTHP21426.png;yes
THKTHP21476;صندوق عدة المنيوم مع عربة قابل للتحريك 147 قطعة طقم فنجان 1/2+1/4 + عدد يدوية شاملة ماركة TOTAL;119.86;https://hawarastore.com/wp-content/uploads/2024/05/THKTHP21476.png;yes
THKTHP21566;طقم فنجان 1/2+1/4+3/8 انش 156 قطعة +مفاتيح طقطاق + مفاتيح طرف + عدة يدوية ضمن حقيبة بلاستيك TOTAL);98.21;https://hawarastore.com/wp-content/uploads/2025/05/THKTHP21566.png;yes
THKTHP21663;حقيبة عدة 166 قطعة مع مثقب 20 فولت بطاريتين 2 امبير وشاحن + مجموعة عدة صناعية حقيبة بلاستيك TOTAL;69.07;https://hawarastore.com/wp-content/uploads/2026/05/THKTHP21663-1-878x1024.png;yes
THKTHP21686;حقيبة عدة 168 قطعة طقم مفكات + عدد منزلية يدوية شاملة ضمن حقيبة بلاستيك ماركة TOTAL;33.42;https://hawarastore.com/wp-content/uploads/2025/08/THKTHP21686.png;no
THKTHP22166;طقم فنجان 1/2+1/4+3/8 انش 216 قطعة + مفاتيح طقطاق + مفاتيح طرف + عدة يدوية ضمن حقيبة بلاستيك TOTAL;94.53;https://hawarastore.com/wp-content/uploads/2024/05/THKTHP22166.png;yes
THKTHP31262;حقيبة عدة 126 قطعة فرد شد 3/4 انش 1350 نيوتن + بطارية 5 امبير + شاحن 4 امبير + طقم مفاتيح شق+ طقطاق 1/4+3/8 و جوز TOTAL;216.24;https://hawarastore.com/wp-content/uploads/2025/09/THKTHP31262.jpg;yes
THKTHP31522;حقيبة 152 قطعة فرد شد 500 نيوتن 20 فولت + بطارية 4 امبير + شاحن + طقم فنجان 1/2+1/4+3/8 شامل + فنجان طويلة + طقم مفاتيح شق حلق + اكسسوارات ضمن حقيبة بلاستيك TOTAL;132.73;;no
THKTHP41383;حقيبة 138 قطعة فرد شد 3/4 1350 نيوتن + بطارية 5 امبير عدد2 + شاحن  + طقم مفاتيح شامل + فناجين ضمن حقيبة بلاستيك ماركة TOTAL;231.38;https://hawarastore.com/wp-content/uploads/2026/06/THKTHP41383-788x1024.png;yes
THKTHP41487;حقيبة عدة 148 قطعة مثقب 12 فولت TYPE-C + عدة يدوية + اكسسوارات ضمن حقيبة بلاستيك حديث ماركة TOTAL;31.23;https://hawarastore.com/wp-content/uploads/2026/03/THKTHP41487.jpg;yes
THKTHP41667;حقيبة عدة 166 قطعة مع مثقب 20 فولت مع بطارية وشاحن + مجموعة عدة صناعية حقيبة بلاستيك TOTAL;54.64;https://sp-ao.shortpixel.ai/client/to_webp,q_glossy,ret_img/https://hawarastore.com/wp-content/uploads/woocommerce-placeholder-600x600.png;yes
THKTHP41728;حقيبة عدة 172 قطعة فرد شد بطارية 20 فولط 1/2 انش 550 نيوتن + بطارية 4 امبيرعدد 2 + شاحن + طقم مفاتيح شق + طقم فنجان متعدد القياسات ماركة TOTAL;159.07;https://hawarastore.com/wp-content/uploads/2026/04/THKTHP41728-878x1024.png;yes
THKTHP61057;طقم فنجان طقطاق 1/2+1/4 انش 105 قطعة + طقم مفتاح مسدس + طقم مفكات + طقم مفتاح شق + فنجان من 8 - 32 مم ضمن حقيبة بلاستيك ماركة TOTAL;57.14;https://hawarastore.com/wp-content/uploads/2026/05/THKTHP61057-1-788x1024.png;yes
THKTHP61497;طقم فنجان 1/2+1/4 انش 149 قطعة فناجين من 8 الى 32 + طقم مفلاتيح طرف + عدة يدوية شاملة ضمن حقيبة بلاستيك ماركة TOTAL;89.28;https://sp-ao.shortpixel.ai/client/to_webp,q_glossy,ret_img/https://hawarastore.com/wp-content/uploads/woocommerce-placeholder-600x600.png;yes
THKTHP61607;طقم فنجان 1/2+1/4+3/8 انش 160 قطعة + مفاتيح طقطاق + طقم مفكات + راس فك مصافي + رؤوس شد ضمن حقيبة بلاستيك TOTAL;80.35;https://sp-ao.shortpixel.ai/client/to_webp,q_glossy,ret_img/https://hawarastore.com/wp-content/uploads/woocommerce-placeholder-600x600.png;yes
THKTHP61657;طقم فنجان طقطاق 1/2+1/4+3/8 انش 165 قطعة +طقم مفاتيح شق + تطويلة فنجان + عدة متكاملة + فنجان قياسات 8-32 مم ضمن حقيبة بلاستيك ماركة TOTAL;110.71;https://hawarastore.com/wp-content/uploads/2026/05/THKTHP61657-788x1024.png;yes
THKTHP61757;حقيبة عدة 175 قطعة منزلية شاملة طقم مفكات + طقم مفاتيح طرف + بانسات و قطاعة و مشرط + اكسسوارات ضمن حقيبة بلاستيك ماركة TOTAL;32.83;https://sp-ao.shortpixel.ai/client/to_webp,q_glossy,ret_img/https://hawarastore.com/wp-content/uploads/woocommerce-placeholder-600x600.png;yes
THKTHP61827;طقم فنجان 1/2+1/4+3/8 انش 182 قطعة فناجين طوييلة + قصيرة + طقم مفكات + بانسة وقطاعة ضمن حقيبة بلاستيك ماركة TOTAL;103.36;https://sp-ao.shortpixel.ai/client/to_webp,q_glossy,ret_img/https://hawarastore.com/wp-content/uploads/woocommerce-placeholder-600x600.png;yes
THKTHP62287;صندوق عدة المنيوم مع عربة قابل للتحريك 228 قطعة طقم فنجان 1/2+1/4 + عدد يدوية شاملة ماركة TOTAL;130.35;;no
THKTHP90066;حقيبة عدة قماشية 6 قطع مفكات + بانسة زردية + متر+ مطرقة صغيرة + مشرط رفيع ماركة TOTAL;7.34;https://hawarastore.com/wp-content/uploads/2025/08/THKTHP90066.png;no
THKTHP90076;طقم 7 قطع عدة يدوية ماركة TOTAL;6.98;https://hawarastore.com/wp-content/uploads/2025/08/THKTHP90076.png;yes
THKTHP90086;حقيبة عدة يدوية 8 قطع ضمن حقيبة قماش ماركة TOTAL;16.01;https://hawarastore.com/wp-content/uploads/2024/05/THKTHP90086.png;yes
THKTHP90096;حقيبة عدة يدوية 9 قطع قماش ماركة TOTAL;17.83;https://hawarastore.com/wp-content/uploads/2025/08/THKTHP90096.png;yes
THKTHP90097;حقيبة عدة قماشية عدة منزلية يدوية 9 قطع ماركة TOTAL;11.87;https://hawarastore.com/wp-content/uploads/2025/08/THKTHP90097.png;yes
THKTHP90256;حقيبة عده بلاستيك 25 قطعة موديل TOTAL;14.49;https://hawarastore.com/wp-content/uploads/2025/08/THKTHP90256.png;yes
THKTV02H091;حقيبة عدة بلاستيك تحتوي 9 قطعة معزول كهربائيا صناعي TOTAL;20.74;https://hawarastore.com/wp-content/uploads/2025/08/THKTV02H091.png;no
THKTV02H111;حقيبة عدة بلاستيك تحتوي 11 قطعة TOTAL;13.99;https://hawarastore.com/wp-content/uploads/2025/08/THKTV02H111.png;yes
THKTV02H291;حقيبة عدة بلاستيك تحتوي 29 قطعة TOTAL;15.32;https://hawarastore.com/wp-content/uploads/2025/08/THKTV02H291.png;yes
THKTV02P041;حقيبة عدة بلاستيك تحتوي 4 بانسات TOTAL;16.47;https://hawarastore.com/wp-content/uploads/2025/08/THKTV02P041.png;yes
THKTV02P042;طقم 4 قطع (بانسة 8+قطاعة7+زردية8+كلب 10) ضمن حقيبة بلاستيك ماركة TOTAL;14.11;https://hawarastore.com/wp-content/uploads/2025/08/THKTV02P042.png;no
THKTV02P051;حقيبة عدة بلاسيك تحتوي 5 قطعة معزول كهربائيا صناعي TOTAL;20.11;https://hawarastore.com/wp-content/uploads/2025/08/THKTV02P051.png;yes
THKTV02S101;حقيبة عدة بلاستيك 10 قطع طقم مفكات معزولة كهربائيا صناعي TOTAL;12.31;https://hawarastore.com/wp-content/uploads/2025/08/THKTV02S101.png;yes
THKTV02T071;حقيبة عدة بلاستيك عدة الكترونية 7 قطع TOTAL;29.23;https://hawarastore.com/wp-content/uploads/2025/08/THKTV02T071.png;yes
THL013AAA2;بيل على الرأس 45 - 180 لومينز بطارية 3AAA;7.71;https://hawarastore.com/wp-content/uploads/2024/05/THL013AAA2-1.png;yes
THL013AAA5;بيل على الراس 100 لومينز مدى 91 متر ضد المطر IPX4 على كرت TOTAL;2.95;https://hawarastore.com/wp-content/uploads/2025/08/THL013AAA5.png;no
THL013AAA6;بيل على الراس 100 - 200 لومينز حساس حركة صناعي TOTAL;5.13;https://hawarastore.com/wp-content/uploads/2025/08/THL013AAA6.png;no
THLAD01051;سلم المنيوم جنبين قابل للطي 5 درجات حمل 150 كغ ارتفاع 120.9 سم TOTAL;47.79;https://hawarastore.com/wp-content/uploads/2025/09/THLAD01051.png;yes
THLAD01061;سلم المنيوم جنبين قابل للطي 6 درجات حمل 150 كغ ارتفاع 145 سم TOTAL;57.22;https://hawarastore.com/wp-content/uploads/2025/09/THLAD01061.png;yes
THLAD01071;سلم المنيوم جنبين قابل للطي 7 درجات حمل 150 كغ ارتفاع 169.1سم TOTAL;67.48;https://hawarastore.com/wp-content/uploads/2025/09/THLAD01071.png;yes
THLAD01081;سلم المنيوم جنبين قابل للطي 8 درجات حمل 150 كغ ارتفاع 193.2 سمTOTAL;78.56;https://hawarastore.com/wp-content/uploads/2025/09/THLAD01081.png;yes
THLAD03391;سلم المنيوم جنبين مع سكة 9 درجات وزن 13.20 كغ حمل 150 كغ ارتفاع 592 سم TOTAL;117.51;;no
THLAD04431;سلم المنيوم جنبين قابل للطي 4 طبقات 3 درجات حمل 150 كغ ارتفاع 338 سم TOTAL;86.35;;no
THLAD04441;سلم المنيوم جنبين قابل للطي 4 طبقات 4 درجات حمل 150 كغ ارتفاع 475 سم TOTAL;111.97;;no
THLAD06031;سلم المنيوم 3 درجات قياس 3 × 25 × 26 حمل 150 كغ ارتفاع 62.9 سم TOTAL;24.33;;no
THLAD06041;سلم المنيوم 4 درجات قياس 3 × 25 × 26 حمل 150 كغ ارتفاع 87.7 سمTOTAL;30.28;;no
THLAD06051;سلم المنيوم 5 درجات قياس 3 × 25 × 26 حمل 150 كغ ارتفاع 100.97 سم TOTAL;36.05;https://hawarastore.com/wp-content/uploads/2025/08/THLAD06051.png;yes
THLAD06061;سلم المنيوم 6 درجات قياس 3 × 25 × 26 حمل 150 كغ ارتفاع 130.16 سم TOTAL;41.83;https://hawarastore.com/wp-content/uploads/2025/09/THLAD06061.png;yes
THLAD06071;سلم المنيوم 7 درجات قياس 3 × 25 × 26 حمل 150 كغ ارتفاع 150 سم TOTAL;47.24;;no
THLAD06081;سلم المنيوم 8 درجات قياس 3 × 25 × 26 حمل 150 كغ ارتفاع 170.18 سم TOTAL;52.33;https://hawarastore.com/wp-content/uploads/2025/09/THLAD06081.png;yes
THLAD06091;سلم المنيوم 9 درجات قياس 3 × 25 × 26 حمل 150 كغ ارتفاع 190.36 سم TOTAL;59.15;https://hawarastore.com/wp-content/uploads/2025/09/THLAD06091.png;yes
THLAD08061;سلم المنيوم تلسكوبي 6 درجات حمل 150 كغ ارتفاع 190.8 سم TOTAL;60.92;https://hawarastore.com/wp-content/uploads/2025/09/THLAD08061.png;yes
THLAD08081;سلم المنيوم تلسكوبي 8 درجات حمل 150 كغ ارتفاع 250.8 سم TOTAL;84.08;https://hawarastore.com/wp-content/uploads/2025/09/THLAD08081.png;yes
THLAD08101;سلم المنيوم تلسكوبي 10 درجات حمل 150 كغ ارتفاع 310.8 سم TOTAL;109.31;https://hawarastore.com/wp-content/uploads/2025/09/THLAD08101.png;yes
THLAD08121;سلم المنيوم تلسكوبي 12 درجات حمل 150 كغ ارتفاع 370.8 سم TOTAL;135.57;https://hawarastore.com/wp-content/uploads/2025/09/THLAD08121.png;yes
THLAD09021;سلم حديد درجة عريضة كوشوك 2 درجة قياس 26 × 38 حمل 150 كغ ارتفاع 51 سم TOTAL;22.29;https://hawarastore.com/wp-content/uploads/2025/09/THLAD09021.png;yes
THLAD09031;سلم حديد درجة عريضة كوشوك 3 درجات قياس 26 × 38 حمل 150 كغ 66.5 سم TOTAL;29.63;;no
THLAD09041;سلم حديد درجة عريضة كوشوك 4 درجات قياس 26 × 38 حمل 150 كغ ارتفاع 83 سم TOTAL;39.88;https://hawarastore.com/wp-content/uploads/2025/09/THLAD09041.png;yes
THLAD09051;سلم حديد درجة عريضة كوشوك 5 درجات قياس 26 × 38 حمل 150 كغ ارتفاع 103 سمTOTAL;47.17;https://hawarastore.com/wp-content/uploads/2025/09/THLAD09051.png;yes
THLAD09061;سلم حديد درجة عريضة كوشوك 6 درجات قياس 26 × 38 حمل 150 كغ ارتفاع 122.5 سم TOTAL;58.46;;no
THLHD12121;ساعد حرف L قياس 1/2 انش طول 30 سم صناعي TOTAL;2.4;https://hawarastore.com/wp-content/uploads/2025/08/THLHD12121.png;yes
THMFH0126;مطرقة متعددة الاستعمال مجموعة 12 في 1 قطعة TOTAL;11.89;https://hawarastore.com/wp-content/uploads/2025/08/THMFH0126.png;yes
THMFK0156;سكين متعدد الاستعمال 15IN1 (TOTAL);3.72;https://hawarastore.com/wp-content/uploads/2025/08/THMFK0156.png;yes
THMH621000;مطرقة حديد 1000 غرام يد فيبر غلاس ماركة TOTAL حديث;3.94;https://hawarastore.com/wp-content/uploads/2025/08/THMH621000.png;no
THMH621500;مطرقة حديد 1500 غرام يد فيبر غلاس ماركة TOTAL حديث;4.94;https://hawarastore.com/wp-content/uploads/2025/05/THMH621500.png;yes
THMH62200;مطرقة حديد 200 غرام يد فيبر غلاس ماركة TOTAL حديث;1.63;https://hawarastore.com/wp-content/uploads/2025/05/THMH622000.png;yes
THMH622000;مطرقة حديد 2000 غرام يد فيبر غلاس ماركة TOTAL حديث;5.83;https://hawarastore.com/wp-content/uploads/2025/05/THMH622000.png;yes
THMH62300;مطرقة حديد 300 غرام يد فيبر غلاس ماركة TOTAL حديث;1.93;https://hawarastore.com/wp-content/uploads/2025/08/THMH62300.png;yes
THMH62500;مطرقة حديد 500 غرام يد فيبر غلاس ماركة TOTAL موديل حديث;2.38;https://hawarastore.com/wp-content/uploads/2025/05/THMH62500.png;yes
THMH62500L;مطرقة حديد ميكانيكي ضد الصدمات 500 غرام يد فيبر غلاس ماركة TOTAL;4.57;https://hawarastore.com/wp-content/uploads/2025/08/THMH62500L.png;yes
THMHF1501;منشار حديد يدوي صغير 6 انش ماركة TOTAL;0.99;https://hawarastore.com/wp-content/uploads/2025/08/THMHF1501.png;yes
THMHF1503;منشار حديد صغير هيكل المنيوم طول 6 انش ماركة TOTAL;2.05;https://hawarastore.com/wp-content/uploads/2025/08/THMHF1503-SP-SAW.png;yes
THMHF1504;منشار حديد يدوي صغير 12 انش نصلة طويلة TOTAL;0.86;https://hawarastore.com/wp-content/uploads/2025/08/THMHF1504.png;yes
THMLNS031;طقم فنجان 1/2 انش 3 قطعة بواجي قياس 17.19.21 TOTAL صناعي;8.43;https://hawarastore.com/wp-content/uploads/2025/08/THMLNS031.png;yes
THPB36201;فرشاة مغسل ضغط عالي دائرية 280 مم ذراع 470 مم حديث على كرت ماركة TOTAL;11;https://hawarastore.com/wp-content/uploads/2025/08/THPB36201.png;yes
THPET1103;توال اسود طول 10 ياردة ماركة TOTAL;0.17;https://hawarastore.com/wp-content/uploads/2025/08/THPET1103.png;yes
THPH2001;خرطوم ماء 1/2 انش طول 20 متر صناعي ماركة TOTAL;11.78;https://hawarastore.com/wp-content/uploads/2024/05/THPH2001.png;no
THPLCC0365;زحافة سيارة 36 انش قياس 90×40 ×10 صناعي ماركة TOTAL;20.72;https://hawarastore.com/wp-content/uploads/2024/05/THPLCC0365.png;no
THPLCC0405;زحافة سيارة 40 انش قياس 130×47.5 ×10 صناعي ماركة TOTAL;30.95;https://hawarastore.com/wp-content/uploads/2025/08/THPLCC0405.png;no
THPS13601;مرش اتوماتيكي شك 9 أمتار ماركة TOTAL;6.38;https://hawarastore.com/wp-content/uploads/2025/08/THPS13601.png;yes
THPS23602;مرش مياه اتوماتيكي 3 اذرعة 3/4 انش ماركة TOTAL;2.38;https://hawarastore.com/wp-content/uploads/2025/08/THPS23602.png;yes
THPS3308;منشار تقليم شجر 13 انش 330 مم SK5 ماركة TOTAL;3.93;https://hawarastore.com/wp-content/uploads/2025/08/THPS3308.png;yes
THPS63022;مرش 5 في واحد ماركة TOTAL;3.94;https://hawarastore.com/wp-content/uploads/2025/08/THPS63022.png;yes
THPTCS70971;صندوق عدة معدن 97 قطعة مع دروج طقم فنجان 1/2+1/4 انش+ طقم مفاتيح طرف +عدد يدوية TOTAL;116.72;https://hawarastore.com/wp-content/uploads/2024/05/THPTCS70971.png;no
THPTCS71321;صندوق عدة معدن 132 قطعة تحتوي طقم فنجان 1/2+1/4 انش+ طقم مفكات + مجموعة عدد يدوية ضمن طبقتين جرار TOTAL;110.11;https://hawarastore.com/wp-content/uploads/2025/08/THPTCS71321.png;no
THPTCS71621;صندوق عدة معدن متحرك 7 طبقات 162 قطعة ((صناعي)) TOTAL;427.8;https://hawarastore.com/wp-content/uploads/2025/08/THPTCS71621.png;no
THPTCS73281;صندوق عدة معدن متحرك 7 طبقات 328قطعة ((صناعي)) TOTAL;526.95;https://hawarastore.com/wp-content/uploads/2026/02/THPTCS73281-788x1024.png;yes
THPTCS73561;صندوق عدة 7 طبقات 356 قطعة طقم فنجان + طقم مفكات وعدة شاملة ماركة TOTAL;517.53;https://hawarastore.com/wp-content/uploads/2026/06/THPTCS73561.png;yes
THPTCS82882;صندوق عدة معدن متحرك 7 طبقات 288 قطعة فرد شد 1350 نيوتن 3/4 انش + بطارية 5 امبير عدد 2 + شاحن TOTAL;695.04;;no
THPTCS82962;صندوق عدة 7 طبقات 296 قطعة فرد شد 3/4 انش 1350 نيوتن + بطارية 5 امبير عدد 2 + شاحن + عدة متنوعة شاملة ماركة TOTAL;694.3;https://hawarastore.com/wp-content/uploads/2026/05/THPTCS82962-788x1024.png;yes
THPTCS83692;صندوق عدة معدن متحرك 7 طبقات 369 قطعة فرد شد 850 نيوتن 1/2 انش مع بطاريتين 5 امبير +شاحن TOTAL;580.32;;no
THPTCS83962;صندوق عدة معدن متحرك 7 طبقات 396 قطعة فرد شد 850 نيوتن 1/2 انش مع بطاريتين 5 امبير +شاحن TOTAL;626.75;https://hawarastore.com/wp-content/uploads/2026/04/THPTCS83962-788x1024.png;yes
THPTCS84362;صندوق عدة 7 طبقات 436 قطعة 6 في 1 ( مثقب 66+فرد شد (285+850+1350) + جلخ + طقطاق )بطارية 5 امبير عدد 2 + شاحن + عدة شاملة ماركة TOTAL;791.58;;no
THPTM40801;مالج مليس 40 سم مع قبضة مريحة صناعي ماركة TOTAL;0;;no
THPTW1220N6;يد طقطاق 1/2 انش الكترونية عزم من 40 الى 220 نيوتن طول 520 مم ماركة TOTAL;26.78;https://sp-ao.shortpixel.ai/client/to_webp,q_glossy,ret_img/https://hawarastore.com/wp-content/uploads/woocommerce-placeholder-600x600.png;yes
THPTW1425N8;يد طقطاق 1/4 انش الكترونية عزم من 5 الى 25 نيوتن طول 280 مم ماركة TOTAL;17.5;https://sp-ao.shortpixel.ai/client/to_webp,q_glossy,ret_img/https://hawarastore.com/wp-content/uploads/woocommerce-placeholder-600x600.png;yes
THPTW200N2;يد شد عزوم من اجل الكولاس 1/2 انش طول 500 مم عزم 40-200 نيوتن صناعي ماركة TOTAL;91.83;https://hawarastore.com/wp-content/uploads/2025/08/THPTW200N2.png;no
THPTW300N2;يد شد عزوم من اجل الكولاس 1/2 انش 0-300 نيوتن ماركة TOTAL;7.13;https://hawarastore.com/wp-content/uploads/2025/08/THPTW300N2.png;no
THPTW3860N6;يد طقطاق 3/8 انش الكترونية عزم من 10 الى 60 نيوتن طول 340 مم ماركة TOTAL;20.53;https://sp-ao.shortpixel.ai/client/to_webp,q_glossy,ret_img/https://hawarastore.com/wp-content/uploads/woocommerce-placeholder-600x600.png;yes
THPUT28300;سكين معجونة ستانلس 12 انش 300 مم صناعي TOTAL;3.25;https://hawarastore.com/wp-content/uploads/2024/05/THPUT28300-1.png;yes
THPUT28350;سكين معجونة ستانلس 14 انش 350 مم صناعي TOTAL;3.88;https://hawarastore.com/wp-content/uploads/2025/08/THPUT28350.png;yes
THPUT28400;سكين معجونة 16 انش ستانلس 400 مم قاعدة المنيوم صناعية TOTAL;4.35;https://hawarastore.com/wp-content/uploads/2025/08/THPUT28400.png;yes
THPUT38200;سكين معجونة 8 انش 200 مم قاعدة المنيوم TOTAL;2.25;https://hawarastore.com/wp-content/uploads/2024/05/THPUT38300.png;yes
THPUT38250;سكين معجونة 10 انش 250 مم قاعدة المنيوم TOTAL;2.59;https://hawarastore.com/wp-content/uploads/2024/05/THPUT38300.png;yes
THPUT38300;سكين معجونة 12 انش 300 مم قاعدة المنيوم TOTAL;2.72;https://hawarastore.com/wp-content/uploads/2025/08/THPUT38300.png;yes
THPUT38350;سكين معجونة 14 انش 350 مم قاعدة المنيوم TOTAL;3.01;https://hawarastore.com/wp-content/uploads/2025/08/THPUT38350.png;yes
THPUT38400;سكين معجونة 16 انش 400 مم قاعدة المنيوم TOTAL;3.92;https://hawarastore.com/wp-content/uploads/2025/08/THPUT38400.png;yes
THRB8702;فرشاة مغسل ضغط عالي دائرية 390*110 مم حديث على كرت ماركة TOTAL;3.65;https://hawarastore.com/wp-content/uploads/2025/08/THRB8702.png;no
THRC01071;صندوق عدة معدن متحرك 7 طبقات فارغ TOTAL;267.17;https://hawarastore.com/wp-content/uploads/2026/02/THRC01071.png;yes
THRC02071P;صندوق عدة معدن متحرك 7 طبقات فارغ TOTAL;215.95;;no
THRC560412;مجموعة رول دهان 12 قطعة خرطوش رول دهان 4 انش سماكة 12 مم ماركة TOTAL;1.3;https://hawarastore.com/wp-content/uploads/2025/05/THRC560412.png;yes
THRHT042302;رول دهان خارجي اكريليك مع خرطوش قطر 9 انش 18مم صناعي ماركة TOTAL;1.25;https://hawarastore.com/wp-content/uploads/2026/02/THRHT042302.png;yes
THRRTB2012;حقيبة قماشية 20 انش عرباية قاعدة بلاستيك حمل 20 كغ ماركة TOTAL;29.71;https://hawarastore.com/wp-content/uploads/2025/08/THRRTB2012.png;no
THRRTB2712;حقيبة عدة قماشية عرباية 27 انش حمل 25 كغ ماركة TOTAL;36.91;https://hawarastore.com/wp-content/uploads/2026/04/THRRTB2712.png;yes
THRS02;كمامة ( نصف قناع ) مع شريحتين تصفية TOTAL PPE;9.15;https://hawarastore.com/wp-content/uploads/2025/08/THRS02.png;yes
THRS12;كمامة قناع تنفس كامل مع شريحة تصفية واحدة TOTAL;96.26;https://hawarastore.com/wp-content/uploads/2024/05/THRS12.png;no
THRUH6808;مطرقة كوشوك سوداء 220 غرام يد فيبر غلاس ماركة موديل حديث TOTAL;1.47;;no
THRUH6816;مطرقة كوشوك سوداء 450 غرام يد فيبر غلاس قصيرة ماركة TOTAL;1.92;https://hawarastore.com/wp-content/uploads/2025/05/THRUH6816.png;yes
THRUH6916;مطرقة كوشوك بيضاء 450 غرام يد فيبر غلاس قصيرة حديث TOTAL;2.5;https://hawarastore.com/wp-content/uploads/2025/05/THRUH6916.png;no
THRUH6940;مطرقة كوشوك + بلاستيك 40 مم يد فيبر غلاس قصيرة حديث TOTAL;3.17;https://hawarastore.com/wp-content/uploads/2026/02/THRUH6940.png;yes
THSC012;قطاعة كابلات هيدروليك 4-12 ملم عزم 45KN ماركة TOTAL;37.78;https://hawarastore.com/wp-content/uploads/2025/08/THSC012B.png;yes
THSC012B;مجموعة شفرات لزوم مقص كابلات THSC012 ماركة TOTAL;6.99;https://hawarastore.com/wp-content/uploads/2025/08/THSC012B.png;yes
THSC022;قطاعة كابلات هيدروليك 4-22 ملم عزم 100KN ماركة TOTAL;67.13;https://hawarastore.com/wp-content/uploads/2025/08/THSC022B.png;yes
THSC022B;شفرات قاطع كابلات هيدروليك 22 - 4 ملم ماركة TOTAL;9.89;https://hawarastore.com/wp-content/uploads/2025/08/THSC022B.png;yes
THSCRS25088;مقص ستانلس 10 انش 254 مم TOTAL;3.39;https://hawarastore.com/wp-content/uploads/2026/02/THSCRS25088.png;yes
THSCRS812001;مقص يدوي 8.5 انش 215 مم سماكة الشفرة 2.5 مم ماركة TOTAL;1.06;https://hawarastore.com/wp-content/uploads/2025/08/THSCRS812001.png;no
THSCRS812108;مقص مطاط 8 انش 210 مم سماكة الشفرة 2.3 مم ماركة TOTAL;3.72;https://hawarastore.com/wp-content/uploads/2025/08/THSCRS812108.png;no
THSCRS812801;مقص يدوي 11 انش 275 مم سماكة 2.5 مم ماركة TOTAL;1.52;https://hawarastore.com/wp-content/uploads/2025/08/THSCRS812801.png;yes
THSCRS822251;مقص يدوي 9 انش 225 مم ماركة TOTAL;2.77;https://sp-ao.shortpixel.ai/client/to_webp,q_glossy,ret_img/https://hawarastore.com/wp-content/uploads/woocommerce-placeholder-600x600.png;no
THSCRS832558;مقص مطاط 10 انش 255 مم سماكة الشفرة 3.6 مم ماركة TOTAL;6.06;https://hawarastore.com/wp-content/uploads/2025/08/THSCRS832558.png;yes
THSH501506;حزام امان TOTAL;11.9;https://hawarastore.com/wp-content/uploads/2025/08/THSH501506.png;no
THSH501806;حزام امان مع وسادة للفخذ والخصر صناعي ماركة TOTAL;23.63;https://hawarastore.com/wp-content/uploads/2025/08/THSH501806.png;no
THSPP201502;مرش مبيدات زراعي يدوي 1.5 ليتر ماركة TOTAL;3.41;https://hawarastore.com/wp-content/uploads/2025/08/THSPP201502.png;yes
THSPP20202;مرش مبيدات زراعي يدوي 2 ليتر حديث TOTAL;3.62;https://hawarastore.com/wp-content/uploads/2025/08/THSPP20202.png;yes
THSPP2021;مرش مبيدات ومطهرات يدوي قياس 2 ليتر TOTAL;4.25;https://sp-ao.shortpixel.ai/client/to_webp,q_glossy,ret_img/https://hawarastore.com/wp-content/uploads/woocommerce-placeholder-600x600.png;no
THSPP30102;مرش مبيدات زراعي يدوي 1 ليتر ماركة TOTAL;5.38;https://hawarastore.com/wp-content/uploads/2025/08/THSPP30102.png;yes
THSPP30502;مرش مبيدات زراعي يدوي 5 ليتر موديل حديث ماركة TOTAL;8.76;https://hawarastore.com/wp-content/uploads/2025/08/THSPP30502.png;yes
THSPP3051;مرش مبيدات ومطهرات يدوي قياس 5 ليتر TOTAL;8;https://hawarastore.com/wp-content/uploads/2025/08/THSPP3051.png;no
THSPP30802;مرش مبيدات زراعي يدوي 8 ليتر ماركة TOTAL;10.89;https://hawarastore.com/wp-content/uploads/2025/08/THSPP30802.png;yes
THSPP41602;مرش مبيدات زراعي يدوي 16 ليتر يدوي حديث TOTAL;16.44;https://hawarastore.com/wp-content/uploads/2025/08/THSPP41602.png;no
THSPP4161;مرش مبيدات ومطهرات يدوي قياس 16 ليتر TOTAL;17.62;https://hawarastore.com/wp-content/uploads/2024/06/THSPP4161.png;no
THSPP42002;مرش مبيدات زراعي يدوي 20 ليتر ماركة TOTAL;19.1;https://hawarastore.com/wp-content/uploads/2025/08/THSPP42002.png;yes
THSPP4201;مرش مبيدات ومطهرات يدوي قياس 20 ليتر ماركة TOTAL;22.06;https://hawarastore.com/wp-content/uploads/2024/06/THSPP4161.png;no
THSPS12166;فنجان بوجيه 1/2 انش 16 مم صناعي TOTAL;0.91;https://hawarastore.com/wp-content/uploads/2025/08/THSPS12166.png;yes
THSPS12216;فنجان بوجية 1/2 انش 21 مم صناعي TOTAL;1.1;https://hawarastore.com/wp-content/uploads/2025/08/THSPS12216.png;yes
THSS1015;دلاية قفل 1.5 انش مع براغي ماركة TOTAL;0.33;https://hawarastore.com/wp-content/uploads/2025/08/THSS1015.png;yes
THSS1025;دلاية قفل 2.5 انش مع براغي ماركة TOTAL;0.45;https://hawarastore.com/wp-content/uploads/2025/08/THSS1025.png;yes
THSS1035;دلاية قفل 3.5 انش ماركة TOTAL;0.82;https://hawarastore.com/wp-content/uploads/2025/08/THSS1035.png;yes
THSS1045;دلاية قفل 4.5 انش ماركة TOTAL;0.92;https://hawarastore.com/wp-content/uploads/2025/08/THSS1045.png;yes
THSS1055;دلاية قفل 5.5 انش مع براغي ماركة TOTAL;1.12;https://hawarastore.com/wp-content/uploads/2025/08/THSS1055.png;yes
THSTH63598;مطرقة حجر 5 كغ HANDLE يد فيبر غلاس ماركة TOTAL موديل حديث;15.24;;no
THT0109;مقص كساح 8.5 انش اقصى قطع 12 مم TOTAL;2.45;https://hawarastore.com/wp-content/uploads/2025/08/THT0109.png;no
THT0201;مقص كساح 8 انش مقبض بلاستيك سوبر سيليكت حديث ماركة TOTAL;2.37;https://hawarastore.com/wp-content/uploads/2024/05/THT0201.png;no
THT0601;مقص كساح 8.5 انش اقصى قطع 16 مم TOTAL صناعي;3.17;https://hawarastore.com/wp-content/uploads/2025/08/THT0601.png;no
THT100091;قلم فحص فاز كهرباء من 12 الى 1000 فولت ضوء وصوت مع بطاريتين R03 AAA ماركة TOTAL مؤشر;2.96;https://hawarastore.com/wp-content/uploads/2025/08/THT100091.png;no
THT1010103;مفتاح اموليت انكليزي 10 انش اقصى قطر 35 مم ماركة TOTAL;2.99;https://hawarastore.com/wp-content/uploads/2025/08/THT1010103.png;yes
THT1010123;مفتاح اموليت انكليزي 12 انش اقصى قطر 40 مم ماركة TOTAL;4.2;https://hawarastore.com/wp-content/uploads/2025/08/THT1010123.png;yes
THT1010153;مفتاح اموليت انكليزي قياس 15 انش اقصى قطر 43 مم ماركة TOTAL;8.36;https://hawarastore.com/wp-content/uploads/2025/08/THT1010153.png;yes
THT1010183;مفتاح اموليت انكليزي قياس 18 انش اقصى قطر 53 مم ماركة TOTAL;14.72;https://hawarastore.com/wp-content/uploads/2025/08/THT1010183.png;yes
THT101063;مفتاح اموليت انكليزي 6 انش اقصى قطر 24 مم ماركة TOTAL;1.51;https://hawarastore.com/wp-content/uploads/2025/08/THT101063.png;yes
THT101066;مفتاح اموليت انكليزي مكوشك 6 انش اقصى قطر 28.5 مم CR-V ماركة TOTAL;2.56;https://hawarastore.com/wp-content/uploads/2025/08/THT101066.png;no
THT101083;مفتاح اموليت انكليزي 8 انش اقصى قطر 29 مم ماركة TOTAL;2.09;https://hawarastore.com/wp-content/uploads/2025/08/THT101083.png;yes
THT101086;مفتاح اموليت انكليزي مكوشك 8 انش اقصى قطر 34 مم CR-V ماركة TOTAL;3.52;https://hawarastore.com/wp-content/uploads/2025/08/THT101086.png;no
THT101106;مفتاح اموليت انكليزي مكوشك 10 انش اقصى قطر 40 مم CR-V ماركة TOTAL;4.69;https://hawarastore.com/wp-content/uploads/2025/08/THT101106.png;yes
THT101126;مفتاح اموليت انكليزي مكوشك 12انش اقصى قطر 48 مم CR-V ماركة TOTAL;6.58;https://hawarastore.com/wp-content/uploads/2025/08/THT101126.png;no
THT10210G;مفتاح اموليت انكليزي مكوشك اقصى قطرمن 0 حتى 52 مم صناعي ماركة TOTAL;7.04;https://hawarastore.com/wp-content/uploads/2025/08/THT10210G.png;yes
THT1022121;طقم مفاتيح طرف 6-24 (( 12 قطع )) حقيبة قماشية TOTAL;12.57;https://hawarastore.com/wp-content/uploads/2024/05/THT1022121.png;no
THT1022122;طقم مفاتيح طرف 6-32 (( 12 قطع )) حقيبة قماشية TOTAL;19.85;https://hawarastore.com/wp-content/uploads/2025/08/THT1022122.png;no
THT102266;طقم مفاتيح طرف 8-17 (( 6 قطع )) TOTAL (( صناعي ));3.74;;no
THT102286;طقم مفاتيح طرف 6-19(( 8 قطع )) TOTAL علاقة بلاستيك (( صناعي ));5.73;https://hawarastore.com/wp-content/uploads/2025/08/THT102286-I.png;yes
THT102286-I;طقم مفاتيح طرف 6-19(( 8 قطع )) TOTAL علاقة بلاستيك حديث (( صناعي ));5.92;https://hawarastore.com/wp-content/uploads/2025/08/THT102286-I.png;yes
THT1023121;طقم مفاتيح شق-شق 6-32 - (( 12 قطع )) حقيبة قماشية TOTAL;16.61;https://hawarastore.com/wp-content/uploads/2025/08/THT1023121.png;yes
THT102386;طقم مفاتيح شق-شق 6-22 (( 8 قطع )) TOTAL علاقة بلاستيك (( صناعي ));6.09;https://hawarastore.com/wp-content/uploads/2025/08/THT102386.png;yes
THT1024121;طقم مفاتيح حلق-حلق 6-32 (( 12قطعة )) حقيبة قماشية TOTAL;18.66;https://hawarastore.com/wp-content/uploads/2025/08/THT1024121.png;no
THT102486;طقم مفاتيح حلق 6-22 (( 8 قطع )) علاقة بلاستيك TOTAL;7.28;https://hawarastore.com/wp-content/uploads/2024/05/THT102486.png;yes
THT102RK0126;طقم مفاتيح طقطاق طرف 8-19 (( 12 قطع )) TOTAL علاقة بلاستيك 8Pcs ratchet spanner set ضمن تعليقة حديثة;19.64;;no
THT102RK061;طقم مفاتيح طرف طقطاق 19-32 (( 6 قطع )) حقيبة قماشية TOTAL;24.37;https://hawarastore.com/wp-content/uploads/2025/08/THT102RK061.png;yes
THT102RK086;طقم مفاتيح طقطاق طرف 8-19 (( 8 قطع )) TOTAL علاقة بلاستيك 8Pcs ratchet spanner set;11.88;https://hawarastore.com/wp-content/uploads/2024/03/THT102RK086.png;no
THT102RK5126;طقم مفتاح طرف طقطاق 12 قطع 8-19 قابل للتعديل صناعي ماركة TOTAL ضمن تعليقة حديثة;24.64;;no
THT102RK566;طقم مفاتيح طرف طقطاق 8-17 (( 6 قطع )) ماركة TOTAL;8.13;https://hawarastore.com/wp-content/uploads/2024/05/THT102RK566.png;yes
THT102RK586;طقم مفتاح طرف طقطاق 8 قطع 8-19 قابل للتعديل صناعي ماركة TOTAL;14.85;https://hawarastore.com/wp-content/uploads/2025/08/THT102RK586.png;yes
THT10309328;مفتاح متعدد الاستخدامات 9-32 TOTAL;4.11;https://hawarastore.com/wp-content/uploads/2025/08/THT10309328.png;yes
THT103266;طقم مفاتيح طرف 8-17 (( 6 قطع )) TOTAL علاقة بلاستيك (( صناعي ));4.27;;no
THT103296;طقم مفاتيح طرف 6-19 (( 9 قطع )) TOTAL علاقة بلاستيك (( صناعي ));6.18;;no
THT103RK066;طقم مفاتيح طقطاق طرف 8-17 (( 6 قطع )) TOTAL علاقة بلاستيك 6Pcs ratchet spanner set ضمن تعليقة حديثة;9.29;;no
THT103RK086;طقم مفاتيح طقطاق طرف 8-19 (( 8 قطع )) TOTAL علاقة بلاستيك 8Pcs ratchet spanner set ضمن تعليقة حديثة;13.57;;no
THT103RK246;كومبو طقم مفاتيح شق طقطاق طرف 8-19 (( 24قطعة )) TOTAL علاقة بلاستيك عادي وفيلكسيبل;36.16;https://hawarastore.com/wp-content/uploads/2025/10/THT103RK246.webp;yes
THT103RK566;طقم مفتاح طرف طقطاق 6 قطع 8-17 قابل للتعديل صناعي ماركة TOTAL ضمن تعليقة حديثة;11.52;;no
THT103RK586;طقم مفتاح طرف طقطاق 8 قطع 8-19 قابل للتعديل صناعي ماركة TOTAL ضمن تعليقة حديثة;16.96;;no
THT10403;مجموعة زيابق قياسات مختلفة ( 40 سم+ 60 سم+ 100 سم ) سماكة 1 مم ماركة TOTAL;6.82;https://hawarastore.com/wp-content/uploads/2025/08/THT104032.png;yes
THT104032;مفتاح طرف طرق 32 ملم صناعي TOTAL;4.95;https://hawarastore.com/wp-content/uploads/2025/08/THT104032.png;yes
THT104036;مفتاح طرف طرق 36 ملم صناعي TOTAL;6.44;https://hawarastore.com/wp-content/uploads/2025/08/THT104036.png;yes
THT104041;مفتاح طرف طرق 41 ملم صناعي TOTAL;7.71;https://hawarastore.com/wp-content/uploads/2025/08/THT104041.png;yes
THT104046;مفتاح طرف طرق 46 ملم صناعي TOTAL;9.27;https://hawarastore.com/wp-content/uploads/2025/08/THT104046.png;yes
THT104050;مفتاح طرف طرق 50 ملم صناعي TOTAL;10.75;https://hawarastore.com/wp-content/uploads/2025/08/THT104050.png;no
THT106126;مفتاح طقطاق 1/2 انش صناعي ماركة TOTAL;4.61;https://hawarastore.com/wp-content/uploads/2024/05/THT106146.png;yes
THT106128L;مفتاح طقطاق 1/2 انش قابل للتطويل من 320 حتى 450 مم ماركة TOTAL;8.7;https://hawarastore.com/wp-content/uploads/2025/05/THT106128L.png;yes
THT106146;مفتاح طقطاق 1/4 انش طول 158 مم صناعي ماركة TOTAL;2.58;https://hawarastore.com/wp-content/uploads/2025/08/THT106146.png;yes
THT1061826;طقم مفتاح مسدس 2-8 قابل للطي TOTAL (( صناعي ));1.94;https://hawarastore.com/wp-content/uploads/2024/03/THT1061826.png;yes
THT1061836;طقم مفتاح مسدس كرة 8 قطع 2 - 8 مم قابل للطي TOTAL (( صناعي ));2.05;https://hawarastore.com/wp-content/uploads/2025/08/THT1061836.png;yes
THT1061846;طقم مفتاح نجمة مشرشر ( 40 - 9 T ) مم قابل للطي TOTAL (( صناعي ));2.05;https://hawarastore.com/wp-content/uploads/2025/08/THT1061846.png;yes
THT106191;طقم مفتاح مسدس 9 قطع طويل 1.5-10مم TOTAL (( صناعي ));2.01;https://hawarastore.com/wp-content/uploads/2025/08/THT106191.png;no
THT106192;طقم مفتاح مسدس 9 قطع طويل جدا 1.5-10مم TOTAL (( صناعي ));2.46;https://hawarastore.com/wp-content/uploads/2024/05/THT106192.png;no
THT106291;طقم مفتاح مسدس كرة 9 قطع طويل 1.5-10مم TOTAL (( صناعي ));2.37;https://hawarastore.com/wp-content/uploads/2025/08/THT106291.png;yes
THT106292;طقم مفتاح مسدس كرة 9 قطع طويل جدا 1.5-10مم TOTAL (( صناعي ));3.04;https://hawarastore.com/wp-content/uploads/2025/08/THT106292.png;no
THT106386;مفتاح طقطاق 3/8 انش طول 205 مم صناعي ماركة TOTAL;3.56;https://hawarastore.com/wp-content/uploads/2025/08/THT106386.png;yes
THT106391;طقم مفتاح مشرشر نجمة 9 قطع طويل جدا ( T10-50 ) ماركة TOTAL;3.2;https://hawarastore.com/wp-content/uploads/2025/08/THT106391.png;no
THT106392;طقم مفتاح نجمة مشرشر طويل جدا 9 قطع ( 50 - 10 T ) مم TOTAL (( صناعي ));2.72;https://hawarastore.com/wp-content/uploads/2024/05/THT106392.png;no
THT106KT0181;طقم مفتاح مسدس + نجمة مشرشر طويل جدا 18 قطعة TOTAL;5.51;https://hawarastore.com/wp-content/uploads/2024/05/THT106KT0181.png;no
THT106KT0271;طقم مفتاح مسدس + نجمة مشرشر + مسدس كرة طويل جدا 27 قطعة ماركة TOTAL;6.79;https://hawarastore.com/wp-content/uploads/2025/08/THT106KT0271.png;no
THT10701;صندوق عدة معدن 3 طبقات 495*200*295 ماركة TOTAL;22.68;https://hawarastore.com/wp-content/uploads/2024/06/THT10701.png;yes
THT10702;صندوق عدة معدن 3 طبقات 404*200*205 ماركة TOTAL;17.06;https://hawarastore.com/wp-content/uploads/2025/08/THT10702.png;yes
THT10805L;كريكو تمساح هيدروليك طويل 5 طن وزن 87 كغ صناعي TOTAL;410.09;https://hawarastore.com/wp-content/uploads/2025/08/THT10805L.png;no
THT10810L;كريكو تمساح هيدروليك طويل 10 طن وزن 146 كغ صناعي TOTAL;549.56;https://hawarastore.com/wp-content/uploads/2024/05/THT10810L.png;yes
THT10821;كريكو تمساح 2 طن وزن 8.5 كغ اقصى ارتفاع 34 سم TOTAL;27.97;https://hawarastore.com/wp-content/uploads/2025/08/THT10821.png;no
THT10822;كريكو تمساح 2 طن رقيق اقصى ارتفاع 33 سم ماركة TOTAL وزن 10.5كغ;33.03;https://hawarastore.com/wp-content/uploads/2024/05/THT108225.png;yes
THT108225;كريكو تمساح 2 طن وزن 6.8 كغ اقصى ارتفاع 30 سم ضمن حقيبة بلاستيك TOTAL;28.72;https://hawarastore.com/wp-content/uploads/2024/05/THT108225.png;yes
THT108256;كريكو تمساح 2.5 طن وزن 14.2 كغ اقصى ارتفاع 36 سم صناعي ماركة TOTAL;48.29;https://hawarastore.com/wp-content/uploads/2025/08/THT108256.png;yes
THT10831;كريكو تمساح 3 طن وزن 19.6كغ اقصى ارتفاع 46.5 سم ماركةTOTAL;58.48;https://sp-ao.shortpixel.ai/client/to_webp,q_glossy,ret_img/https://hawarastore.com/wp-content/uploads/woocommerce-placeholder-600x600.png;no
THT10832;كريكو تمساح 3 طن وزن 16 كغ اقصى ارتفاع 41 سم ماركة TOTAL;50;https://hawarastore.com/wp-content/uploads/2024/05/THT10832.png;no
THT10833;كريكو تمساح 3 طن وزن 37 كغ اقصى ارتفاع 50 سم مع دعسة قدم صناعي ماركة TOTAL;107.49;https://hawarastore.com/wp-content/uploads/2025/08/THT10833.png;no
THT10834;كريكو تمساح 3 طن وزن 32 كغ رقيق بسطونين اقصى ارتفاع 51.5 سم صناعي ماركة TOTAL;96.87;https://hawarastore.com/wp-content/uploads/2025/08/THT10834.png;yes
THT10838;كريكو تمساح 3 طن وزن 37.4كغ TOTAL ((صناعي));97.46;https://sp-ao.shortpixel.ai/client/to_webp,q_glossy,ret_img/https://hawarastore.com/wp-content/uploads/woocommerce-placeholder-600x600.png;no
THT109022;كريكو جاك عامودي 2 طن ماركة TOTAL;9.9;https://hawarastore.com/wp-content/uploads/2024/05/THT109022.png;no
THT109042;كريكو جاك عامودي 4 طن ماركة TOTAL;11.73;https://hawarastore.com/wp-content/uploads/2025/08/THT109042.png;no
THT109062;كريكو جاك عامودي 6 طن ماركة TOTAL;14.85;https://hawarastore.com/wp-content/uploads/2024/05/THT109022.png;no
THT109102;كريكو جاك عامودي 10 طن ماركة TOTAL;20.28;https://hawarastore.com/wp-content/uploads/2025/08/THT109102.png;no
THT109122;كريكو جاك عامودي 12 طن ماركة TOTAL;22.9;https://hawarastore.com/wp-content/uploads/2025/08/THT109122.png;no
THT109202;كريكو جاك عامودي 20 طن ماركة TOTAL;32.04;https://hawarastore.com/wp-content/uploads/2025/08/THT109202.png;yes
THT109302;كريكو جاك عامودي 30 طن ماركة TOTAL;63.43;https://hawarastore.com/wp-content/uploads/2025/08/THT109302.png;no
THT109502;كريكو جاك عامودي 50 طن ماركة TOTAL;77.79;https://hawarastore.com/wp-content/uploads/2025/08/THT109502.png;no
THT110051;حامل محرك قدرة الحمل 450 كغ وزن 21 كغ صناعي ماركة TOTAL;69.73;https://hawarastore.com/wp-content/uploads/2025/08/THT110051.png;yes
THT11021;رافعة محركات زرافة 2 طن مجال الرفع ( 2.5 سم -200 سم ) صناعي TOTAL;194.37;https://hawarastore.com/wp-content/uploads/2025/08/THT11021.png;no
THT11021-1;رافعة محركات زرافة 2 طن مجال الرفع ( 2.5 سم -200 سم ) صناعي TOTAL;39.12;;no
THT11021-2;رافعة محركات زرافة 2 طن مجال الرفع ( 2.5 سم -200 سم ) صناعي TOTAL;158.62;;no
THT11051;خرطوم هواء 5 متر TOTAL;2.96;https://hawarastore.com/wp-content/uploads/2024/05/THT11051.png;yes
THT110606P;بانسة 160 مم 6 انش عادية TOTAL كربون ستيل;1.59;https://hawarastore.com/wp-content/uploads/2024/05/THT110606P.png;yes
THT110612;بانسة 160 مم 6 انش حديث TOTAL بكيس كربون;1.59;https://hawarastore.com/wp-content/uploads/2025/08/THT110612.png;yes
THT110706P;بانسة 180 مم 7 انش عادية TOTAL كربون ستيل;1.8;https://hawarastore.com/wp-content/uploads/2025/08/THT110706P.png;yes
THT110806P;بانسة 200مم 8 انش عادية TOTAL كربون ستيل;2.03;https://hawarastore.com/wp-content/uploads/2025/08/THT110806P.png;yes
THT11101;خرطوم هواء 10 متر TOTAL;4.7;https://hawarastore.com/wp-content/uploads/2025/08/THT11101.png;yes
THT111051;مشحمة يدوية صناعية حجم 400 TOTAL GREASE GUN;7.84;https://hawarastore.com/wp-content/uploads/2025/08/THT111051.png;yes
THT111062;مشحمة يدوية صناعية حجم 600 TOTAL;14.28;https://hawarastore.com/wp-content/uploads/2025/08/THT111062.png;yes
THT111113;بانسة لقط لحام 11 انش مجال 0-95 مم TOTAL;3.93;https://hawarastore.com/wp-content/uploads/2025/08/THT111113.png;no
THT11151;خرطوم هواء 15 متر TOTAL;6.38;https://hawarastore.com/wp-content/uploads/2025/08/THT11151.png;yes
THT113126;قطاعة قضبان 12 انش قطع 5 مم 712 غرام TOTAL (( صناعي ));4.97;https://hawarastore.com/wp-content/uploads/2025/08/THT113126.png;yes
THT113146;قطاعة قضبان 14 انش قطع 7 مم 860غرام TOTAL (( صناعي ));5.45;https://hawarastore.com/wp-content/uploads/2025/08/THT113146.png;yes
THT113186;قطاعة قضبان 18 انش قطع 8 مم 1406 غرام TOTAL (( صناعي ));7.06;https://hawarastore.com/wp-content/uploads/2025/08/THT113186.png;yes
THT113246;قطاعة قضبان 24 انش قطع 10 مم 2200 غرام TOTAL (( صناعي ));9.33;https://hawarastore.com/wp-content/uploads/2024/05/THT113126.png;yes
THT113306;قطاعة قضبان 30 انش قطع 13 مم 3726 غرام TOTAL (( صناعي ));13.16;https://hawarastore.com/wp-content/uploads/2025/08/THT113306.png;yes
THT113366;قطاعة قضبان 36 انش قطع 16 مم غرام TOTAL (( صناعي ));16.95;https://hawarastore.com/wp-content/uploads/2024/05/THT113126.png;yes
THT113426;قطاعة قضبان 42 انش قطع 19 مم غرام TOTAL (( صناعي ));24.82;https://hawarastore.com/wp-content/uploads/2024/05/THT113126.png;yes
THT113486;قطاعة قضبان 48 انش قطع 22 مم غرام TOTAL (( صناعي ));27.22;https://hawarastore.com/wp-content/uploads/2025/08/THT113486.png;yes
THT11386;قطاعة قضبان 8 انش قطع 3.5 مم غرام TOTAL (( صناعي ));2.03;https://hawarastore.com/wp-content/uploads/2025/08/THT11386.png;yes
THT115101;قطاعة كبل 10 انش 250 مم اقصى قطر 13 مم TOTAL صناعي;2.64;https://hawarastore.com/wp-content/uploads/2025/08/THT115101.png;yes
THT115102;قطاعة كبل 10 انش 250 مم اقصى قطر 13 مم TOTAL صناعي ثقيل;2.93;https://hawarastore.com/wp-content/uploads/2025/08/THT115102.png;yes
THT115242;قطاعة كبل 24 انش 600 مم اقصى قطر 240 مم مربع TOTAL صناعي;10.18;https://hawarastore.com/wp-content/uploads/2025/08/THT115242.png;yes
THT115362;قطاعة كبل 36 انش 900 مم اقصى قطر 450 مم مربع TOTAL صناعي;18.59;https://hawarastore.com/wp-content/uploads/2025/08/THT115362.png;yes
THT115366;قطاعة كبل 36 انش 900 مم اقصى قطر 450 مم مربع TOTAL;23.39;https://sp-ao.shortpixel.ai/client/to_webp,q_glossy,ret_img/https://hawarastore.com/wp-content/uploads/woocommerce-placeholder-600x600.png;no
THT1155871;مقص يدوي 5.5 انش 145 مم سماكة الشفرة 3 مم ماركة TOTAL;1.17;https://hawarastore.com/wp-content/uploads/2024/05/THT1155871-1.png;yes
THT11561;قطاعة كبل 6 انش 160 مم اقصى قطر 9 مم TOTAL صناعي;1.84;https://hawarastore.com/wp-content/uploads/2024/05/THT11561.png;yes
THT11581;قطاعة كبل 8 انش 200 مم اقصى قطر 11 مم TOTAL صناعي;2.27;https://hawarastore.com/wp-content/uploads/2025/08/THT11581.png;yes
THT117871;مقص كبل كهرباء 7 انش 178 مم لزوم اعمال الكهرباء تتميز الشفرات بوجود مسننات ماركة TOTAL;1.8;https://hawarastore.com/wp-content/uploads/2025/08/THT117871.png;no
THT118062;بانسة فورد منزلقة 160 مم 6 انش صناعي TOTAL;1.21;https://hawarastore.com/wp-content/uploads/2025/08/THT118062.png;yes
THT118082;بانسة فورد منزلقة 200 مم 8 انش صناعي TOTAL;1.55;https://hawarastore.com/wp-content/uploads/2025/08/THT118082.png;yes
THT118102;بانسة فورد منزلقة 250 مم 10 انش صناعي TOTAL;1.99;https://hawarastore.com/wp-content/uploads/2025/08/THT118102.png;yes
THT118302;مشحمة سطل 30 لتر 24 كغ شحم TOTAL مع خرطوم 5 متر;126.03;https://hawarastore.com/wp-content/uploads/2024/05/THT118302.png;no
THT118452;مشحمة سطل 45 لتر 36 كغ شحم TOTAL مع خرطوم 5 متر;119.21;https://hawarastore.com/wp-content/uploads/2025/08/THT118452.png;yes
THT118871;مقص كبل كهرباء 8 انش 200 مم لزوم اعمال الكهرباء تتميز الشفرات بوجود مسننات ماركة ماركة TOTAL;1.96;https://hawarastore.com/wp-content/uploads/2025/08/THT118871.png;yes
THT12001;قصاصة سيراميك يدوية 120 سم وزن 15.7 كغ بواري اقصى سماكة 14 مم ماركة TOTAL;53.03;https://hawarastore.com/wp-content/uploads/2026/02/THT12001.png;yes
THT120606P;بانسة زردية بوز رفيع 150 مم 6 انش ماركة TOTAL;1.39;https://hawarastore.com/wp-content/uploads/2025/08/THT120606P.png;yes
THT120806P;بانسة زردية بوز رفيع 200  مم 8 انش ماركة TOTAL;1.77;;no
THT121101;طقم فنجان 1/2 انش من 10 مم الى 24 مم ماركة TOTAL;6.47;https://hawarastore.com/wp-content/uploads/2025/08/THT121101.png;yes
THT121171;طقم فنجان 1/2 انش 17 قطعة مع مفتاح طقطاق +بوجيه + وصلة فنجان 1/2 انش متحركة بعلاقة بلاستيك TOTAL;16.68;https://hawarastore.com/wp-content/uploads/2025/08/THT121171.png;no
THT121201;طقم فنجان 1/2 انش 20 قطعة مع مفتاح طقطاق + مقبض T متحرك ضمن حقيبة بلاستيك TOTALصناعي;18.67;https://hawarastore.com/wp-content/uploads/2025/08/THT121201.png;no
THT121242;طقم فنجان 1/2 انش 24 قطعة مع مفتاح طقطاق + تطويلة متحركة ضمن حقيبة معدن TOTAL حديث;28.44;https://hawarastore.com/wp-content/uploads/2025/08/THT121242.png;no
THT121251;طقم فنجان 1/2 انش 25 قطعه مع مفتاح طقطاق + مقبض T متحرك ضمن حقيبة بلاستيك TOTALصناعي;32.07;https://hawarastore.com/wp-content/uploads/2025/08/THT121251.png;no
THT121602;طقم فنجان 1/2 انش 62 قطعة فنجان قصير + طويل+ راس مفك ضمن حقيبة بلاستيك TOTAL;35.09;https://hawarastore.com/wp-content/uploads/2025/08/THT121602.png;yes
THT123126;قطاعة قضبان 12 انش قطع 5 مم بوزن 744 gr سوبر سيليكت ماركة TOTAL;5.71;https://hawarastore.com/wp-content/uploads/2025/08/THT123126.png;yes
THT123146;قطاعة قضبان 14 انش قطع 7 مم بوزن 900 gr سوبر سيليكت ماركة TOTAL;6;https://hawarastore.com/wp-content/uploads/2025/08/THT123146.png;no
THT123186;قطاعة قضبان 18 انش قطع 8 مم 1450 غرام TOTAL سوبر سيليكت;7.44;https://hawarastore.com/wp-content/uploads/2025/08/THT123186.png;yes
THT123246;قطاعة قضبان 24 انش قطع 10 مم بوزن 2350 gr سوبر سيليكت ماركة TOTAL;10.78;https://hawarastore.com/wp-content/uploads/2025/08/THT123246.png;no
THT123306;قطاعة قضبان 30 انش قطع 13 مم بوزن 3618 gr سوبر سيليكت ماركة TOTAL;14.94;https://hawarastore.com/wp-content/uploads/2024/05/THT123126.png;no
THT130606P;قطاعة 160 مم 6 انش على كرت ماركة TOTAL;1.5;https://hawarastore.com/wp-content/uploads/2024/05/THT130606P.png;yes
THT130612;قطاعة 160 مم 6 انش ماركة TOTAL بكيس;1.43;https://hawarastore.com/wp-content/uploads/2025/08/THT130612.png;yes
THT130706P;قطاعة 180 مم 7 انش على كرت TOTAL;1.8;https://hawarastore.com/wp-content/uploads/2025/08/THT130706P.png;yes
THT13136;برغي شد معدن 3 انش TOTAL;2.89;https://hawarastore.com/wp-content/uploads/2025/08/THT13136.png;yes
THT13141;برغي شد معدن 4 انش TOTAL;3.21;https://hawarastore.com/wp-content/uploads/2025/08/THT13141.png;yes
THT13151;برغي شد معدن 5 انش TOTAL;4.17;https://hawarastore.com/wp-content/uploads/2025/08/THT13151.png;yes
THT13161;برغي شد معدن 6 انش TOTAL;5.1;https://hawarastore.com/wp-content/uploads/2025/08/THT13161.png;yes
THT13186;برغي شد معدن 8 انش TOTAL;7.22;https://hawarastore.com/wp-content/uploads/2025/08/THT13186.png;yes
THT1320501;برغي شد نجارين معدن مع قبضة بلاستيك عرض 5سم طول 15سم TOTAL ( صناعي );2.04;https://hawarastore.com/wp-content/uploads/2025/08/THT1320501.png;yes
THT1320502;برغي شد نجارين معدن مع قبضة بلاستيك عرض 5سم طول 20سم TOTAL ( صناعي );2.14;https://hawarastore.com/wp-content/uploads/2025/08/THT1320502.png;yes
THT1320503;برغي شد نجارين معدن مع قبضة بلاستيك عرض 5سم طول 25سم TOTAL ( صناعي );2.21;https://hawarastore.com/wp-content/uploads/2025/08/THT1320503.png;yes
THT1320801;برغي شد نجارين معدن مع قبضة بلاستيك عرض8 سم طول 30 سم TOTAL ( صناعي )+B661;3.73;https://hawarastore.com/wp-content/uploads/2025/08/THT1320801.png;yes
THT1321201;برغي شد نجارين معدن مع قبضة بلاستيك عرض 12سم طول 30 سم TOTAL ( صناعي );5.95;https://hawarastore.com/wp-content/uploads/2025/08/THT1321201.png;yes
THT1321202;برغي شد نجارين معدن مع قبضة بلاستيك عرض 12سم طول 40 سم TOTAL ( صناعي );6.43;https://hawarastore.com/wp-content/uploads/2025/08/THT1321202.png;yes
THT1321203;برغي شد نجارين معدن مع قبضة بلاستيك عرض 12سم طول 50 سم TOTAL ( صناعي );6.98;https://hawarastore.com/wp-content/uploads/2025/08/THT1321203.png;yes
THT1321204;برغي شد نجارين معدن مع قبضة بلاستيك عرض 12 سم طول 80سم TOTAL ( صناعي );8.47;https://hawarastore.com/wp-content/uploads/2025/08/THT1321204.png;yes
THT1321401;برغي شد نجارين معدن مع قبضة بلاستيك عرض 14سم طول 100سم TOTAL ( صناعي );14.21;https://hawarastore.com/wp-content/uploads/2024/05/THT1320501.png;yes
THT1321402;برغي شد نجارين معدن مع قبضة بلاستيك عرض 14سم طول 120سم TOTAL ( صناعي );16.43;https://hawarastore.com/wp-content/uploads/2024/05/THT1320501.png;yes
THT13342;ملقط 4 انش TOTAL;0.42;https://hawarastore.com/wp-content/uploads/2024/03/THT13342.png;yes
THT13362;ملقط 6 انش TOTAL;0.61;https://hawarastore.com/wp-content/uploads/2025/08/THT13362.png;yes
THT1340601;ملزمة كبس 6 انش 60 كغ ماركة TOTAL;2.22;https://hawarastore.com/wp-content/uploads/2025/08/THT1340601.png;yes
THT1340602;ملزمة كبس 12 انش 60 كغ ماركة TOTAL;2.64;https://hawarastore.com/wp-content/uploads/2025/08/THT1340602.png;yes
THT1340603;ملزمة كبس 18 انش 60 كغ ماركة TOTAL حديث;3.07;https://hawarastore.com/wp-content/uploads/2025/08/THT1340603.png;yes
THT1346801;ملزمة كبس 18 انش 135 كغ ماركة TOTAL;7.72;https://hawarastore.com/wp-content/uploads/2025/08/THT1346801.png;no
THT1346802;ملزمة كبس 24 انش 135 كغ ماركة TOTAL;8.36;https://hawarastore.com/wp-content/uploads/2025/08/THT1346802.png;yes
THT1346803;ملزمة كبس 36 انش 135 كغ ماركة TOTAL;9.91;https://hawarastore.com/wp-content/uploads/2025/08/THT1346803.png;yes
THT1411023;طقم فنجان 1/4 انش 10 قطعة بدون مفتاح طقطاق ماركة TOTAL;3.29;https://hawarastore.com/wp-content/uploads/2025/08/THT1411023.png;yes
THT141121;طقم فنجان 1/2 انش 12 قطعه مع مفتاح طقطاق + تطويلة علاقة بلاستيك TOTAL صناعي;10.55;https://hawarastore.com/wp-content/uploads/2025/08/THT141121.png;yes
THT14114126;طقم فنجان 1/4 انش 12 قطعة مع مفتاح طقطاق علاقة بلاستيك TOTAL;5.3;https://hawarastore.com/wp-content/uploads/2025/08/THT14114126.png;no
THT141201;طقم فنجان 1/4 انش 20 قطعة مع مفتاح طقطاق فنجان قصيرة و طويل ضمن حقيبة بلاسيك TOTAL;8.6;https://hawarastore.com/wp-content/uploads/2025/08/THT141201.png;no
THT141253;طقم فنجان 1/2 انش 24 قطعه مع مفتاح طقطاق + تطويلة منحنية + مفتاح Tمتحرك ضمن حقيبة معدن TOTAL صناعي;32.29;https://hawarastore.com/wp-content/uploads/2025/08/THT141253.png;no
THT141271;طقم فنجان 1/4 انش 27 قطعة مع مفتاح طقطاق + رؤوس مفك مصالب + شق + نجمة علاقة بلاستيك TOTAL;8.56;https://hawarastore.com/wp-content/uploads/2025/08/THT141271.png;yes
THT141451;طقم فنجان 1/4 انش 45 قطعه ماركة TOTAL (( صناعي ));17.3;https://hawarastore.com/wp-content/uploads/2024/05/THT141451.png;no
THT141462;طقم فنجان 1/4 انش 46 قطعه مع مفتاح طقطاق يتضمن رؤوس مفك ضمن حقيبة بلاستيك TOTALصناعي حديث;14.55;https://hawarastore.com/wp-content/uploads/2025/08/THT141462.png;yes
THT1466P;بانسة زردية بوز رفيع راس اعوج 160 مم 6 انش ماركة TOTAL;1.54;https://hawarastore.com/wp-content/uploads/2025/08/THT1466P.png;yes
THT15101;بانسة راس شريط مع قطاعة 10 انش ماركة TOTAL;3.88;https://hawarastore.com/wp-content/uploads/2025/08/THT15101.png;yes
THT1516001;مقص كساح سور 23 انش طول 57.5 سم اقصى قطع 10 مم TOTAL صناعي;5.95;https://hawarastore.com/wp-content/uploads/2025/08/THT1516001.png;yes
THT1516301;مقص كساح سور 23 انش طول 57.5 سم اقصى قطع 10 مم TOTAL;6.35;https://hawarastore.com/wp-content/uploads/2025/08/THT1516301.png;yes
THT152429;بانسة حبسات ذكية شك + زلاطة صناعي ماركة TOTAL;8.6;https://hawarastore.com/wp-content/uploads/2025/08/THT152429.png;yes
THT15246;مكبس راس شريط و زلاطة اتوماتيك 3 في واحد صناعي ماركة TOTAL;5.65;https://hawarastore.com/wp-content/uploads/2024/05/THT15246.png;yes
THT1527101;مقص كساح تقليم 29 انش طول 73 سم اقصى قطع 23مم ماركة TOTAL;5.86;https://hawarastore.com/wp-content/uploads/2025/08/THT1527101.png;yes
THT1527201;مقص كساح تقليم 27 انش طول 69 سم اقصى قطع 18 مم ماركة TOTAL;6.15;https://hawarastore.com/wp-content/uploads/2025/08/THT1527201.png;no
THT1527401;مقص كساح تقليم 30 انش طول 77 سم اقصى قطع 28 مم ماركة TOTAL صناعي;7.66;https://hawarastore.com/wp-content/uploads/2025/08/THT1527401.png;yes
THT1527608;مقص كساح تقليم 30 انش طول 76 سم اقصى قطع 40 مم مزود بمفصل لزيادة حجم القطع ماركة TOTAL صناعي;9.14;https://hawarastore.com/wp-content/uploads/2025/08/THT1527608.png;yes
THT1528401;مقص كساح تقليم 30 انش طول 77 سم اقصى قطع 50مم ماركة TOTAL صناعي توفير عزم 30 % مع شفرة مطلية تيفلون;8.27;;no
THT15308;مقص كساح 8 انش اقصى قطع 16 مم TOTAL صناعي;4.61;https://hawarastore.com/wp-content/uploads/2025/08/THT15308.png;yes
THT15606;زلاطة اتوماتيك امامية 0.5-6MM ماركة TOTAL صناعي;3.44;https://hawarastore.com/wp-content/uploads/2025/08/THT15606.png;yes
THT1566P;زلاطة سحب امامي 6 انش عادية TOTAL;1.98;https://hawarastore.com/wp-content/uploads/2025/08/THT1566P.png;yes
THT1576033;مجموعة مقصات كساح 3 قطع 29 انش + 22 انش + 8.5 انش ماركة TOTAL صناعي;13.63;https://hawarastore.com/wp-content/uploads/2024/03/THT1576033.png;no
THT15851;بانسة راس شريط مع قطاعة 8.5 انش ماركة TOTAL;2.21;https://hawarastore.com/wp-content/uploads/2025/08/THT15851.png;yes
THT1591;زلاطة اتوماتيك جانبية 180 مم 7 انش ماركة TOTAL;3.71;https://hawarastore.com/wp-content/uploads/2025/08/THT1591.png;no
THT1593301;مجموعة مقصات كساح 3 قطع 35 انش + 34 انش + 8 انش ماركة TOTAL صناعي;16.96;https://hawarastore.com/wp-content/uploads/2025/08/THT1593301.png;yes
THT1593401;طقم مقصات كساح 4 قطع كبير (24 + 28 انش قابل للتطويل الى 34 انش + صغير (8.5+8 ) انش ماركة TOTAL;17.86;https://hawarastore.com/wp-content/uploads/2026/05/THT1593401-878x1024.png;yes
THT1611;بلنكو 1 طن ارتفاع 3 متر - الوزن 9.45 كغ TOTAL;36.63;https://hawarastore.com/wp-content/uploads/2024/05/THT1611.png;yes
THT16161;حقيبة قماشية 16 انش ( صناعي ) TOTAL;18.56;https://hawarastore.com/wp-content/uploads/2025/08/THT16161.png;yes
THT16163;حقيبة قماشية 16 انش ( صناعي ) قاعدة بلاستيك تحميل 20 كغ مع 16 جيب TOTAL;11.09;https://hawarastore.com/wp-content/uploads/2025/05/THT16163.png;no
THT1621;بلنكو 2 طن ارتفاع 3 متر - الوزن 13.2 كغ TOTAL;48.81;https://hawarastore.com/wp-content/uploads/2024/05/THT1611.png;yes
THT16241;حقيبة عدة قماشية 24 انش قماش محمولة قاعدة بلاستيك مقوى TOTAL;21.32;https://hawarastore.com/wp-content/uploads/2024/05/THT16241.png;no
THT16242;حقيبة عدة قاعدة بلاستيك 24 انش 25 كغ ماركة TOTAL (صناعي);14.48;https://hawarastore.com/wp-content/uploads/2025/05/THT16242.png;yes
THT1631;بلنكو 3 طن ارتفاع 3 متر - الوزن 25.5 كغ TOTAL;75.31;https://hawarastore.com/wp-content/uploads/2024/10/THT1631.png;yes
THT1651;بلنكو 5 طن ارتفاع 3 متر - الوزن 35 كغ TOTAL;96.72;https://hawarastore.com/wp-content/uploads/2025/08/THT1651.png;no
THT16P1011;حقيبة عدة قماشية 10 جيوب م للتعليق على الحزام TOTAL;4.97;https://hawarastore.com/wp-content/uploads/2025/08/THT16P1011.png;no
THT16P2031;حقيبة عدة قماشية مع حزام كبيرة للتعليق على الخصر TOTAL;6;https://hawarastore.com/wp-content/uploads/2024/05/THT16P2031.png;no
THT16P3011;حقيبة عدة قماشية على الخصر ماركة TOTAL;2.55;https://hawarastore.com/wp-content/uploads/2025/08/THT16P3011.png;no
THT16P30125;حقيبة عدة على الخصر قماشية ماركة TOTAL;3.44;;no
THT16P4011;حقيبة قماشية سعة 4 قطع على الخصر ماركة TOTAL;1.76;https://hawarastore.com/wp-content/uploads/2025/08/THT16P4011.png;no
THT16P40125;حقيبة على الخصر قماشية 5 كغ 7 جيوب TOTAL;2.03;https://hawarastore.com/wp-content/uploads/2025/08/THT16P40125.png;yes
THT170806;رنش 8 انش 27 مم بوزن 526 غرام CR-V ماركة TOTAL;2.35;https://hawarastore.com/wp-content/uploads/2025/08/THT170806.png;yes
THT170826;رنش 8 انش 27 مم ماركة TOTAL;3.17;https://hawarastore.com/wp-content/uploads/2025/08/THT170826.png;yes
THT171006;رنش 10 انش 34 مم بوزن 766 غرام CR-V ماركة TOTAL;3.17;https://hawarastore.com/wp-content/uploads/2024/05/THT170806.png;no
THT171102;رنش صحيه 10 انش 14-40 مم CR-V ماركة TOTAL;4.63;https://hawarastore.com/wp-content/uploads/2025/08/THT171102.png;yes
THT171142;رنش صحيه 14 انش 18-52 مم CR-V ماركة TOTAL;8.22;https://hawarastore.com/wp-content/uploads/2025/08/THT171142.png;yes
THT171146;رنش 14 انش 50 مم بوزن 1286 غرام CR-V ماركة TOTAL;4.67;https://hawarastore.com/wp-content/uploads/2025/08/THT171146.png;yes
THT171186;رنش 18 انش 60 مم CR-V ماركة TOTAL;6.7;https://hawarastore.com/wp-content/uploads/2025/08/THT171186.png;yes
THT171206;رنش 12 انش 42 مم بوزن 1110 غرام CR-V ماركة TOTAL;3.87;https://hawarastore.com/wp-content/uploads/2024/05/THT170806.png;yes
THT171246;رنش 24 انش 76 مم بوزن 2928 gr غرام CR-V ماركة TOTAL;9.55;https://hawarastore.com/wp-content/uploads/2025/08/THT171246.png;no
THT171366;رنش 36 انش 85 مم ماركة CR-V ماركة TOTAL;18.14;https://hawarastore.com/wp-content/uploads/2025/08/THT171366.png;yes
THT171486;رنش 48 انش 110 مم CR-V ماركة TOTAL;24.63;https://hawarastore.com/wp-content/uploads/2025/08/THT171486.png;no
THT172011;بهبهانة رنش سويدي 1 انش 90 درجة TOTAL;4.14;https://hawarastore.com/wp-content/uploads/2025/08/THT172011.png;no
THT172013;بهبهانة رنش سويدي 1 انش 45 درجة TOTAL;4.24;https://hawarastore.com/wp-content/uploads/2025/08/THT172013.png;yes
THT172021;بهبهانة رنش سويدي 2 انش 90 درجة TOTAL;10.61;https://hawarastore.com/wp-content/uploads/2025/08/THT172021.png;yes
THT172023;بهبهانة رنش سويدي 2 انش 45 درجة TOTAL;10.79;https://hawarastore.com/wp-content/uploads/2025/08/THT172023.png;yes
THT172151;بهبهانة رنش سويدي 1.5 انش 90 درجة TOTAL;6.62;https://hawarastore.com/wp-content/uploads/2025/08/THT172151.png;no
THT172153;بهبهانة رنش سويدي 1.5 انش 45 درجة TOTAL;6.64;https://hawarastore.com/wp-content/uploads/2025/08/THT172153.png;yes
THT1776P;قطاعة راس طويل 180 مم 7 انش عادية TOTAL;2;https://hawarastore.com/wp-content/uploads/2025/08/THT1776P.png;yes
THT181751;شفرة تنظيف 7 انش ماركة TOTAL;0.64;https://hawarastore.com/wp-content/uploads/2025/08/THT181751.png;no
THT183006;مشرط قشط طول 30 سم مع 5 نصلاتTOTAL;3.97;https://hawarastore.com/wp-content/uploads/2024/05/THT183006.png;no
THT190703;بانسة لقط منحنية 7 انش مجال 0-38 مم TOTAL;2.24;https://hawarastore.com/wp-content/uploads/2025/08/THT190703.png;yes
THT1909;مفك فاز ديجيتال AC12-250V/DC1.5-36V TOTAL Test pencil;1.66;https://hawarastore.com/wp-content/uploads/2024/05/THT1909.png;no
THT191001;بانسة لقط منحنية 10 انش مجال 0-50 مم كروم فناديوم TOTAL;4.02;https://hawarastore.com/wp-content/uploads/2025/08/THT191001.png;yes
THT191002;بانسة لقط مستقيمة 10 انش مجال 0-50 مم TOTAL;2.55;https://hawarastore.com/wp-content/uploads/2025/08/THT191002.png;yes
THT191003;بانسة لقط منحنية 10 انش مجال 0-50 مم كاربون ستيل TOTAL;2.55;https://hawarastore.com/wp-content/uploads/2025/08/THT191003.png;yes
THT191005;بانسة لقط مستقيمة 10 انش مجال 0-50 مم TOTAL صناعي;4.02;https://hawarastore.com/wp-content/uploads/2024/05/THT191005.png;no
THT1921001;بانسة لقط لحام 10 انش TOTAL;7.29;https://hawarastore.com/wp-content/uploads/2025/08/THT1921001.png;yes
THT1921003;بانسة لقط لحام 10 انش TOTAL;4.61;https://hawarastore.com/wp-content/uploads/2025/08/THT1921003.png;no
THT1930701;بانسة لقط مستقيمة 7 انش (ختامة مواسير) TOTAL;3.29;https://hawarastore.com/wp-content/uploads/2024/05/THT1930701.png;yes
THT1941003;بانسة لقط مصافي زيت - جنزير - TOTAL;6.59;https://hawarastore.com/wp-content/uploads/2025/08/THT1941003.png;yes
THT19901;بانسة لقط راس طويل 9 انش صناعي ماركة TOTAL;3.89;https://hawarastore.com/wp-content/uploads/2024/05/THT19902.png;no
THT19902;بانسة لقط راس طويل 9 انش مجال 0-90 مم TOTAL;2.59;https://hawarastore.com/wp-content/uploads/2025/08/THT19902.png;yes
THT1K0301;طقم 3 قطع (بانسة 8 انش + قطاعة 6 انش + زردية 6 انش ) TOTAL;4.93;https://hawarastore.com/wp-content/uploads/2025/08/THT1K0301.png;yes
THT1K0311;طقم 3 قطع ( بانسة 7 ً- قطاعة 6 ً - زردية 6 ً) على كرت TOTAL;4.45;https://hawarastore.com/wp-content/uploads/2024/05/THT1K0311.png;no
THT1K0511;طقم 6 قطع الكتروني قطاعات وبانسات ماركة TOTAL;6.7;https://hawarastore.com/wp-content/uploads/2025/08/THT1K0511.png;no
THT1RK231;طقم قطاعة حديد باطون 3 قطع (8+9+10) انش CR-V ماركة TOTAL;5.36;https://hawarastore.com/wp-content/uploads/2026/05/THT1RK231.png;yes
THT20109;مكبس سيليكون+ايبوكسي المنيوم 9 انش TOTAL (( صناعي ));4.39;https://hawarastore.com/wp-content/uploads/2025/08/THT20109.png;yes
THT20112;مكبس سيليكون + ايبوكسي المنيوم12 انش صناعي TOTAL;4.67;https://hawarastore.com/wp-content/uploads/2025/08/THT20112.png;no
THT20115;مكبس سيليكون + ايبوكسي المنيوم 15 انش صناعي TOTAL;5.18;https://hawarastore.com/wp-content/uploads/2025/08/THT20115.png;no
THT20209;مكبس سيليكون 9 انش سماكة 0.8 مم TOTAL;1.12;https://hawarastore.com/wp-content/uploads/2025/08/THT20209.png;no
THT20409;مكبس سيليكون 9 انش سماكة 1 مم TOTAL;2.34;https://hawarastore.com/wp-content/uploads/2025/08/THT20409.png;no
THT210003;قلم فحص فاز كهرباء من 12 الى 1000 فولت ضوء وصوت مع تمييز بين الفاز والنتر مع بطاريتين R03 AAA ماركة TOTAL شاشة LE;4.63;https://hawarastore.com/wp-content/uploads/2025/08/THT210003.png;yes
THT210102;بانسة سياج 250 مم 10 انش صناعي ماركة TOTAL;4.15;https://hawarastore.com/wp-content/uploads/2025/08/THT210102.png;no
THT210122;بانسة سياج 300 مم 12 انش صناعي ماركة TOTAL;4.93;https://hawarastore.com/wp-content/uploads/2025/08/THT210122.png;yes
THT210606;بانسة 160 مم 6 انش TOTAL (( صناعي ));2.38;https://hawarastore.com/wp-content/uploads/2025/08/THT210606S.png;yes
THT210606S;بانسة 160 مم 6 انش توفير عزم 30 % TOTAL;2.74;https://hawarastore.com/wp-content/uploads/2025/08/THT210606S.png;yes
THT210706;بانسة 180 مم 7 انش CR-V ماركة TOTAL;2.75;https://hawarastore.com/wp-content/uploads/2024/05/THT210706S.png;yes
THT210706S;بانسة 180 مم 7 انش توفير عزم 30 % TOTAL;3.05;https://hawarastore.com/wp-content/uploads/2024/03/THT210706S.png;yes
THT210806;بانسة 200 مم 8 انش CR-V ماركة TOTAL;2.98;https://hawarastore.com/wp-content/uploads/2025/08/THT210806S.png;yes
THT210806S;بانسة 200 مم 8 انش توفير عزم 30 % TOTAL (( صناعي ));3.45;https://hawarastore.com/wp-content/uploads/2024/05/THT210706S.png;yes
THT210906S;بانسة 240 مم 9.5 انش توفير عزم 30 % TOTAL (( صناعي ));4.61;https://hawarastore.com/wp-content/uploads/2025/08/THT210906S.png;yes
THT21309;مكبس سيليكون 9 انش سماكة 2.2 مم TOTAL مع كبسة فرام;2.17;https://hawarastore.com/wp-content/uploads/2024/05/THT21309-1.png;no
THT21356;مفك براغي شق 5.5*75 ماركة TOTAL (( صناعي )) CRV;0.66;https://hawarastore.com/wp-content/uploads/2024/05/THT21446.png;no
THT21386;مفك براغي شق 6.5*38 ماركة TOTAL (( صناعي )) CRV;0.74;https://hawarastore.com/wp-content/uploads/2024/03/THT21386.png;yes
THT21446;مفك براغي شق 4.0*100 ماركة TOTAL (( صناعي )) CRV;0.57;https://hawarastore.com/wp-content/uploads/2024/05/THT21446-1.png;no
THT2146;مفك براغي شق 5.5*100 ماركة TOTAL (( صناعي )) CRV;0.67;https://hawarastore.com/wp-content/uploads/2024/05/THT21446.png;no
THT21509;مكبس سيليكون 9 انش TOTAL (( صناعي )) قابل للتدوير 360 درجة سماكة 1.80;3.62;https://hawarastore.com/wp-content/uploads/2025/08/THT21509.png;no
THT2156;مفك براغي شق 6.5*125 ماركة TOTAL (( صناعي )) CRV;0.68;https://hawarastore.com/wp-content/uploads/2024/05/THT21446.png;yes
THT2166;مفك براغي شق 6.5*150 ماركة TOTAL (( صناعي )) CRV;0.74;https://hawarastore.com/wp-content/uploads/2024/05/THT21446.png;yes
THT21786;مفك براغي شق 8*150 ماركة TOTAL (( صناعي )) CRV;1.04;https://hawarastore.com/wp-content/uploads/2024/05/THT21446.png;yes
THT21809;مكبس سيليكون 9 انش سماكة 0.8 مم TOTALموديل حديث;1.13;;no
THT21886;مفك براغي شق 8*200 ماركة TOTAL (( صناعي )) CRV;1.59;https://hawarastore.com/wp-content/uploads/2024/05/THT21446.png;yes
THT220606;بانسة زردية بوز رفيع 160 مم 6 انش CR-V ماركة TOTAL;2.28;https://hawarastore.com/wp-content/uploads/2025/08/THT220606S.png;yes
THT220606S;بانسة زردية بوز رفيع 160 مم 6 انش عزم عالي توفير 30 % TOTAL;2.57;https://hawarastore.com/wp-content/uploads/2025/08/THT220606S.png;yes
THT220806;بانسة زردية بوز رفيع 200 مم 8 انش CR-V ماركة TOTAL;2.76;https://hawarastore.com/wp-content/uploads/2024/05/THT220606S.png;no
THT220806S;بانسة زردية بوز رفيع 200 مم 8 انش عزم عالي توفير 30 % TOTAL;2.75;https://hawarastore.com/wp-content/uploads/2025/08/THT220806S.png;yes
THT22306;مفك براغي مصالب ph0*75 ماركة TOTAL (( صناعي )) CRV;0.38;https://hawarastore.com/wp-content/uploads/2024/03/THT22306-1024x1024.png;no
THT22316;مفك براغي مصالب PH1*75 مم TOTAL(( صناعي )) CRV;0.63;https://hawarastore.com/wp-content/uploads/2024/05/THT22316.png;no
THT22386;مفك براغي مصالب ph2*38 ماركة TOTAL (( صناعي )) CRV;0.58;https://hawarastore.com/wp-content/uploads/2024/03/THT22386.png;no
THT2246;مفك براغي مصالب PH1*100 ماركة TOTAL (( صناعي )) CRV;0.67;https://hawarastore.com/wp-content/uploads/2024/05/THT22316.png;no
THT2256;مفك براغي مصالب ph2*125 ماركة TOTAL (( صناعي )) CRV;0.91;https://hawarastore.com/wp-content/uploads/2024/05/THT22316.png;no
THT22636;مفك براغي مصالب PH3*150 ماركة TOTAL (( صناعي )) CRV;1.4;https://hawarastore.com/wp-content/uploads/2024/05/THT22316.png;no
THT2266;مفك براغي مصالب ph2*150 ماركة TOTAL (( صناعي )) CRV;1;https://hawarastore.com/wp-content/uploads/2025/08/THT2266.png;yes
THT22836;مفك براغي مصالب PH3*200 ماركة TOTAL (( صناعي )) CRV;1.04;https://hawarastore.com/wp-content/uploads/2024/05/THT22316.png;yes
THT230512;قطاعة الكترونية للبلاستيك 140 مم 5 انش صناعي ماركة TOTAL;1.68;https://hawarastore.com/wp-content/uploads/2025/08/THT230512.png;yes
THT230606;قطاعة 160 مم 6 انش ماركة TOTAL (( صناعي ));2.35;https://hawarastore.com/wp-content/uploads/2025/08/THT230606S.png;yes
THT230606S;قطاعة 160 مم 6 انش ماركة TOTAL (( صناعي )) - قوة عالي;2.7;https://hawarastore.com/wp-content/uploads/2025/08/THT230606S.png;yes
THT230612;قطاعة الكترونية للبلاستيك 160 مم 6 انش صناعي ماركة TOTAL;1.97;https://hawarastore.com/wp-content/uploads/2025/08/THT230612.png;yes
THT230706;قطاعة 180 مم 7 انش ماركة TOTAL (( صناعي ));2.74;https://hawarastore.com/wp-content/uploads/2025/08/THT230706S.png;no
THT230706S;قطاعة 180 مم 7 انش ماركة TOTAL (( صناعي )) قوة عالي;2.9;https://hawarastore.com/wp-content/uploads/2025/08/THT230706S.png;yes
THT2346;مفك براغي نجمة S2 قياس T10*100 ماركة TOTAL (( صناعي )) CRV;0.52;https://hawarastore.com/wp-content/uploads/2024/05/THT2346.png;yes
THT2366;مفك براغي نجمة T20*150 ماركة TOTAL (( صناعي )) CRV;0.74;https://hawarastore.com/wp-content/uploads/2024/05/THT2366.png;yes
THT2446;مفك براغي مصالب بوزي درايف PZ1*100 ماركة TOTAL (( صناعي )) CRV;0.67;https://hawarastore.com/wp-content/uploads/2024/10/THT2446.png;no
THT24616;بانسة زردية بوز رفيع راس اعوج 160 مم 6 انش CR-V ماركة TOTAL;1.89;https://hawarastore.com/wp-content/uploads/2025/08/THT24616.png;yes
THT2466;مفك براغي مصالب بوزي درايف PZ2*150 ماركة TOTAL (( صناعي )) CRV;0.65;https://hawarastore.com/wp-content/uploads/2024/05/THT2466.png;yes
THT24816S;بانسة زردية بوز رفيع معزولة 200 مم 8 انش راس اعوج TOTAL صناعي;3.3;;no
THT250201;طقم مفكات براغي قطعتين شق + مصالب ماركة TOTAL (( صناعي ));1;https://hawarastore.com/wp-content/uploads/2025/08/THT250201.png;no
THT250206;"مفك براغي قلاب 2ب1 شق +مصالب160 مم ,PH2+SL6 ماركة TOTAL""";0.99;https://hawarastore.com/wp-content/uploads/2024/05/THT250206.png;no
THT250216;مفك براغي قلاب نجاصة 2ب1 شق +مصالب TOTAL 6.35*75;0.72;https://hawarastore.com/wp-content/uploads/2025/08/THT250216.png;no
THT250226;مفك براغي قلاب 2ب1 شق +مصالب 5*135 TOTAL;0.77;https://hawarastore.com/wp-content/uploads/2024/05/THT250226-2.png;no
THT250236;طقم مفك براغي متعدد 18 ب 1 شق+ مصالب ماركة TOTAL;6.35;https://hawarastore.com/wp-content/uploads/2025/08/THT250236.png;yes
THT250266;مفك براغي قلاب PH2 -SL6 (S2 ) من TOTAL;1.25;;no
THT250604;طقم مفكات براغي 4 قطع شق + مصالب CR-V ماركة TOTAL;1.99;https://hawarastore.com/wp-content/uploads/2024/05/THT250604.png;no
THT250606;طقم مفكات براغي 6 قطع شق + مصالب CR-V ماركة TOTAL;2.95;https://hawarastore.com/wp-content/uploads/2025/08/THT250606.png;no
THT2506076;مفك براغي قلاب 6 في 1 ماركة TOTAL (( صناعي ));1.61;https://hawarastore.com/wp-content/uploads/2025/08/THT2506076.png;no
THT250608;طقم مفكات براغي 8 قطع شق + مصالب CR-V ماركة TOTAL;3.68;https://hawarastore.com/wp-content/uploads/2025/08/THT250608.png;no
THT250610;طقم مفكات براغي 10 قطع شق + مصالب CR-V ماركة TOTAL;6.07;https://hawarastore.com/wp-content/uploads/2025/08/THT2506100.png;yes
THT2506100;طقم مفكات براغي 100 قطعة شق + مصالب + نجمة + مسدس + مشرشر + سنبك مع ستاند بلاستيك CR-V ماركة TOTAL;15;https://hawarastore.com/wp-content/uploads/2025/08/THT2506100.png;no
THT250614;طقم مفكات براغي 14 قطعة شق + مصالب + نجمة CR-V ماركة TOTAL;5.62;https://hawarastore.com/wp-content/uploads/2025/08/THT250614.png;no
THT250618;طقم مفكات براغي 18 قطعة شق + مصالب + نجمة مع ستاند بلاستيك CR-V ماركة TOTAL;6.18;https://hawarastore.com/wp-content/uploads/2025/08/THT250618.png;no
THT250626;طقم مفكات براغي 26 قطعة مفكات عادي ومصالب مع ستاند بلاستيكCR-V ماركة TOTAL;13.44;https://hawarastore.com/wp-content/uploads/2025/08/THT250626.png;yes
THT250726;طقم مفكات براغي اعمال دقيقة ساعاتي 7 قطع شق + مصالب + نجمة ماركة TOTAL;3.53;https://hawarastore.com/wp-content/uploads/2025/08/THT250726.png;yes
THT250826;طقم مفكات براغي اعمال دقيقة 8 قطع علبة بلاستيك ماركة TOTAL;2.71;https://hawarastore.com/wp-content/uploads/2025/08/THT250826.png;yes
THT250906;طقم مفك براغي 9 قطع شق + مصالب + مشقوق + ماركة TOTAL (( صناعي ));3.14;https://hawarastore.com/wp-content/uploads/2025/08/THT250906.png;yes
THT250FL1206;طقم مفك براغي مرن راصور 12 قطعة + رؤوس مصالب + شق ماركة TOTAL;2.14;https://hawarastore.com/wp-content/uploads/2025/08/THT250FL1206.png;yes
THT250PS0321;طقم مفك براغي اعمال دقيقة 32 قطعة ساعاتي مع رؤوس شد متعددة شق + مصالب + مشرشر ماركة TOTAL;3.62;https://hawarastore.com/wp-content/uploads/2025/08/THT250PS0321.png;no
THT250PS0601;مجموعة 6 قطع اعمال دقيقة TOTAL;2.79;https://hawarastore.com/wp-content/uploads/2025/08/THT250PS0601.png;no
THT25616;زلاطة كبل نصف اتوماتيك 160 مم 6 انش ماركة TOTAL (( صناعي ));2.48;https://hawarastore.com/wp-content/uploads/2025/08/THT25616.png;yes
THT260606;قطاعة حديد باطون 160 مم 6 انش لقص نهاية الشريط ماركة TOTAL (( صناعي ));2.75;https://hawarastore.com/wp-content/uploads/2024/05/THT260606.png;yes
THT260702;قطاعة حديد باطون 180 مم 7 انش لقص نهاية الشريط ماركة TOTAL (( صناعي ));2.92;https://hawarastore.com/wp-content/uploads/2024/05/THT260702.png;yes
THT260806;قطاعة حديد باطون 200 مم 8 انش لقص نهاية الشريط ماركة TOTAL (( صناعي ));2.95;;no
THT26131;حقيبة عدة قماش 13 انش TOTAL;4.36;https://hawarastore.com/wp-content/uploads/2025/05/THT26131.png;no
THT261325;حقيبة عدة قماش 13 انش موديل حديث ماركة TOTAL;3.4;https://hawarastore.com/wp-content/uploads/2024/10/THT261325.png;yes
THT26161;حقيبة عدة قماش 16 انش حديثة TOTAL;7.01;https://hawarastore.com/wp-content/uploads/2024/05/THT26161.png;no
THT261625;حقيبة عدة قماش 16 انش اقصى حمل 15 كغ ماركة TOTAL;5.64;https://hawarastore.com/wp-content/uploads/2025/08/THT261625.png;yes
THT261925;حقيبة عدة قماش 19 انش اقصى حمل 18 كغ ماركة TOTAL;9;;no
THT264100;مفك براغي شق S2 فليبس 4*100 مغناطيس صناعي ماركة TOTAL;0.62;https://hawarastore.com/wp-content/uploads/2025/08/THT264100.png;yes
THT265100;مفك براغي شق S2 فليبس 5.5*100 مغناطيس صناعي ماركة TOTAL;0.7;https://hawarastore.com/wp-content/uploads/2025/08/THT265100.png;yes
THT266038;مفك براغي شق نجاصة S2 فليبس 6.5*38 ماركة TOTAL;0.73;https://hawarastore.com/wp-content/uploads/2025/08/THT266038.png;yes
THT266125;مفك براغي شق S2 فليبس 6.5*125 مغناطيس ماركة TOTAL;0.94;https://hawarastore.com/wp-content/uploads/2025/08/THT266125.png;no
THT266150;مفك براغي شق S2 فليبس 6.5*150 مغناطيس ماركة TOTAL;0.87;https://hawarastore.com/wp-content/uploads/2025/08/THT266150.png;no
THT268200;مفك براغي شق S2 فليبس 8*200 صناعي ماركة TOTAL;1.23;https://hawarastore.com/wp-content/uploads/2025/08/THT268200.png;yes
THT26PH0075;مفك براغي مصالب S2 فليبس ph0*75 ماركة TOTAL;0.44;https://hawarastore.com/wp-content/uploads/2024/05/THT26PH0075.png;no
THT26PH1075;مفك براغي مصالب S2 فليبس PH1*75 صناعي مغناطيس ماركة TOTAL;0.68;https://hawarastore.com/wp-content/uploads/2024/05/THT26PH1075.png;yes
THT26PH1100;مفك براغي مصالب S2 فليبس PH1*125 مغناطيس ماركة TOTAL;0.7;https://hawarastore.com/wp-content/uploads/2024/05/THT26PH1075.png;no
THT26PH2038;مفك براغي مصالب S2 فليبس نجاصة PH2*38 مغناطيس صناعي ماركة TOTAL;0.59;https://hawarastore.com/wp-content/uploads/2024/05/THT26PH2038-1.png;yes
THT26PH2125;مفك براغي مصالب S2 فليبس PH2*125 مغناطيس ماركة TOTAL;0.94;https://hawarastore.com/wp-content/uploads/2024/05/THT26PH1075.png;no
THT26PH2150;مفك براغي مصالب S2 فليبس PH2*150 مغناطيس ماركة TOTAL (( صناعي ));0;;no
THT26PH3200;مفك براغي مصالب S2 فليبس PH3*200 صناعي TOTAL;1.6;https://hawarastore.com/wp-content/uploads/2025/08/THT26PH3200.png;yes
THT272086;رنش 8 انش 27 مم عادي TOTAL;2.5;https://hawarastore.com/wp-content/uploads/2025/08/THT272086.png;yes
THT272106;رنش 10 انش 33 مم بوزن 612 gr سوبر سيليكت ماركة TOTAL;2.88;https://hawarastore.com/wp-content/uploads/2025/08/THT272106.png;no
THT272126;رنش 12 انش 42 مم بوزن 812 gr سوبر سيليكت ماركة TOTAL;3.49;https://hawarastore.com/wp-content/uploads/2024/05/THT272086.png;no
THT272146;رنش 14 انش 48 مم بوزن 1060 gr سوبر سيليكت ماركة TOTAL;5.05;https://hawarastore.com/wp-content/uploads/2024/05/THT272086.png;no
THT272186;رنش 18 انش 60 مم سوبر سيليكت ماركة TOTAL;6.05;https://hawarastore.com/wp-content/uploads/2024/05/THT272086.png;no
THT272246;رنش 24 انش 73 مم بوزن 2594 gr سوبر سيليكت ماركة TOTAL;8.6;https://hawarastore.com/wp-content/uploads/2024/05/THT272086.png;no
THT27716;قطاعة 180مم راس طويل 7 انش ماركة TOTAL (( صناعي ));2.58;https://hawarastore.com/wp-content/uploads/2025/08/THT27716S.png;no
THT27716S;قطاعة راس طويل 180 مم 7 انش ماركة TOTAL (( صناعي )) هاي ليفريج;2.72;https://hawarastore.com/wp-content/uploads/2025/08/THT27716S.png;yes
THT280806;بانسة كلب 200 مم 8  انش اقصى فتح 35 مم TOTAL صناعي;2.36;;no
THT281006;بانسة كلب 250 مم 10 انش اقصى فتح 40 مم TOTAL صناعي;3.24;https://hawarastore.com/wp-content/uploads/2025/08/THT281006.png;no
THT28101;بانسة كماشة نجار 250مم 10 انش ماركة TOTAL (( صناعي ));2.89;https://hawarastore.com/wp-content/uploads/2025/08/THT28101.png;yes
THT281202;بانسة كلب 300 مم 12 انش اقصى فتح 50 مم صناعي حديث TOTAL;4.06;;no
THT2881;بانسة كماشة نجار 200مم 8 انش ماركة TOTAL (( صناعي )) Rabbit pliers;2.13;https://hawarastore.com/wp-content/uploads/2025/08/THT2881.png;yes
THT2891;بانسة كماشة نجار 228مم 9 انش ماركة TOTAL (( صناعي ));2.24;https://hawarastore.com/wp-content/uploads/2025/08/THT2891.png;yes
THT290801;بانسة كماشة نجار 200 مم 8 انش ماركة TOTAL (( صناعي ));2.52;https://hawarastore.com/wp-content/uploads/2025/08/THT290801.png;yes
THT29100026;قلم كاشف فاز 1000 - 12 فولت ماركة TOTAL;2.74;https://hawarastore.com/wp-content/uploads/2025/08/THT29100026.png;yes
THT2910003;قلم مفك فحص مفك فاز كهرباء من 12 V الى 1000 V + ضوء وصوت TOTAL شاشة LED;3.91;https://hawarastore.com/wp-content/uploads/2025/08/THT2910003.png;yes
THT291408;مفك فاز صغير ماركة 140 مم TOTAL;0.34;https://hawarastore.com/wp-content/uploads/2025/08/THT291408.png;yes
THT291908;مفك فاز كبير ماركة 190 مم TOTAL;0.41;https://hawarastore.com/wp-content/uploads/2025/08/THT291908.png;yes
THT292201;مفك فاز ديجيتال 500 فولت ماركة TOTAL;0.93;https://hawarastore.com/wp-content/uploads/2025/08/THT292201.png;yes
THT2CK221S;طقم عدة 2 قطعة بانسة 8 انش + قطاعة 8 انش عزم عالي 65 % على كرت بلاستيك TOTAL;6.79;https://hawarastore.com/wp-content/uploads/2026/02/THT2CK221S-960x1024.png;yes
THT2K0206;طقم 2 قطعة صناعي بانسة 8 انش+ قطاعة 7 انش على كرت ماركة TOTAL;3.9;https://hawarastore.com/wp-content/uploads/2025/08/THT2K0206.png;yes
THT2K0301;طقم 3 قطع (بانسة 8 انش + قطاعة 6 انش + زردية 6 انش ) TOTAL صناعي;6.64;https://hawarastore.com/wp-content/uploads/2025/08/THT2K0301S.png;yes
THT2K0301S;طقم 3 قطع (بانسة 8 انش- قطاعة 7 انش- زردية 6 انش ) عزم عالي توفير 30 % ماركة TOTAL;7.71;https://hawarastore.com/wp-content/uploads/2024/05/THT2K0301S.png;yes
THT2K0302;طقم 3 قطع معزول كهرباء ( بانسة 8 انش + قطاعة 6 انش + زردية 6 انش) ماركة TOTAL;11.41;https://hawarastore.com/wp-content/uploads/2024/03/THT2K0302.png;no
THT2K0488;طقم 4 قطع ( بانسة 8انش +بانسة منزلقة 8 انش+ قطاعة 7 انش+ زردية 6 انش) توفير 30 %ماركة TOTAL;7.51;https://hawarastore.com/wp-content/uploads/2025/10/THT2K0488.png;yes
THT2K0498;طقم بانسات 4 قطع بانسة كلب 10 انش +بانسة 9.5 انش +زردية 8 انش +قطاعة 7 انش على كرت TOTAL;10.01;https://hawarastore.com/wp-content/uploads/2026/03/THT2K0498-960x1024.png;yes
THT2K0588;طقم 5 قطع توفير عزم 65 % بانسة 8 انش + قطاعة 7 انش + بانسة كلب 10 انش + بانسة منزلقة 8 انش + بانسة زردية 8 انش ماركة TOTAL;11.25;;no
THT2K231;طقم 3 قطع (بانسة 8 انش- قطاعة 8 انش- زردية 8.5 انش ) عزم عالي توفير 70 % ماركة TOTAL;0;;no
THT2K241;طقم 4 قطع (بانسة 8 انش- قطاعة 8 انش- زردية 8.5 انش+قطاعة باطون 8.5 ) عزم عالي توفير 70 % ماركة TOTAL;0;;no
THT2MK231;طقم 3 قطع متعدد الإستعمالات (بانسة 8 انش- قطاعة 8 انش- زردية 8 انش )CR-V ماركة TOTAL;10.36;https://hawarastore.com/wp-content/uploads/2026/02/THT2MK231-960x1024.png;yes
THT2PK231;طقم بانسة راس كلب 3 قطع (8+10+12) انش على كرت TOTAL;7.5;https://hawarastore.com/wp-content/uploads/2025/10/THT2PK231.png;yes
THT301251;ستافة 2500 كغ اقل ارتفاع 8.5سم واكثر ارتفاع 20 سم TOTAL;227.51;https://hawarastore.com/wp-content/uploads/2025/08/THT301251.png;no
THT31141;كباسة يدوية عمق من 4- 14 عرض 11.3 مم TOTAL مع عيار قوة سماكة 0.7 مم;4.92;https://hawarastore.com/wp-content/uploads/2025/08/THT31141.png;no
THT31142;كباسة يدوية عمق من 4-14 TOTAL + علبة كبسات 1000 كبسة (( صناعي )) عرض 10.6او 11.3 مم سماكة 1.2 مم;7.95;https://hawarastore.com/wp-content/uploads/2025/08/THT311425.png;no
THT311425;كباسة يدوية عمق من 4- 14 مم عرض 11.3 مم سماكة 0.7 مم على كرت سوبر سيليكت ماركة TOTAL;3.84;https://hawarastore.com/wp-content/uploads/2025/08/THT311425.png;no
THT31143;كباسة يدوية 3 بـ 1 ( مسمار وحرف U و كبسة ) مع كبسات و مسامير صناعي TOTAL;3.93;https://hawarastore.com/wp-content/uploads/2025/08/THT31143.png;yes
THT31146;كباسة يدوية 2 بـ 1 ( مسمار و كبسة ) مع عيار قوة مع كبسات مسامير صناعي TOTAL;6.53;https://hawarastore.com/wp-content/uploads/2024/05/THT31146.png;yes
THT31148;كباسة يدوية 2 بـ 1 ( مسمار و كبسة ) مع عيار قوة مع كبسات و مسامير صناعي TOTALحديث;6.43;https://hawarastore.com/wp-content/uploads/2025/08/THT31148.png;yes
THT32101;بانسة تباشيم 10 انش قياس التباشيم (2.4 الى 4.8) TOTAL;4.03;https://hawarastore.com/wp-content/uploads/2024/05/THT32101-2.png;no
THT32105;بانسة تباشيم 10.5 انش قياس التباشيم (2.4 الى 4.8) TOTAL;3.12;https://hawarastore.com/wp-content/uploads/2025/08/THT32105.png;no
THT32106;بانسة تباشيم 10.5 انش 360 درجة قياس التباشيم (2.4 الى 4.8) TOTAL;5.76;https://hawarastore.com/wp-content/uploads/2025/08/THT32106.png;no
THT32108S;بانسة تباشيم 10.5 انش قياس التباشيم (2.4 الى 4.8) TOTAL حديث;2.34;;no
THT32131;بانسة تباشيم 13 انش قياس التباشيم (2.3 الى 6.4) صناعي ماركة TOTAL;7.29;https://hawarastore.com/wp-content/uploads/2025/08/THT32131.png;yes
THT32176;بانسة تباشيم 17 انش من 3.2-4-4.8 مم ماركة TOTAL;7.23;https://hawarastore.com/wp-content/uploads/2025/08/THT32176.png;yes
THT32321;بانسة تباشيم قابلة للطي 32 انش لغاية 6.4 مم ماركة TOTAL;10.91;https://hawarastore.com/wp-content/uploads/2025/08/THT32321.png;yes
THT3351;ثقابة جلد يدوية 6 رؤوس من 1.5مم - 5 مم TOTAL;3.2;https://hawarastore.com/wp-content/uploads/2025/08/THT3351.png;no
THT33526;ثقابة جلد يدوية 6 رؤوس من 2.5 الى 5 مم TOTAL;3.21;https://hawarastore.com/wp-content/uploads/2025/08/THT33526.png;yes
THT341151;طقم فنجان 3/4 انش 15 قطعة مع مفتاح طقطاق TOTAL صناعي;87.81;https://hawarastore.com/wp-content/uploads/2025/08/THT341151.png;no
THT3511;سيليكون بارد لون حليبي نوع total;1.7;https://hawarastore.com/wp-content/uploads/2025/05/THT3511.png;yes
THT3512;سيليكون بارد لون شفاف نوع total;1.7;https://sp-ao.shortpixel.ai/client/to_webp,q_glossy,ret_img/https://hawarastore.com/wp-content/uploads/woocommerce-placeholder-600x600.png;no
THT3513;سيليكون بارد لون اسود نوع total;1.83;https://hawarastore.com/wp-content/uploads/2025/05/THT3513.png;yes
THT3521;التيكو 3 غ TOTAL;1.03;https://hawarastore.com/wp-content/uploads/2025/08/THT3521.png;yes
THT36L01;حقيبة عدة قماشية 16انش جيوب سعة 21 قطعة TOTAL;24.38;https://hawarastore.com/wp-content/uploads/2025/08/THT36L01.png;yes
THT36L03;حقيبة عدة قماشية قاعدة بلاستيك 16 انش 15 كغ ماركة TOTAL (صناعي);12.23;https://hawarastore.com/wp-content/uploads/2025/08/THT36L03.png;no
THT380806;بانسة كلب 200 مم 8 انش اقصى فتح 40 مم صناعي حديث TOTAL;3.75;https://hawarastore.com/wp-content/uploads/2026/03/THT380806.png;yes
THT381006;بانسة كلب 250 مم 10 انش اقصى فتح 50 مم صناعي حديث TOTAL;4.64;;no
THT381121;طقم فنجان 3/8 انش 12 قطعة مع مفتاح طقطاق علاقة بلاستيك TOTAL;9.03;https://hawarastore.com/wp-content/uploads/2024/10/THT381121.png;no
THT381206;بانسة كلب 300 مم 12 انش اقصى فتح 60 مم صناعي حديث TOTAL;5.45;;no
THT381221;طقم فنجان 22 قطعة 3/8 انش مع مفتاح طقطاق من 6 الى 22 مم حقيبة بلاستيك TOTAL;16.96;;no
THT39101;كبسات طول 10 مم وعرض 0.7 مم عدد 1000 كبسة لزوم كباسة 31141 +311425) TOTAL;0.41;https://hawarastore.com/wp-content/uploads/2025/08/THT39101.png;yes
THT39102;كبسات طول 10 مم وعرض 1.2 مم عدد 1000 كبسة لزوم THT31142ماركة TOTAL;0.5;https://hawarastore.com/wp-content/uploads/2025/08/THT39102.png;yes
THT39103;كبسات مسامير طول 10 مم 1000 قطعة لزوم الكباسة THT31143 ماركة TOTAL;0.51;https://hawarastore.com/wp-content/uploads/2025/08/THT39103.png;yes
THT39124;كبسات حرف U لزوم الكباسة THT31143 ماركة TOTAL;0.54;https://hawarastore.com/wp-content/uploads/2025/08/THT39124.png;yes
THT3981;كبسات طول 8 مم وعرض 0.7 مم عدد 1000 كبسة لزوم كباسة 31141 +311425) TOTAL;0.38;https://hawarastore.com/wp-content/uploads/2025/08/THT3981.png;no
THT3982;كبسات طول 8 مم وعرض 1.2 مم عدد 1000 كبسة لزوم THT31142ماركة TOTAL;0.44;https://hawarastore.com/wp-content/uploads/2025/08/THT3982.png;no
THT41126;ازميل خشب عرض 12 مم طول 140 مم TOTAL;1.83;https://hawarastore.com/wp-content/uploads/2024/03/THT41126-1024x1024.png;yes
THT41146;ازميل خشب عرض 14مم طول 140 مم TOTAL;1.86;https://hawarastore.com/wp-content/uploads/2025/08/THT41146.png;no
THT41166;ازميل خشب عرض 16 مم طول 140 مم TOTAL;1.89;https://hawarastore.com/wp-content/uploads/2025/08/THT41166.png;no
THT41196;ازميل خشب عرض 19 مم طول 140 مم TOTAL;1.91;https://hawarastore.com/wp-content/uploads/2024/05/THT41196.png;no
THT41226;ازميل خشب عرض 22 مم طول 140 مم TOTAL;1.97;https://hawarastore.com/wp-content/uploads/2025/08/THT41226.png;no
THT41256;ازميل خشب عرض 25 مم طول 140 مم TOTAL;2.05;https://hawarastore.com/wp-content/uploads/2024/05/THT41256.png;yes
THT4166;ازميل خشب عرض 6 مم طول 140 مم TOTAL;1.72;https://hawarastore.com/wp-content/uploads/2025/08/THT4166.png;yes
THT4196;ازميل خشب عرض 9 مم طول 140مم TOTAL;1.75;https://hawarastore.com/wp-content/uploads/2025/08/THT4196.png;yes
THT41K0302;طقم ازميل خشب 3 قطع 12-19-25 مم TOTAL;4.61;;no
THT41K0401;طقم ازميل خشب 4 قطع 6-12-19-25 مم TOTAL;6.92;https://hawarastore.com/wp-content/uploads/2024/05/THT41K0401.png;no
THT4211016;ازميل حجر مكوشك مبسط 19*16*254 مم ( صناعي ) CR-V -TOTAL;5.03;https://hawarastore.com/wp-content/uploads/2024/05/THT4211016.png;yes
THT4211026;ازميل حجر مكوشك مبسط 22 مم قطر الازميل 16 مم طول 25 سم TOTAL - 45CS;1.28;https://hawarastore.com/wp-content/uploads/2024/05/THT4211026.png;yes
THT4211216;ازميل حجر مكوشك مبسط 25*19*305 ( صناعي ) TOTAL cr-v;6.74;https://hawarastore.com/wp-content/uploads/2024/05/THT4211016.png;yes
THT4211226;ازميل حجر مكوشك مبسط 24 مم عرض الراس 18 مم طول 30 سم TOTAL;1.71;https://hawarastore.com/wp-content/uploads/2025/08/THT4211226.png;yes
THT421441;طقم فنجان 1/2+1/4 انش 44 قطعه مع مفاتيح طقطاق ضمن حقيبة بلاستيك TOTAL صناعي;44.85;https://hawarastore.com/wp-content/uploads/2025/08/THT421441.png;yes
THT421802;طقم فنجان 1/2+1/4 انش 82 قطعة مع مفاتيح طقطاق +مفاتيح طرف + رؤوس مفك ضمن حقيبة بلاستيك TOTAL;44.49;https://hawarastore.com/wp-content/uploads/2025/08/THT421802.png;no
THT421942;طقم فنجان 1/2+1/4 انش 94 قطعة مع مفاتيح طقطاق + رؤوس مفك + مسدس+نجمة + فنجان طويل TOTAL;49.28;https://hawarastore.com/wp-content/uploads/2025/08/THT421942.png;yes
THT4221016;ازميل حجر مكوشك شوكة 4*16*254 ( صناعي ) TOTAL;5.13;https://hawarastore.com/wp-content/uploads/2024/05/THT4221016.png;yes
THT4221026;ازميل حجر مكوشك شوكة عرض الراس 16 مم طول 25 سم TOTAL;1.34;https://hawarastore.com/wp-content/uploads/2025/08/THT4221026.png;yes
THT4221216;ازميل حجر مكوشك شوكة 4*19*305 ( صناعي ) TOTAL;6.84;https://hawarastore.com/wp-content/uploads/2024/05/THT4221016-1.png;yes
THT4221226;ازميل حجر مكوشك شوكة عرض الراس 4 مم قطر 18 مم طول 30 سم TOTAL;1.71;https://hawarastore.com/wp-content/uploads/2025/08/THT4221226.png;yes
THT42K0301;طقم ازميل قص 3 قطع TOTAL (( صناعي ));5.05;https://sp-ao.shortpixel.ai/client/to_webp,q_glossy,ret_img/https://hawarastore.com/wp-content/uploads/woocommerce-placeholder-600x600.png;no
THT42K0601;طقم سنابك طرد 6 قطع TOTAL (( صناعي ));7.55;https://hawarastore.com/wp-content/uploads/2024/03/THT42K0601.png;no
THT42K1201;طقم سنابك 12 قطع TOTAL (( صناعي ));15.98;https://hawarastore.com/wp-content/uploads/2024/06/THT42K1201.png;no
THT431142;لاوية حديد لفتح الصناديق 14 انش طول 35 سم TOTAL;1.93;https://hawarastore.com/wp-content/uploads/2025/08/THT431142.png;yes
THT431242;لاوية حديد لفتح الصناديق 24 انش طول 60 سم TOTAL (( صناعي ));4.57;https://hawarastore.com/wp-content/uploads/2025/08/THT431242.png;yes
THT431362;لاوية حديد لفتح الصناديق 36 انش طول 90 سم TOTAL (( صناعي ));6.59;https://hawarastore.com/wp-content/uploads/2025/08/THT431362.png;yes
THT431482;لاوية حديد لفتح الصناديق 48 انش طول 120 سم TOTAL (( صناعي ));8.6;https://hawarastore.com/wp-content/uploads/2025/08/THT431482.png;yes
THT4411216;ازميل حجر مبسط 19 ملم طول 30.5 سم صناعي TOTAL -40CR-;2.57;https://hawarastore.com/wp-content/uploads/2024/05/THT4411216.png;no
THT4411219;ازميل حجر مكوشك 25*19*305 ( صناعي ) TOTAL 40cr;3.14;https://hawarastore.com/wp-content/uploads/2025/08/THT4411219.png;no
THT4421216;ازميل حجر شوكة حجر 16 ملم طول 30.5 سم صناعي TOTAL-40cr;2.57;https://hawarastore.com/wp-content/uploads/2025/08/THT4421216.png;yes
THT4421219;ازميل حجر شوكة حجر 19 ملم طول 30.5 سم صناعي TOTAL-40cr;3.14;https://hawarastore.com/wp-content/uploads/2025/08/THT4421219.png;yes
THT4530416;ازميل حجر مكوشك 4*16*305 ( صناعي ) موديل حديث TOTAL 40cr;2.14;;no
THT4530419;ازميل حجر مكوشك 4*19*305 ( صناعي ) موديل حديث TOTAL 40cr;2.48;;no
THT4531916;ازميل حجر مكوشك 16*19*305 ( صناعي ) موديل حديث TOTAL 40cr;2.14;;no
THT4532519;ازميل حجر مكوشك 25*19*305 ( صناعي ) موديل حديث TOTAL 40cr;2.48;;no
THT51001;مشرط 18 × 100 مم طول 152 ماركة TOTAL;0.33;https://hawarastore.com/wp-content/uploads/2025/08/THT51001.png;yes
THT51081;سكين جيب طوي خشب 210 مم سماكة 1.5 مم قابلة للطي TOTAL;2.57;https://hawarastore.com/wp-content/uploads/2024/05/THT51081.png;yes
THT51082;سكين جيب راس معكوف 198مم سماكة 2.5 مم TOTAL;2.65;https://hawarastore.com/wp-content/uploads/2024/05/THT51081.png;no
THT5110906;مشرط معدن 80 × 9 مم رفيع كبس ماركة TOTAL;0.2;https://hawarastore.com/wp-content/uploads/2025/08/THT5110906.png;yes
THT5110915;مشرط 9 × 80 مم رفيع كبس total حديث;0.39;https://hawarastore.com/wp-content/uploads/2025/08/THT5110915.png;yes
THT5110916;مشرط 9 × 80 مم رفيع كبس TOTAL;0.5;https://hawarastore.com/wp-content/uploads/2024/05/THT5110915-1.png;no
THT5110925;مشرط SK4 قياس 80 × 9 مم حديث ماركة TOTAL;0.41;https://hawarastore.com/wp-content/uploads/2025/08/THT5110925.png;no
THT5112505;مشرط SK4 قياس 25 × 127 مم حديث ماركة TOTAL;1.19;https://hawarastore.com/wp-content/uploads/2025/08/THT5112505.png;yes
THT51130026;منشار تقليم شجر 12 انش 300 مم ثلاثة رؤوس TOTAL;2.99;https://hawarastore.com/wp-content/uploads/2025/08/THT51130026.png;no
THT5113006;منشار تقليم شجر 12 انش 300 مم ثلاثة رؤوس TOTAL عمر طويل;4.73;https://hawarastore.com/wp-content/uploads/2025/08/THT5113006.png;yes
THT51133026;منشار تقليم شجر 13 انش ماركة TOTAL;3.55;https://hawarastore.com/wp-content/uploads/2024/07/THT51133026.png;no
THT5113306;منشار تقليم شجر 13 انش 330 مم ثلاثة رؤوس TOTAL عمرطويل;3.63;https://hawarastore.com/wp-content/uploads/2025/08/THT5113306.png;no
THT5116118;مشرط مائل متعدد الإستخدام SK4 قياس 61 × 19 مم مع 5 نصلات TOTAL;3.17;https://hawarastore.com/wp-content/uploads/2025/08/THT5116118.png;no
THT511615;مشرط جسم المنيوم SK4 قياس 61 × 19 مم ماركة TOTAL;0.96;https://hawarastore.com/wp-content/uploads/2025/08/THT511615.png;yes
THT511803;مشرط 18 × 100 مم طول 168مع نصلة TOTAL;1.58;https://sp-ao.shortpixel.ai/client/to_webp,q_glossy,ret_img/https://hawarastore.com/wp-content/uploads/woocommerce-placeholder-600x600.png;no
THT511805;مشرط حديث 18 × 100 مم سوبر سيليكت ماركة TOTAL;0.65;https://hawarastore.com/wp-content/uploads/2024/03/THT511805.png;no
THT511806;مشرط حديث 18 × 100 مم ماركة TOTAL;0.82;https://hawarastore.com/wp-content/uploads/2024/05/THT511806.png;no
THT511807;مشرط SK4 قياس 18 × 100 مم حديث (THT519112) ماركة TOTAL;0.93;https://hawarastore.com/wp-content/uploads/2025/05/THT511807.png;no
THT511815;مشرط SK4 قياس 18 × 100 مم حديث ماركة TOTAL;0.66;https://hawarastore.com/wp-content/uploads/2025/08/THT511815.png;yes
THT511816;مشرط 18 × 100 مم طول 173 مع نصلة TOTAL;0.64;https://hawarastore.com/wp-content/uploads/2025/08/THT511816.png;no
THT511826;مشرط موديل SK4 قياس 18 × 100 مم قفل برم TOTAL;0.64;https://hawarastore.com/wp-content/uploads/2025/08/THT511826.png;yes
THT511836;مشرط 18 × 100 مم + 3 نصلات حديث TOTAL;1.63;https://hawarastore.com/wp-content/uploads/2025/08/THT511836.png;no
THT512611;مشرط جسم المنيوم 61 × 19 مم طول 172 مع 6 نصلات TOTAL;2.5;https://hawarastore.com/wp-content/uploads/2024/05/THT512611.png;yes
THT5126128;مشرط مائل جسم المنيوم SK4 قياس 61 × 19 مم طول مع 5 نصلات حديث TOTAL;2.46;https://hawarastore.com/wp-content/uploads/2025/08/THT5126128.png;yes
THT512614;مشرط مائل متعدد الإستخدام مع 5 نصلات 61 مم TOTAL (( صناعي ));3.06;https://hawarastore.com/wp-content/uploads/2024/05/THT512614.png;yes
THT513613;مشرط معدني طوي مع 5 نصلات 61 مم TOTAL;3.41;https://hawarastore.com/wp-content/uploads/2024/05/THT513613.png;no
THT5136138;مشرط معدني طوي يد المنيوم قياس 61×19 مم TOTAL;3.33;https://hawarastore.com/wp-content/uploads/2024/05/THT5136138-1.png;no
THT5136236;مشرط المنيوم SK4 موديل 61 × 19 مم مع 6 نصلات حديث ماركة TOTAL;1.91;https://hawarastore.com/wp-content/uploads/2025/08/THT5136236.png;yes
THT5136288;مشرط ستانلس ستيل طوي 61 × 19 مم صناعي ماركة TOTAL;4.03;https://hawarastore.com/wp-content/uploads/2025/08/THT5136288.png;yes
THT515226;طقم مشارط SK4 جسم المنيوم عدد2 + مجموعتين نصلات ماركة TOTAL;2.11;https://hawarastore.com/wp-content/uploads/2025/08/THT515226.png;yes
THT51881;سكين كبل مستقيمة يد بلاستيك 200 مم TOTAL;1.33;https://hawarastore.com/wp-content/uploads/2025/08/THT51881.png;yes
THT51882;سكين كبل معكوفة يد بلاستيك 200 مم TOTAL;1.34;https://hawarastore.com/wp-content/uploads/2025/08/THT51882.png;yes
THT51886;سكين منجل راس منحني ستانلس ستيل ماركة TOTAL;2.24;https://hawarastore.com/wp-content/uploads/2024/05/THT51886-1.png;no
THT519001;نصلات مشرط طول 61 مم عرض 19 علبة 10 قطع TOTAL;0.3;https://hawarastore.com/wp-content/uploads/2025/08/THT519001.png;yes
THT5190901;نصلات مشرط 80 × 9 مم لزوم THT5110906/THT5110916 ماركة TOTAL;0.22;https://hawarastore.com/wp-content/uploads/2025/08/THT5190901.png;yes
THT519112;نصلات مشرط طول 100مم عرض 18 علبة 10 قطع TOTAL;0.29;https://hawarastore.com/wp-content/uploads/2025/08/THT519112.png;yes
THT5192501;نصلات مشرط قياس 127 × 25 مم ماركة TOTAL;1.33;https://hawarastore.com/wp-content/uploads/2025/08/THT5192501.png;yes
THT519611;نصلات مشرط طول 61مم عرض 19 مم علبة 10 قطع TOTAL;0.33;https://hawarastore.com/wp-content/uploads/2024/05/THT519611.png;no
THT520106K;طقم مقص صاج 3 قطع 250 مم 10 انش ماركة TOTAL;7.66;https://hawarastore.com/wp-content/uploads/2025/08/THT520106K.png;no
THT521106;مقص صاج يسار 250 مم 10 أنش TOTAL;2.75;https://hawarastore.com/wp-content/uploads/2025/08/THT521106.png;yes
THT522106;مقص صاج ساوي ثلاث إتجهات 250 مم 10 أنش TOTAL;2.75;https://hawarastore.com/wp-content/uploads/2024/05/THT522106.png;yes
THT522136;مشرط SK4 قياس 18 × 100 مم نصلات ماركة TOTAL;0.79;https://hawarastore.com/wp-content/uploads/2025/08/THT522136.png;yes
THT523106;مقص صاج يمين 250 مم 10 أنش TOTAL;2.75;https://hawarastore.com/wp-content/uploads/2025/08/THT523106.png;yes
THT524101;مقص صاج ( توتياء ) 250 مم 10 انش F13 ماركة TOTAL;2.94;https://hawarastore.com/wp-content/uploads/2025/08/THT524101.png;yes
THT524121;مقص صاج ( توتياء ) 300 مم 12 انش F13 ماركة TOTAL;3.48;https://hawarastore.com/wp-content/uploads/2025/08/THT524121.png;yes
THT525106;مقص صاج راس طويل ساوي ثلاث إتجاهات 300 مم 12 أنش TOTAL;3.51;https://hawarastore.com/wp-content/uploads/2025/08/THT525106.png;no
THT53135;مقص بواري انابيب PVC طول 210 مم قطر 3 - 36 مم ماركة TOTAL موديل حديث;2.11;;no
THT53142;مقص بواري PVC طول 218 مم قطر 3 الى 42 مم TOTAL موديل حديث الشفرة sk5 مطلية بالتيفلون;0;;no
THT53321;قصاصة مواسير نحاس والمنيوم 3 - 32 مم TOTAL (( صناعي ));3.36;https://hawarastore.com/wp-content/uploads/2025/08/THT53321.png;yes
THT53351;مقص بواري انابيب PVC طول 210 مم قطر 3 - 35 مم ماركة TOTAL;2;https://hawarastore.com/wp-content/uploads/2025/08/THT53351.png;no
THT534216;مقص بواري PVC طول 193 مم قطر 3 الى 42 مم TOTAL موديل حديث;3.01;;no
THT53422;مقص بواري PVC طول 225مم قطر 3 الى 42 مم ماركة TOTAL (( صناعي ));4.88;https://hawarastore.com/wp-content/uploads/2025/08/THT53422.png;yes
THT53425;مقص بواري PVC من 3 الى 42 مم طول 193 مم TOTAL;3.57;https://hawarastore.com/wp-content/uploads/2024/05/THT53425.png;no
THT541016;منشار حديد 12 انش 300 مم TOTAL (( صناعي )) سوبر توتال;5.48;https://hawarastore.com/wp-content/uploads/2026/02/THT541016.png;yes
THT541026;منشار حديد 12 انش 300 مم TOTAL عصفورة حمرا سوبر توتال;3.47;https://hawarastore.com/wp-content/uploads/2025/08/THT541026.png;no
THT541036;منشار حديد يدوي 12 انش TOTAL;1.45;https://hawarastore.com/wp-content/uploads/2025/08/THT541036.png;no
THT54106;منشار حديد 12 انش 300 مم انش TOTAL (( صناعي ));4.63;https://hawarastore.com/wp-content/uploads/2024/03/THT54106.png;no
THT54166;منشار حديد 12 انش 300 مم TOTAL;2.05;https://hawarastore.com/wp-content/uploads/2025/08/THT54166.png;no
THT55166D;منشار خشب يدوي 16 انش 400 مم ثلاثة رؤوس TOTAL;4.37;https://hawarastore.com/wp-content/uploads/2025/08/THT55166D.png;yes
THT55186;منشار خشب يدوي راسين 18 انش 450 مم TOTAL;3.26;https://hawarastore.com/wp-content/uploads/2024/05/THT55186.png;no
THT55206;منشار خشب يدوي راسين 20 انش 500 مم TOTAL;2.77;https://hawarastore.com/wp-content/uploads/2025/08/THT55206D.png;yes
THT55206D;منشار خشب يدوي 20 انش 500 مم ثلاثة رؤوس TOTAL (( صناعي ));5.01;https://hawarastore.com/wp-content/uploads/2025/08/THT55206D.png;yes
THT55226;منشار خشب يدوي راسين 22 انش 550 مم TOTAL;2.89;https://hawarastore.com/wp-content/uploads/2025/08/THT55226.png;no
THT55400;منشار خشب يدوي راسين 16 انش 400 مم معالج حراريا TOTAL;2.17;https://hawarastore.com/wp-content/uploads/2025/08/THT55400.png;no
THT55450;منشار خشب يدوي راسين 18 انش 450 مم TOTAL .;2.34;https://hawarastore.com/wp-content/uploads/2025/08/THT55450.png;no
THT561301;الماسة قص بلور يدوية 130 ملم TOTAL;1.01;https://hawarastore.com/wp-content/uploads/2026/03/THT561301-1.png;yes
THT561625;حقيبة عدة قماشية قاعدة بلاستيك 16 انش 20 كغ ماركة TOTAL (صناعي);16.37;https://hawarastore.com/wp-content/uploads/2025/05/THT561625.png;no
THT561781;الماسة قص بلور TOTAL طول 178MM صناعية تزييت ذاتي جسم معدن;1.49;https://hawarastore.com/wp-content/uploads/2024/05/THT561781.png;no
THT571001;قصاصة سيراميك يدوية 100 سم بواري وزن 13.2 كغ TOTAL;74.36;https://hawarastore.com/wp-content/uploads/2026/02/THT571001.png;yes
THT571186;نصلة منشار حديد 18 T صناعي TOTAL M42+D6A;0.51;https://hawarastore.com/wp-content/uploads/2025/08/THT571186.png;yes
THT57120;قصاصة سيراميك يدوية 120 سم ماركة TOTAL;66.07;https://hawarastore.com/wp-content/uploads/2025/05/THT57120.png;no
THT571201;قصاصة سيراميك يدوية 120 سم وزن 15 كغ بواري ماركة TOTAL موديل ثقيل;80.2;https://hawarastore.com/wp-content/uploads/2025/08/THT571201.png;yes
THT571246;نصلة منشار حديد 24 T صناعي TOTAL M42+D6A;0.51;https://hawarastore.com/wp-content/uploads/2025/08/THT571246.png;yes
THT576002;قصاصة سيراميك يدوية 60سم بواري وزن 6.7 كغ مع الماسة TOTAL;24.78;;no
THT576003;قصاصة سيراميك يدوية 60سم مقبض معدن وزن 10 كغ مع الماسة TOTAL (( صناعي ));53.03;https://hawarastore.com/wp-content/uploads/2025/08/THT576003B.png;yes
THT576003B;الماسة قص لزوم قصاصة سيراميك 2×6×22 مم TOTAL;5.04;https://hawarastore.com/wp-content/uploads/2025/08/THT576003B.png;yes
THT576004;قصاصة سيراميك يدوية 60سم مع الماسة TOTAL (( صناعي ));22.32;https://hawarastore.com/wp-content/uploads/2024/05/THT576004.png;no
THT576004B;الماسة قص لزوم قصاصة سيراميك يدوية 60 سم TOTAL (( صناعي ));1.33;https://hawarastore.com/wp-content/uploads/2025/08/THT576004B.png;yes
THT578001;قصاصة سيراميك يدوية 80 سم بواري وزن 11 كغ TOTAL موديل A (( صناعي ));0;;no
THT578002;قصاصة سيراميك يدوية 80 سم بواري وزن 12 كغ مقبض المنيوم مع حقيبة TOTAL موديل B (( صناعي ));64.58;https://hawarastore.com/wp-content/uploads/2026/02/THT578002.png;yes
THT578004;قصاصة سيراميك يدوية 80 سم مع حقيبة TOTAL (( صناعي ));54.94;https://hawarastore.com/wp-content/uploads/2024/05/THT578004.png;no
THT578004B;الماسة قص لزوم قصاصة سيراميك يدوية 80 سم TOTAL (( صناعي ));3.51;https://hawarastore.com/wp-content/uploads/2024/05/THT578004B.png;yes
THT59126;منشار خشب 12 انش 300 مم رأسين TOTAL (سرّاق) مع قاعدة بلاستيك زاوية قياس 300*140*80;4.78;https://hawarastore.com/wp-content/uploads/2025/08/THT59126B.png;no
THT59126B;منشار خشب 12 انش 300 مم رأسين TOTAL (سرّاق);3.52;https://hawarastore.com/wp-content/uploads/2024/05/THT59126B.png;no
THT59128B;منشار خشب 12 انش 300 مم رأسين TOTAL (سرّاق) حديث;2.52;https://hawarastore.com/wp-content/uploads/2026/02/THT59128B.png;yes
THT59241;منشار شجر قوس 24 انش 610 مم مع نصلة TOTAL;3.6;https://hawarastore.com/wp-content/uploads/2025/08/THT59241.png;no
THT6126;ملزمة 60 ملم TOTAL عصفورة;8.12;https://hawarastore.com/wp-content/uploads/2025/08/THT6126.png;yes
THT6146;ملزمة 100 مم 4 انش برم 360 درجة وزن 6.7 كغ TOTAL;19.69;https://hawarastore.com/wp-content/uploads/2025/08/THT6146.png;no
THT6161;ملزمة 150 مم 6 انش برم 360 درجة TOTAL;46.07;https://sp-ao.shortpixel.ai/client/to_webp,q_glossy,ret_img/https://hawarastore.com/wp-content/uploads/woocommerce-placeholder-600x600.png;no
THT6166;ملزمة 150 مم 6 انش قاعدة دائرية الوزن 11.2 كغ TOTAL;32.81;https://hawarastore.com/wp-content/uploads/2025/08/THT6166.png;no
THT6186;ملزمة 200 مم 8 انش برم 360 درجة وزن 21 كغTOTAL;62.57;https://hawarastore.com/wp-content/uploads/2025/08/THT6186.png;no
THT661301;شقلة خيط 30 متر مع عبوة مواد+زيبق TOTAL;1.94;https://hawarastore.com/wp-content/uploads/2025/08/THT661301.png;yes
THT666301;شقلة خيط 30 متر سريعة X6 مع عبوة مواد + زيبق TOTAL;3.68;https://hawarastore.com/wp-content/uploads/2025/05/THT666301.png;no
THT66L12;حقيبة عدة قماشية قاعدة بلاستيك 16 انش 20 كغ يد حديد ماركة TOTAL (صناعي);22.93;https://hawarastore.com/wp-content/uploads/2025/08/THT66L12.png;yes
THT7110006;مطرقة حديد 1000غرام يد فيبر غلاس ماركة TOTAL;4.05;https://hawarastore.com/wp-content/uploads/2024/05/THT7110006.png;no
THT711006;مطرقة حديد 100 غرام يد فيبر غلاس ماركة TOTAL;1.58;https://hawarastore.com/wp-content/uploads/2025/08/THT711006.png;yes
THT7115006;مطرقة حديد 1500 غرام يد فيبر غلاس ماركة TOTAL;5.06;https://hawarastore.com/wp-content/uploads/2024/05/THT7110006.png;no
THT7120006;مطرقة حديد 2000 غرام يد فيبر غلاس ماركة TOTAL;5.98;https://hawarastore.com/wp-content/uploads/2024/05/THT7110006.png;no
THT712006;مطرقة حديد 200 غرام يد فيبر غلاس ماركة TOTAL;1.63;https://hawarastore.com/wp-content/uploads/2025/08/THT712006.png;no
THT713006;مطرقة حديد 300 غرام يد فيبر غلاس ماركة TOTAL;2.39;https://hawarastore.com/wp-content/uploads/2024/05/THT7110006.png;no
THT7141256;مطرقة حجر 1130 غرام HANDLE يد حديد بالكامل ماركة TOTAL;8.17;https://hawarastore.com/wp-content/uploads/2024/05/THT7141256-1.png;yes
THT7141406;مطرقة حجر 1800 غرام HANDLE يد حديد بالكامل ماركة TOTAL;10.51;https://hawarastore.com/wp-content/uploads/2024/05/THT7141406.png;yes
THT7142600;مطرقة مخلب 600 غرام HANDLE يد حديد بالكامل ماركة TOTAL;7.24;https://hawarastore.com/wp-content/uploads/2024/05/THT7142600-1.png;yes
THT7143166;مطرقة شاكوش 450 غرام يد معدن وفيبر غلاس ماركة TOTAL;3.72;https://hawarastore.com/wp-content/uploads/2025/08/THT7143166.png;yes
THT7143206;مطرقة شاكوش 560 غرام يد معدن + فيبرغلاس ماركة TOTAL;8.41;https://hawarastore.com/wp-content/uploads/2025/08/THT7143206.png;yes
THT715006;مطرقة حديد 500 غرام يد فيبر غلاس حديث ماركة TOTAL;2.47;https://hawarastore.com/wp-content/uploads/2024/05/THT7110006.png;no
THT720416;مطرقة حجر 4 كغ طول 90 سم يد فيبر غلاس ماركة TOTAL;12.37;https://hawarastore.com/wp-content/uploads/2025/08/THT720416.png;yes
THT720516;مطرقة حجر 5 كغ طول 90 سم يد فيبر غلاس ماركة TOTAL;19.88;https://hawarastore.com/wp-content/uploads/2025/08/THT720516.png;yes
THT72056D;مطرقة حجر 5 كغ HANDLE يد فيبر غلاس ماركة TOTAL;19.88;https://hawarastore.com/wp-content/uploads/2024/05/THT720416.png;no
THT7210006;مطرقة حجر 1000 غرام HANDLE يد فيبر غلاس ماركة TOTAL;4.45;https://hawarastore.com/wp-content/uploads/2025/08/THT7210006.png;yes
THT7215006;مطرقة حجر 1500 غرام HANDLE يد فيبر غلاس ماركة TOTAL;6.01;https://hawarastore.com/wp-content/uploads/2024/05/THT7215006.png;no
THT7220006;مطرقة حجر 2000 غرام HANDLE يد فيبر غلاس ماركة TOTAL;7.09;https://hawarastore.com/wp-content/uploads/2025/08/THT7220006.png;yes
THT73166;مطرقة حديد 450 غرام ( شاكوش ) يد فيبر غلاس ماركة TOTAL;2.64;https://hawarastore.com/wp-content/uploads/2025/08/THT73166.png;no
THT73227;مطرقة حديد 450 غرام 27 مم ( شاكوش ) يد فيبر غلاس ماركة TOTAL;3.45;https://hawarastore.com/wp-content/uploads/2025/08/THT73227.png;yes
THT7386;مطرقة حديد 220 غرام ( شاكوش ) يد فيبر غلاس ماركة TOTAL;2.42;https://hawarastore.com/wp-content/uploads/2024/05/THT7143206.png;no
THT74166;مطرقة حديد كرة 450 غرام يد فيبر غلاس ماركة TOTAL;2.37;https://hawarastore.com/wp-content/uploads/2024/05/THT74166.png;yes
THT74246;مطرقة حديد كرة 660 غرام يد فيبر غلاس ماركة TOTAL;2.8;https://hawarastore.com/wp-content/uploads/2024/05/THT74166.png;no
THT74486;مطرقة حديد كرة 1300 غرام يد فيبر غلاس ماركة TOTAL;4.55;https://hawarastore.com/wp-content/uploads/2024/05/THT74166.png;yes
THT750416;مطرقة حجر 4.5 كغ طول 90 سم يد فيبر غلاس ماركة TOTAL;15.14;https://hawarastore.com/wp-content/uploads/2025/08/THT750416.png;yes
THT750516;مطرقة حجر 5.5 كغ طول 90 سم يد فيبر غلاس ماركة TOTAL;19.77;https://hawarastore.com/wp-content/uploads/2025/08/THT750516.png;yes
THT75086;مطرقة حجر 3.65 كغ طول 90 سم يد فيبر غلاس ماركة TOTAL;13.41;https://hawarastore.com/wp-content/uploads/2025/08/THT75086.png;yes
THT75110D;مطرقة حجر 4.5 كغ 10 ليبرة مع راس مدبب يد فيبر غلاس ماركة TOTAL;18.67;https://hawarastore.com/wp-content/uploads/2025/08/THT75110D.png;yes
THT761616;مطرقة كوشوك سوداء 450 غرام يد فيبر غلاس ماركة TOTAL;2.19;https://hawarastore.com/wp-content/uploads/2024/05/THT761616.png;no
THT761636;مطرقة كوشوك بيضاء 450 غرام يد فيبر غلاس ماركة TOTAL;3.28;https://hawarastore.com/wp-content/uploads/2024/05/THT761636.png;no
THT76816;مطرقة كوشوك سوداء 220 غرام يد فيبر غلاس ماركة TOTAL;1.62;https://hawarastore.com/wp-content/uploads/2024/05/THT76816.png;no
THT76836;مطرقة كوشوك بيضاء 220 غرام يد فيبر غلاس ماركة TOTAL صناعية;2.34;https://hawarastore.com/wp-content/uploads/2025/08/THT76836.png;no
THT77406;مطرقة كوشوك + بلاستيك 40 مم يد فيبر غلاس ماركة TOTAL;3.61;https://hawarastore.com/wp-content/uploads/2024/05/THT77406.png;no
THT7810006;فاس وزن 1000 غرام طول 45 سم يد فيبر غلاس ماركة TOTAL (( صناعي ));6.05;https://hawarastore.com/wp-content/uploads/2024/10/THT7810006.png;no
THT7812506;فاس وزن 1250 غرام طول 70 سم يد فيبر غلاس ماركة TOTAL صناعية;8.62;https://hawarastore.com/wp-content/uploads/2024/05/THT786006.png;no
THT78206D;مطرقة حجر 2.7 كغ 6 ليبرة مع راس مدبب يد فيبر غلاس ماركة TOTAL;14.52;https://hawarastore.com/wp-content/uploads/2025/08/THT78206D.png;yes
THT786006;فاس وزن 600 غرام طول 39سم يد فيبر غلاس ماركة TOTAL صناعية;3.92;https://hawarastore.com/wp-content/uploads/2024/05/THT786006.png;no
THT788006;فاس وزن 800 غرام طول 45 سم يد فيبر غلاس ماركة TOTAL (( صناعي ));4.81;https://hawarastore.com/wp-content/uploads/2025/08/THT788006.png;yes
THT79021;مطرقة خرادق 900 غرام قوة ضغط إضافية يد فيبر غلاس ماركة TOTAL;4.5;https://hawarastore.com/wp-content/uploads/2025/08/THT79021.png;yes
THT798016;فاس وزن 1000 غرام طول 43 سم ماركة TOTAL;6.05;https://hawarastore.com/wp-content/uploads/2025/08/THT798016.png;yes
THT81121001;مجموعة رول دهان 4 انش 10 سم اكس 6 مم مع 10 خراطيش 10+12 مم TOTAL CYLINDER BRUSH 12 IN 1 SET;3.08;https://hawarastore.com/wp-content/uploads/2025/08/THT81121001.png;no
THT81122301;مجموعة رول دهان 9 انش اكس 6 مم مع 1خرطوش 12مم مع صينية 30*43.5 TOTAL;4.72;https://hawarastore.com/wp-content/uploads/2024/05/THT81122301.png;yes
THT8112230131;مجموعة رول دهان 9 انش 13 قطعة مع صينية 30*43.5 TOTAL;6.89;https://hawarastore.com/wp-content/uploads/2024/05/THT8112230131.png;yes
THT811223081;مجموعة رول دهان يحتوي 5 خرطوش دهان 9 انش مشكلة + حامل رول + فرشاة 1 انش مع صينية 30*43.5 ماركة TOTAL;5.71;https://hawarastore.com/wp-content/uploads/2025/08/THT811223081.png;yes
THT812303;مجموعة رول دهان 9 انش 3 قطع TOTAL;3.31;https://hawarastore.com/wp-content/uploads/2024/05/THT812303.png;no
THT81286;مالج مليس قياس280*130 TOTAL;3.01;https://hawarastore.com/wp-content/uploads/2025/08/THT81286.png;no
THT82616;مسطريل قياس 150مم (6 انش) اكس 9.5 مم TOTAL (( صناعي ));1.03;https://hawarastore.com/wp-content/uploads/2024/05/THT82616.png;yes
THT82716;مسطريل قياس 180 مم 7انش اكس 9.5 مم TOTAL (( صناعي ));1.08;https://hawarastore.com/wp-content/uploads/2025/08/THT82716.png;yes
THT82736;مسطريل قياس 180 مم 7 انش راس عريض قوس TOTAL;1.64;https://hawarastore.com/wp-content/uploads/2025/08/THT82736.png;yes
THT82746;مسطريل قياس 180 مم 7 انش رأس مستطيل TOTAL;1.68;https://hawarastore.com/wp-content/uploads/2025/08/THT82746.png;yes
THT82816;مسطريل قياس 200 مم 8انش اكس 9.5 مم TOTAL (( صناعي )) رأس عريض;1.24;https://hawarastore.com/wp-content/uploads/2025/08/THT82816.png;yes
THT82836;مسطريل قياس 180 مم 8 انش رأس عريض قوس TOTAL;1.82;https://hawarastore.com/wp-content/uploads/2025/08/THT82836.png;yes
THT82916;مسطريل قياس 200 مم 9 انش اكس 9.5 مم TOTAL (( صناعي )) رأس عريض;1.33;;no
THT8310016;مشحاف معجون قياس 4 انش 100 مم كربون ستيل TOTAL;0.6;https://hawarastore.com/wp-content/uploads/2024/05/THT835016.png;no
THT8310026;مشحاف معجون قياس 4 انش 100مم كربون ستيل TOTAL;0.67;https://hawarastore.com/wp-content/uploads/2024/05/THT836326.png;no
THT831006;مشحاف معجون قياس 4 انش 100مم ستانلس ستيل TOTAL (( صناعي ));0.99;https://hawarastore.com/wp-content/uploads/2024/05/THT831006.png;no
THT8312516;مشحاف معجون قياس 5 انش 125 مم كربون ستيل TOTAL حديث;0.58;https://hawarastore.com/wp-content/uploads/2024/05/THT8312516.png;no
THT8312526;مشحاف معجون قياس 5 انش 125 مم كربون ستيل TOTAL;0.63;https://hawarastore.com/wp-content/uploads/2024/05/THT8312516.png;no
THT831256;مشحاف معجون قياس 5 انش 125 مم ستانلس ستيل TOTAL (( صناعي ));1.19;https://hawarastore.com/wp-content/uploads/2024/05/THT831006.png;no
THT831506;مشحاف معجون قياس 6 انش 150مم ستانلس ستيل TOTAL (( صناعي ));1.36;https://hawarastore.com/wp-content/uploads/2024/05/THT831506.png;no
THT8320106;مالج مليس مع اسفنج قياس 240 * 100 TOTAL;2.59;https://hawarastore.com/wp-content/uploads/2025/08/THT8320106.png;yes
THT8324106;مالج مليس مع فوم قياس 100*230 TOTAL;2.97;https://hawarastore.com/wp-content/uploads/2025/08/THT8324106.png;yes
THT83406;مشحاف معجون قياس 1.5 انش 40مم ستانلس ستيل TOTAL (( صناعي ));0.72;;no
THT835016;مشحاف معجون قياس 2 انش 50 مم كربون ستيل TOTAL;0.49;https://hawarastore.com/wp-content/uploads/2024/05/THT835016-1.png;no
THT83606;مشحاف معجون قياس 2.5 انش 63مم ستانلس ستيل TOTAL (( صناعي ));0.8;https://hawarastore.com/wp-content/uploads/2024/05/THT831006.png;yes
THT83606M;سكين معجونة متعدد الاستعمال نوع TOTAL;1.45;https://hawarastore.com/wp-content/uploads/2025/08/THT83606M.png;yes
THT836316;مشحاف معجون قياس 2.5 انش 63 مم كربون ستيل TOTAL;0.49;https://hawarastore.com/wp-content/uploads/2024/05/THT831006.png;no
THT836326;مشحاف معجون قياس 2.5 انش 63 مم كربون ستيل TOTAL حديث;0.63;https://hawarastore.com/wp-content/uploads/2024/05/THT836326-1.png;no
THT837516;مشحاف معجون قياس 3 انش 75 مم كربون ستيل TOTAL;0.58;https://hawarastore.com/wp-content/uploads/2024/05/THT837516.png;no
THT837526;مشحاف معجون قياس 3 انش 75 مم كربون ستيل TOTAL حديث;0.54;https://hawarastore.com/wp-content/uploads/2024/05/THT837526.png;no
THT83806;مشحاف معجون قياس 3 انش 80 مم ستانلس ستيل TOTAL (( صناعي ));0.89;https://hawarastore.com/wp-content/uploads/2025/08/THT83806.png;no
THT84011;فرشاة دهان قياس 1 انش سماكة 12.5 مم يد خشب ماركة TOTAL;0.2;https://hawarastore.com/wp-content/uploads/2024/05/THT84251-1.png;yes
THT84012;فرشاة دهان قياس 1 انش سماكة 12 مم يد خشب ( صناعي ) TOTAL;0.54;https://hawarastore.com/wp-content/uploads/2024/05/THT84012.png;no
THT84016;فرشاة دهان قياس 1 انش طول 51 مم عرض 16 يد فيبر غلاس TOTAL (( صناعي;0.74;https://hawarastore.com/wp-content/uploads/2024/05/THT84016.png;yes
THT84021;فرشاة دهان قياس 2 انش سماكة 14.5 مم يد خشب ماركة TOTAL;0.45;https://hawarastore.com/wp-content/uploads/2024/05/THT84251-1.png;yes
THT84022;فرشاة دهان قياس 2 انش سماكة 15 مم يد خشب ( صناعي ) TOTAL;1.26;https://hawarastore.com/wp-content/uploads/2024/05/THT84022.png;no
THT84026;فرشاة دهان قياس 2 انش طول 57 مم عرض 18 يد فيبر غلاسTOTAL (( صناعي ));1.26;https://hawarastore.com/wp-content/uploads/2024/05/THT84026.png;yes
THT84031;فرشاة دهان قياس 3 انش سماكة 16 مم يد خشب F13 ماركة TOTAL;0.88;https://hawarastore.com/wp-content/uploads/2024/05/THT84251.png;yes
THT84032;فرشاة دهان قياس 3 انش سماكة 18 مم يد خشب ( صناعي ) TOTAL;2.28;https://hawarastore.com/wp-content/uploads/2024/05/THT84032.png;no
THT84036;فرشاة دهان قياس 3 انش طول 64مم عرض 22 يد فيبر غلاس TOTAL (( صناعي ));2.28;https://hawarastore.com/wp-content/uploads/2024/05/THT84036.png;yes
THT84041;فرشاة دهان قياس 4 انش سماكة 17.5 مم يد خشب F13 ماركة TOTAL;1.18;https://hawarastore.com/wp-content/uploads/2025/08/THT84041.png;yes
THT84042;فرشاة دهان قياس 4 انش سماكة 20 مم يد خشب ( صناعي ) TOTAL;3.2;https://hawarastore.com/wp-content/uploads/2024/05/THT84042-1.png;no
THT84046;فرشاة دهان قياس 4 انش طول 70مم عرض 22 يد فيبر غلاس TOTAL (( صناعي ));3.17;https://hawarastore.com/wp-content/uploads/2024/05/THT84046.png;yes
THT84100306;فرشاة دهان قياس 4 انش 100 × 30 مم TOTAL (( صناعي ));3.2;https://hawarastore.com/wp-content/uploads/2024/05/THT84100306.png;yes
THT84120306;فرشاة دهان قياس 5 انش 120 × 30 مم TOTAL (( صناعي ));4.54;https://hawarastore.com/wp-content/uploads/2024/05/THT84120306.png;yes
THT8414091;طقم فرشاة دهان 9 قطع قياسات (1+1.5+2+3+4 ) انش يد خشب TOTAL;3.29;https://hawarastore.com/wp-content/uploads/2025/08/THT8414091.png;yes
THT84151;فرشاة دهان قياس 1.5 انش سماكة 13.5 مم يد خشب F13 ماركة TOTAL;0.27;https://hawarastore.com/wp-content/uploads/2025/08/THT84151.png;yes
THT84152;فرشاة دهان قياس 1.5 انش سماكة 13 مم يد خشب ( صناعي ) TOTAL;0.74;https://hawarastore.com/wp-content/uploads/2025/08/THT84152.png;no
THT84156;فرشاة دهان قياس 1.5 انش طول 51 مم عرض 18 يد فيبر غلاس TOTAL (( صناعي ));0.89;https://hawarastore.com/wp-content/uploads/2024/05/THT84156.png;yes
THT84251;فرشاة دهان قياس 2.5 انش سماكة 15.5 مم يد خشب ماركة TOTAL;0.55;https://hawarastore.com/wp-content/uploads/2024/05/THT84251.png;yes
THT84252;فرشاة دهان قياس 2.5 انش سماكة 16 مم يد خشب ( صناعي ) TOTAL;1.74;https://hawarastore.com/wp-content/uploads/2025/08/THT84252.png;no
THT84256;فرشاة دهان قياس 2.5 انش 63 مم يد فيبر غلاس TOTAL (( صناعي ));1.56;https://hawarastore.com/wp-content/uploads/2024/05/THT84256.png;yes
THT845016;فرشاة دهان قياس 1 انش يد بلاستيك ماركة TOTAL;0.13;https://hawarastore.com/wp-content/uploads/2024/05/THT845016.png;no
THT845026;فرشاة دهان قياس 2 انش يد بلاستيك ماركة TOTAL;0.29;https://hawarastore.com/wp-content/uploads/2024/05/THT845026.png;no
THT8450301;طقم فرشاة دهان 3 قطع قياسات (1 + 2 + 3 ) انش يد بلاستيك TOTAL;0.83;https://hawarastore.com/wp-content/uploads/2025/08/THT8450301.png;yes
THT845036;فرشاة دهان قياس 3 انش يد بلاستيك ماركة TOTAL;0.58;https://hawarastore.com/wp-content/uploads/2024/05/THT845036.png;no
THT845046;فرشاة دهان قياس 4 انش سماكة 12*51 مم يد بلاستيك TOTAL;0.81;https://hawarastore.com/wp-content/uploads/2025/08/THT845046.png;no
THT845156;فرشاة دهان قياس 1.5 انش يد بلاستيك TOTAL;0.17;https://hawarastore.com/wp-content/uploads/2024/05/THT845156.png;no
THT845256;فرشاة دهان قياس 2.5 انش طول 45 مم سماكة 11 مم يد بلاستيك TOTAL;0.36;https://hawarastore.com/wp-content/uploads/2024/05/THT845256.png;yes
THT846046;فرشاة دهان قياس 4 انش سماكة 14*57 ماركة TOTAL;1.91;https://hawarastore.com/wp-content/uploads/2025/08/THT846046.png;yes
THT85046;رول دهان داخلي اكريليك مع خرطوش قياس 4 انش سماكة 12 مم اكس 5.8 مم TOTAL;0.5;https://hawarastore.com/wp-content/uploads/2024/05/THT85046-1.png;yes
THT85096;رول دهان داخلي اكريليك مع خرطوش قياس 9 انش سماكة 12 مم اكس 6 مم TOTAL;1.13;https://hawarastore.com/wp-content/uploads/2025/08/THT85096.png;no
THT85101;رول دهان خارجي اكريليك مع خرطوش قياس 10 انش سماكة 22 مم اكس 8 مم TOTAL;1.84;https://hawarastore.com/wp-content/uploads/2025/08/THT851011.png;yes
THT851011;خرطوش دهان اكريليك خارجي 10 انش22 مم TOTAL;0.99;https://hawarastore.com/wp-content/uploads/2025/08/THT851011.png;no
THT8541;رول دهان داخلي اكريليك مع خرطوش قياس 4 انش سماكة 12 مم اكس 6 مم TOTAL;0.7;https://hawarastore.com/wp-content/uploads/2024/05/THT8541.png;no
THT85411;خرطوش دهان اكريليك داخلي 4 انش 12 مم لزوم ( THT8541 ) TOTAL;0.26;https://hawarastore.com/wp-content/uploads/2024/05/THT85411.png;no
THT8541D;رول دهان داخلي 4 انش ميكرو فيبر 12مم اكس 6 مم صناعي ماركة TOTAL;0.7;https://hawarastore.com/wp-content/uploads/2024/05/THT8541D.png;no
THT8542;رول دهان داخلي اكريليك مع خرطوش قياس 4 انش سماكة 100 مم اكس 6 مم TOTAL;0.92;https://hawarastore.com/wp-content/uploads/2025/08/THT85421.png;no
THT85421;خرطوش دهان اكريليك داخلي4 انش 100 مم لزوم ( THT8542 ) TOTAL;0.42;https://hawarastore.com/wp-content/uploads/2024/05/THT85421.png;no
THT85431;خرطوش دهان اكريليك داخلي 4 انش 12 م لزوم THT8541 موديل حديث ماركة TOTAL;0.13;https://hawarastore.com/wp-content/uploads/2025/08/THT85431.png;no
THT8592;رول دهان داخلي اكريليك مع خرطوش قياس 9 انش سماكة 12مم اكس 6 مم مع اربع اكوسة اضافية TOTAL;1.49;https://hawarastore.com/wp-content/uploads/2025/08/THT8592T.png;no
THT85921;خرطوش دهان اكريليك داخلي 9 انش 12 مم TOTAL;0.67;https://hawarastore.com/wp-content/uploads/2024/05/THT85921.png;no
THT8592D;رول دهان داخلي اكريليك قطر 9 انش 12 مم صناعي ماركة TOTAL;1.09;https://hawarastore.com/wp-content/uploads/2025/08/THT8592D.png;yes
THT8592T;رول دهان داخلي ميكرو فيبر 9 انش 12 ملم متعدد الاطوال 44 سم الى 87 سم TOTAL;4.09;https://hawarastore.com/wp-content/uploads/2024/05/THT8592T.png;no
THT8593;رول دهان خارجي اكريليك مع خرطوش قياس 9 انش سماكة 18مم اكس 8 مم TOTAL;1.82;https://hawarastore.com/wp-content/uploads/2025/08/THT85931.png;no
THT85931;خرطوش دهان اكريليك خارجي 9 انش18 مم TOTAL;0.64;https://hawarastore.com/wp-content/uploads/2025/08/THT85931.png;no
THT8593D;رول دهان خارجي اكريليك مع خرطوش قطر 9 انش 18 مم صناعي ماركة TOTAL;1.3;https://hawarastore.com/wp-content/uploads/2024/05/THT8593D.png;no
THT8594;رول دهان داخلي اكريليك مع خرطوش قياس 9 انش سماكة 7 مم اكس 6 مم مع اربع اكوسة اضافية TOTAL;1.51;https://hawarastore.com/wp-content/uploads/2024/05/THT8594.png;no
THT85941;خرطوش دهان اكريليك داخلي 9 انش 7 مم لزوم ( THT8594 ) TOTAL;0.64;https://hawarastore.com/wp-content/uploads/2025/08/THT85941.png;no
THT8594D;رول دهان داخلي اكريليك مع خرطوش قياس 9 انش سماكة 7 مم اكس 6 مم مع اربع اكوسة اضافية TOTAL حديث;1.46;https://hawarastore.com/wp-content/uploads/2026/02/THT8594D.png;yes
THT8609;مكبس سيليكون 9 انش TOTAL (( صناعي )) قابل للتدوير 360 درجة سماكة 2 مم;0;;no
THT91186;مبرد حديد مبسط 200 مم 8 انش TOTAL (( صناعي ));1.59;https://hawarastore.com/wp-content/uploads/2025/08/THT91186.png;no
THT91286;مبرد حديد ظهر 200 مم 8 انش TOTAL (( صناعي ));1.83;https://hawarastore.com/wp-content/uploads/2025/08/THT91286.png;yes
THT91386;مبرد حديد مبروم 200 مم 8 انش TOTAL (( صناعي ));1.36;https://hawarastore.com/wp-content/uploads/2025/08/THT91386.png;yes
THT91462;طقم مبارد حديد ناعم 6 قطع 140 مم قطر 3 مم TOTAL;1.92;https://hawarastore.com/wp-content/uploads/2025/08/THT91462.png;no
THT91486;مبرد حديد مثلث 200 مم 8 انش TOTAL (( صناعي ));1.53;https://hawarastore.com/wp-content/uploads/2025/08/THT91486.png;no
THT91586;مبرد خشب مبسط 200 مم 8 انش TOTAL (( صناعي ));1.45;https://hawarastore.com/wp-content/uploads/2025/08/THT91586.png;yes
THT91686;مبرد خشب ظهر 200 مم 8 انش TOTAL (( صناعي ));1.61;https://hawarastore.com/wp-content/uploads/2025/08/THT91686.png;yes
THT91786;مبرد خشب مبروم 200 مم 8 انش TOTAL (( صناعي ));1.25;https://hawarastore.com/wp-content/uploads/2025/08/THT91786.png;yes
THT918326;طقم مبارد خشب 3 قطع 200 مم 8 انش TOTAL;4.72;https://hawarastore.com/wp-content/uploads/2025/08/THT918326.png;no
THT918516;طقم مبارد حديد 5 قطع 200 مم 8 انش TOTAL;7.95;https://hawarastore.com/wp-content/uploads/2024/05/THT918516.png;no
THT91886;مبرد حديد مربع 200 مم 8 انش TOTAL (( صناعي ));1.44;https://hawarastore.com/wp-content/uploads/2025/08/THT91886.png;no
THT92102;فرشاة حديد طولية 250 مم TOTAL;0.77;https://hawarastore.com/wp-content/uploads/2025/08/THT92102.png;yes
THT9391;فارة طول 23.5 سم ماركة TOTAL;3.53;https://hawarastore.com/wp-content/uploads/2025/08/THT9391.png;yes
THT952316;مالج مليس قياس 230 *130 TOTAL;1.64;https://hawarastore.com/wp-content/uploads/2025/08/THT952316.png;yes
THTAL17146;رنش 14 انش المنيوم صناعي TOTAL;8.94;https://hawarastore.com/wp-content/uploads/2025/08/THTAL17146.png;no
THTAL17186;رنش 18 انش المنيوم صناعي TOTAL;13.99;https://hawarastore.com/wp-content/uploads/2025/08/THTAL17186.png;yes
THTAL17246;رنش 24 انش المنيوم صناعي TOTAL;21.01;https://hawarastore.com/wp-content/uploads/2025/08/THTAL17246.png;yes
THTB102;قفل سحاب 2 انش لون ذهبي على كرت ماركة TOTAL;0.42;https://hawarastore.com/wp-content/uploads/2025/08/THTB102.png;yes
THTB103;قفل سحاب 3 انش حديث على كرت ماركة TOTAL;0.57;https://hawarastore.com/wp-content/uploads/2025/08/THTB103.png;yes
THTB104;قفل سحاب 4 انش حديث ذهبي على كرت ماركة TOTAL;0.67;https://hawarastore.com/wp-content/uploads/2025/08/THTB104.png;no
THTB115;قفل سحاب 1.5 انش حديث لون ذهبي على كرت ماركة TOTAL;0.38;https://hawarastore.com/wp-content/uploads/2025/08/THTB115.png;no
THTB125;قفل سحاب 2.5 انش حديث على كرت ماركة TOTAL;0.45;https://hawarastore.com/wp-content/uploads/2025/08/THTB125.png;yes
THTC12008;قصاصة سيراميك يدوية 120 سم مع 541 اكسسوار ضمن حقيبة ماركة TOTAL;68.3;https://hawarastore.com/wp-content/uploads/2025/05/THTC12008.png;no
THTC510706;بانسة 180 مم 7 انش توفير عزم 65 % مع خاصية فك البراغي TOTAL;4.02;https://hawarastore.com/wp-content/uploads/2025/08/THTC510706.png;yes
THTC510708;بانسة 180 مم 7 انش توفير عزم 70 % TOTAL;4.2;;no
THTC510806;بانسة 200 مم 8 انش توفير عزم 65 % مع خاصية فك البراغي TOTAL;4.16;https://hawarastore.com/wp-content/uploads/2025/08/THTC510806.png;yes
THTC510808;بانسة 180 مم 8انش توفير عزم 70 % TOTAL;4.75;;no
THTC510956;بانسة 240 مم 9.5 انش توفير عزم 65 % مع خاصية فك البراغي TOTAL;5.71;https://hawarastore.com/wp-content/uploads/2025/08/THTC510956.png;no
THTC510958;بانسة 240 -9 انش توفير عزم 70 % TOTAL;6.53;;no
THTC520806;بانسة زردية بوز رفيع 215 مم 8.5 انش عزم عالي توفير 65 % TOTAL;3.91;https://hawarastore.com/wp-content/uploads/2025/08/THTC520806.png;no
THTC520808;بانسة زردية بوز رفيع 215 مم 8.5 انش عزم عالي توفير 70  % TOTAL;4.46;;no
THTC530806;قطاعة 200مم 8 انش راس طويل توفير عزم 65% ماركة TOTAL (( صناعي ));4.06;https://hawarastore.com/wp-content/uploads/2025/08/THTC530806.png;no
THTC530808;قطاعة 200مم 8 انش توفير عزم 70 % ماركة TOTAL (( صناعي ));4.64;;no
THTC530906;قطاعة 228 مم 9 انش توفير 65 % عزم بحجم مميز ماركة TOTAL;4.37;https://hawarastore.com/wp-content/uploads/2025/08/THTC530906.png;yes
THTC530908;قطاعة 228 مم9 انش توفير عزم 70 % ماركة TOTAL (( صناعي ));5;;no
THTC560806;قطاعة حديد باطون 8.5 انش توفير قوة 65 % لقص نهاية الشريط ماركة TOTAL;4.54;https://hawarastore.com/wp-content/uploads/2025/08/THTC560806.png;yes
THTC560808;قطاعة حديد باطون 8.5 انش توفير قوة 70  % لقص نهاية الشريط ماركة TOTAL;5.18;;no
THTCB046;حامل رول دهان بدون خرطوشة 4 انش سوبر سيليكت يد ABS ماركة TOTAL;0.36;https://hawarastore.com/wp-content/uploads/2025/08/THTCB046.png;no
THTCB096;حامل رول دهان بدون خرطوشة 9 انش سوبر سيليكت يد ABS ماركة TOTAL;0.66;https://hawarastore.com/wp-content/uploads/2024/05/THTCB096.png;no
THTCB181;نصلات مشرط لون اسود SK4 طول 100مم عرض 18مم علبة - 10 قطع ماركة TOTAL SK4 نوعية ثقيلة;0.55;https://hawarastore.com/wp-content/uploads/2025/08/THTCB181.png;yes
THTCH0086;مطرقة حديد 220 غرام ( شاكوش ) يد فيبر غلاس ماركة TOTAL ((صناعي));3.26;https://hawarastore.com/wp-content/uploads/2025/08/THTCH0086.png;no
THTCS121081;صندوق عدة معدن 3 طبقات 108 قطعة طقم فنجان 1/2 +1/4 انش + طقم مفكات + عدة يدوية TOTAL;99.7;https://hawarastore.com/wp-content/uploads/2025/08/THTCS121081.png;no
THTCS12591;صندوق عدة معدن 3 طبقات 59 قطعة طقم فنجان 1/2 انش + تطويلة منحنية + عدد يدوية TOTAL;112.1;https://hawarastore.com/wp-content/uploads/2024/05/THTCS12591.png;no
THTCS351167;صندوق عدة معدن 3 طبقات 120 قطعة طقم فنجان 1/2 +1/4 انش + طقم مفكات + عدة يدوية TOTAL;113.39;;no
THTCS351367;صندوق عدة معدن 3 دروج 136 قطعة طقم فنجان 1/2+1/4 انش + عدة يدوية شاملة + طقم مفكات + طقم مفاتيح شق ماركة TOTAL;108.62;https://hawarastore.com/wp-content/uploads/2026/05/THTCS351367-878x1024.png;yes
THTCT1001;حزامة بلاستيك 10 سم عرض 2.5 مم لون ابيض TOTAL;0.23;https://hawarastore.com/wp-content/uploads/2025/08/THTCT1001.png;yes
THTCT10201;حزامة بلاستيك 102 سم عرض 9 مم لون ابيض TOTAL;13.39;https://hawarastore.com/wp-content/uploads/2025/08/THTCT10201.png;yes
THTCT15025;حزامة بلاستيك 15 سم عرض 2.5 مم لون ابيض TOTAL;0.37;https://hawarastore.com/wp-content/uploads/2024/05/THTCT15025.png;yes
THTCT2001;حزامة بلاستيك 20 سم عرض 3.6 مم لون ابيض TOTAL;0.76;https://hawarastore.com/wp-content/uploads/2025/08/THTCT2001.png;yes
THTCT3001;حزامة بلاستيك 30 سم عرض 4.8 مم لون ابيض TOTAL;1.51;https://hawarastore.com/wp-content/uploads/2024/05/THTCT3001.png;no
THTCT4001;حزامة بلاستيك 40 سم عرض 7.2 مم لون ابيض TOTAL;3.97;https://hawarastore.com/wp-content/uploads/2024/05/THTCT4001.png;yes
THTCT5001;حزامة بلاستيك 50 سم عرض 9 مم لون ابيض TOTAL;7.4;https://hawarastore.com/wp-content/uploads/2025/08/THTCT5001.png;no
THTCT6001;حزامة بلاستيك 60 سم عرض 9 مم لون ابيضTOTAL;8.99;https://hawarastore.com/wp-content/uploads/2025/08/THTCT6001.png;yes
THTCT8001;حزامة بلاستيك 80 سم عرض 9 مم لون ابيض TOTAL;12.39;https://hawarastore.com/wp-content/uploads/2025/08/THTCT8001.png;yes
THTCTB10025;حزامة بلاستيك 10 سم عرض 2.5 مم لون اسود TOTAL;0.35;https://hawarastore.com/wp-content/uploads/2025/08/THTCTB10025.png;yes
THTCTB15025;حزامة بلاستيك 15 سم عرض 2.5 مم لون اسود TOTAL;0.37;https://hawarastore.com/wp-content/uploads/2025/08/THTCTB15025.png;yes
THTCTB20036;حزامة بلاستيك 20 سم عرض 3.6 مم لون اسود TOTAL;0.76;https://hawarastore.com/wp-content/uploads/2025/08/THTCTB20036.png;yes
THTCTB25048;حزامة بلاستيك 25 سم عرض 4.8 مم لون اسود TOTAL;0;;no
THTCTB30048;حزامة بلاستيك 30 سم عرض 4.8 مم لون اسود TOTAL;1.51;https://hawarastore.com/wp-content/uploads/2024/05/THTCTB30048-1.png;no
THTCTB35048;حزامة بلاستيك 35 سم عرض 4.8 مم لون اسود TOTAL;1.85;https://hawarastore.com/wp-content/uploads/2024/05/THTCTB35048.png;yes
THTCTB40076;حزامة بلاستيك 40 سم عرض 7.6 مم لون اسود TOTAL;0;;no
THTCTB45076;حزامة بلاستيك 45 سم عرض 7.6 مم لون اسود TOTAL;0;;no
THTCTB50090;حزامة بلاستيك 50 سم عرض 9 مم لون اسود TOTAL;0;;no
THTCTB55090;حزامة بلاستيك 55 سم عرض 9 مم لون اسود TOTAL;0;;no
THTCTB60090;حزامة بلاستيك 60 سم عرض 9 مم لون اسود TOTAL;0;;no
THTCTB72090;حزامة بلاستيك 72 سم عرض 9 مم لون اسود TOTAL;0;;no
THTCTB76090;حزامة بلاستيك 76 سم عرض 9 مم لون اسود TOTAL;0;;no
THTCTB80090;حزامة بلاستيك 80 سم عرض 9 مم لون اسود TOTAL;0;;no
THTDC2146;مفك براغي DC شق SL5.5*100 كروم مغناطيس ماركة TOTAL;0.49;https://hawarastore.com/wp-content/uploads/2025/08/THTDC2146.png;yes
THTDC2156;مفك براغي DC شق SL6*125 كروم مغناطيس ماركة TOTAL;0.56;https://hawarastore.com/wp-content/uploads/2024/05/THTDC2156.png;yes
THTDC2166;مفك براغي DC شق SL6*150 كروم مغناطيس ماركة TOTAL;0.48;https://hawarastore.com/wp-content/uploads/2025/08/THTDC2166.png;yes
THTDC2246;مفك براغي DC مصالب 5 * 100 كروم مغناطيس ماركة TOTAL;0.5;https://hawarastore.com/wp-content/uploads/2025/08/THTDC2246.png;yes
THTDC2256;مفك براغي DC مصالب 6 * 125 كروم مغناطيس ماركة TOTAL;0.56;https://hawarastore.com/wp-content/uploads/2025/08/THTDC2256.png;yes
THTDC2266;مفك براغي DC مصالب 2 * 150 كروم مغناطيس ماركة TOTAL;0.6;https://hawarastore.com/wp-content/uploads/2025/08/THTDC2266.png;yes
THTDC250201;طقم مفكات براغي قطعتين شق +مصالب كروم مغناطيس ماركة TOTAL;0.91;https://hawarastore.com/wp-content/uploads/2025/08/THTDC250201.png;no
THTDC250401;طقم مفكات براغي 4 قط شق +مصالب DC كروم مغناطيس TOTAL;1.59;https://hawarastore.com/wp-content/uploads/2024/05/THTDC250401.png;no
THTDC250601;طقم مفكات براغي 6 قطع شق +مصالب DC كروم مغناطيس TOTAL;2.2;https://hawarastore.com/wp-content/uploads/2025/08/THTDC250601.png;no
THTDC250801;طقم مفكات براغي 8 قطع شق +مصالب DC كروم مغناطيس TOTAL;3.52;https://hawarastore.com/wp-content/uploads/2025/08/THTDC250801.png;yes
THTDC251001;طقم مفكات براغي 10 قطع شق +مصالب DC كروم مغناطيس TOTAL;2.61;https://hawarastore.com/wp-content/uploads/2025/08/THTDC251001.png;yes
THTDC252601;طقم مفكات براغي 26 قطعة شق +مصالب DC كروم مغناطيس على ستاند بلاستيك TOTAL;12.32;https://hawarastore.com/wp-content/uploads/2025/08/THTDC252601.png;yes
THTEP0205;عصى تطويلة المنيوم 110-200 سم ماركة TOTAL;3.51;https://hawarastore.com/wp-content/uploads/2025/08/THTEP0205.png;yes
THTFX12151;مقبض 1/2 انش راس متحرك طول 375 مم صناعي TOTAL;4.9;https://hawarastore.com/wp-content/uploads/2024/05/THTFX12151.png;no
THTGP236;بريسة ثنائية 3 انش TOTAL (( صناعي ));4.4;https://hawarastore.com/wp-content/uploads/2025/08/THTGP236.png;yes
THTGP246;بريسة ثنائية 4 انش TOTAL (( صناعي ));5.61;https://hawarastore.com/wp-content/uploads/2025/08/THTGP246.png;yes
THTGP266;بريسة ثنائية 6 انش TOTAL (( صناعي ));10.8;https://hawarastore.com/wp-content/uploads/2025/08/THTGP266.png;yes
THTGP336;بريسة ثلاثية 3 انش TOTAL (( صناعي ));5.48;https://hawarastore.com/wp-content/uploads/2025/08/THTGP336.png;yes
THTGP346;بريسة ثلاثية 4 انش TOTAL (( صناعي ));7.02;https://hawarastore.com/wp-content/uploads/2025/08/THTGP346.png;yes
THTGP366;بريسة ثلاثية 6 انش TOTAL (( صناعي ));13.91;https://hawarastore.com/wp-content/uploads/2025/08/THTGP366.png;yes
THTGS60340;مقص اعشاب 13.25 انش قابل للدوارن ماركة TOTAL;4.08;https://hawarastore.com/wp-content/uploads/2025/08/THTGS60340.png;no
THTGTS6100;مفك براغي طرق شق 6.5*100 ماركة TOTAL (( صناعي )) CRV;1.64;https://hawarastore.com/wp-content/uploads/2024/05/THTGTS6100.png;yes
THTGTS6150;مفك براغي طرق شق 6.5*150ماركة TOTAL (( صناعي )) CRV;1.92;https://hawarastore.com/wp-content/uploads/2024/03/THTGTS6150-1024x1024.png;yes
THTGTS8150;مفك براغي طرق شق 8.0*150ماركة TOTAL (( صناعي )) CRV;2.4;https://sp-ao.shortpixel.ai/client/to_webp,q_glossy,ret_img/https://hawarastore.com/wp-content/uploads/woocommerce-placeholder-600x600.png;no
THTGTS8200;مفك براغي طرق شق 8.0*200 ماركة TOTAL (( صناعي )) CRV;2.38;https://hawarastore.com/wp-content/uploads/2024/05/THTGTS8200.png;yes
THTGTSPH2100;مفك براغي طرق مصالب ph2*100 ماركة TOTAL (( صناعي )) CRV;1.66;https://hawarastore.com/wp-content/uploads/2024/10/THTGTSPH2100.png;yes
THTGTSPH2150;مفك براغي طرق مصالب PH2*150 ماركة TOTAL (( صناعي )) CRV;1.92;https://hawarastore.com/wp-content/uploads/2024/10/THTGTSPH2150.png;no
THTGTSPH3150;مفك براغي طرق مصالب ph3*150 ماركة TOTAL (( صناعي )) CRV;2.07;https://hawarastore.com/wp-content/uploads/2024/10/THTGTSPH3150.png;yes
THTGTSPH3200;مفك براغي طرق مصالب فيلبس PH3*200 ماركة TOTAL (( صناعي )) CRV;2.37;https://hawarastore.com/wp-content/uploads/2024/10/THTGTSPH3200.png;yes
THTIP171;بانسة معزولة حمراء 180 مم 7 انش ماركة TOTAL;4.06;https://hawarastore.com/wp-content/uploads/2025/08/THTIP171.png;yes
THTIP181;بانسة معزولة حمراء 200 مم 8 انش ماركة TOTAL;4.3;https://hawarastore.com/wp-content/uploads/2025/08/THTIP181.png;yes
THTIP2161;بانسة معزولة 160 مم 6 انش TOTAL صناعي;3.71;https://hawarastore.com/wp-content/uploads/2024/05/THTIP2161.png;no
THTIP2171;بانسة معزولة 180 مم 7 انش TOTAL صناعي;4.02;https://hawarastore.com/wp-content/uploads/2025/08/THTIP2171.png;yes
THTIP2181;بانسة معزولة 200 مم 8 انش TOTAL صناعي;4.43;https://hawarastore.com/wp-content/uploads/2025/08/THTIP2181.png;yes
THTIP2261;قطاعة معزولة 160 مم 6 انش TOTAL قوة عالي;3.91;https://hawarastore.com/wp-content/uploads/2025/08/THTIP2261.png;yes
THTIP2361;بانسة زردية بوز رفيع معزولة 160 مم 6 انش راس مستقيم TOTAL صناعي;3.44;https://hawarastore.com/wp-content/uploads/2025/08/THTIP2361.png;no
THTIP2381;بانسة زردية بوز رفيع معزولة 200 مم 8 انش راس مستقيم TOTAL صناعي;3.94;https://hawarastore.com/wp-content/uploads/2025/08/THTIP2381.png;no
THTIP2481;بانسة زردية بوز رفيع معزولة 200 مم 8 انش راس اعوج TOTAL صناعي;4.09;https://hawarastore.com/wp-content/uploads/2025/08/THTIP2481.png;yes
THTIP2571;قطاعة راس طويل معزولة 180 مم 7 انش TOTAL صناعي;4.09;https://hawarastore.com/wp-content/uploads/2025/08/THTIP2571.png;yes
THTIP261;قطاعة معزولة 160 مم 6 انش TOTAL موديل قديم;3.24;https://hawarastore.com/wp-content/uploads/2025/08/THTIP261.png;yes
THTIP2661;زلاطة سحب امامي 6 انش معزولة صناعي TOTAL;3.96;https://hawarastore.com/wp-content/uploads/2025/08/THTIP2661.png;yes
THTIP2761;قطاعة كبل معزولة 160 مم 6 انش TOTAL صناعي;3.23;https://hawarastore.com/wp-content/uploads/2025/08/THTIP2761.png;yes
THTIP28101;بانسة كلب معزولة 250 مم 10 انش معزولة حتى 1000 فولت صناعي ماركة TOTAL;4.46;https://hawarastore.com/wp-content/uploads/2025/08/THTIP28101.png;yes
THTIP381;بانسة زردية بوز رفيع معزولة 200 مم 8 انش راس مستقيم TOTAL موديل قديم;3.58;https://hawarastore.com/wp-content/uploads/2025/08/THTIP381.png;yes
THTIS036;طقم مفكات براغي معزول كهربائي 3 قطع شق + مصالب ماركة TOTAL;2.43;https://hawarastore.com/wp-content/uploads/2025/08/THTIS036.png;no
THTIS3075;مفك براغي شق معزول احمر SL3*75 حديث صناعي ماركة TOTAL;0.63;https://hawarastore.com/wp-content/uploads/2025/08/THTIS3075.png;yes
THTIS4100;مفك براغي شق معزول احمر sl4*100 ماركة TOTAL CRV;0.74;https://hawarastore.com/wp-content/uploads/2025/08/THTIS4100.png;no
THTIS5106;طقم مفك براغي معزول 10 في 1 شق + مصالب ضمن علبة بلاستيك ماركةTOTAL;6.71;https://hawarastore.com/wp-content/uploads/2025/08/THTIS5106.png;no
THTIS5125;مفك براغي شق معزول احمر 5.5*125 TOTAL CRV;0.88;https://hawarastore.com/wp-content/uploads/2025/08/THTIS5125.png;yes
THTIS566;طقم مفكات براغي معزول كهربائي 6 قطع شق + مصالب ماركة TOTAL;5.09;https://hawarastore.com/wp-content/uploads/2025/08/THTIS566.png;no
THTIS6150;مفك براغي شق معزول احمر 6.5*150 TOTAL CRV;1.2;https://hawarastore.com/wp-content/uploads/2025/08/THTIS6150.png;yes
THTISD38104;طقم فنجان 3/8 انش 10 قطعة بدون مفتاح طقطاق معالج حراريا TOTAL;7.63;https://hawarastore.com/wp-content/uploads/2025/08/THTISD38104.png;no
THTISPH060;مفك براغي مصالب معزول احمر PH0*60 ماركة TOTAL CRV;0.61;https://hawarastore.com/wp-content/uploads/2025/08/THTISPH060.png;yes
THTISPH180;مفك براغي مصالب معزول احمر PH1*80 ( صناعي ) TOTAL CRV;0.81;https://hawarastore.com/wp-content/uploads/2025/08/THTISPH180.png;yes
THTISPH2100;مفك براغي مصالب معزول احمر PH2*100 ماركة TOTAL CRV;0.97;https://hawarastore.com/wp-content/uploads/2025/08/THTISPH2100.png;no
THTISPZ2100;مفك براغي مصالب معزول احمر PZ2*100 تصميم جديد TOTAL CRV;1.05;https://hawarastore.com/wp-content/uploads/2025/08/THTISPZ2100.png;yes
THTJ214041;طقم بانسات سكمان 4 قطع 2 خارجي فتح + 2 داخلي ضم قياس 5 انش صناعي TOTAL;7.47;https://hawarastore.com/wp-content/uploads/2025/08/THTJ214041.png;yes
THTJ214042;طقم بانسات سكمان 4 قطع 2 خارجي فتح + 2 داخلي ضم قياس 7 انش صناعي TOTAL;7.98;https://hawarastore.com/wp-content/uploads/2025/08/THTJ214042.png;yes
THTJ21801;بانسة سكمان خارجي فتح راس مستقيم قياس 7 انش TOTAL صناعي;2;https://hawarastore.com/wp-content/uploads/2024/05/THTJ21803png.png;yes
THTJ21802;بانسة سكمان خارجي فتح راس اعوج قياس 7 انش TOTAL صناعي;2;https://hawarastore.com/wp-content/uploads/2024/05/THTJ21802.png;yes
THTJ21803;بانسة سكمان داخلي ضم راس مستقيم قياس 7 انش TOTAL صناعي;2;https://hawarastore.com/wp-content/uploads/2025/08/THTJ21803.png;yes
THTJ21804;بانسة سكمان داخلي ضم راس اعوج قياس 7 انش TOTAL صناعي;2;https://hawarastore.com/wp-content/uploads/2025/08/THTJ21804.png;yes
THTJ381006;بانسة كلب 250 مم 10 انش اقصى فتح 45 مم TOTAL صناعي موديل حديث;3.44;https://hawarastore.com/wp-content/uploads/2025/08/THTJ381006.png;no
THTJ531106;مقص صاج يسار 250 مم 10 أنش كروم موديل حديث TOTAL;4.6;https://hawarastore.com/wp-content/uploads/2025/08/THTJ531106.png;yes
THTJ532106;مقص صاج ساوي ثلاث اتجاهات 250 مم 10 أنش كروم موديل حديث TOTAL;4.71;https://hawarastore.com/wp-content/uploads/2025/08/THTJ532106.png;no
THTJ533106;مقص صاج يمين 250 مم 10 أنش كروم موديل حديث TOTAL;4.6;https://hawarastore.com/wp-content/uploads/2025/08/THTJ533106.png;yes
THTL121101;طقم فنجان 1/2 انش 9 قطعة مع ساعد حرف L ضمن حقيبة معدن TOTAL;9.27;https://hawarastore.com/wp-content/uploads/2025/08/THTL121101.png;yes
THTLCS1241;منشار باطون + قرميد + جبسمبورد 24 انش TOTAL;7.53;https://hawarastore.com/wp-content/uploads/2025/08/THTLCS1241.png;yes
THTLI2001;قصاصة سور 20 فولت 18 انش بدون بطارية وشاحن TOTAL;50.62;https://hawarastore.com/wp-content/uploads/2025/08/THTLI2001.png;yes
THTLI20018;قصاصة عشب سور بطارية 20 فولت طول الشفرة 46سم اقصى قطع 18 مم بدون بطارية وشاحن TOTAL;28.45;;no
THTLI20461;قصاصة سور 20 فولت طول الشفرة 46سم اقصى قطع 18 مم مع بطارية 2 امبير وشاحن ونظارات وكفوف TOTAL;49.84;https://hawarastore.com/wp-content/uploads/2024/05/THTLI20461.png;no
THTLI20462;قصاصة سور 20 فولت طول 46 سم  مع بطارية 2 امبيرعدد 2 وشاحن  TOTAL;64.61;;no
THTLI400282;قصاصة عشب سور 40 فولت 25 انش BL + بطارية 2 امبير عدد 2 + شاحن مزدوج صناعي TOTAL;129.1;https://hawarastore.com/wp-content/uploads/2025/08/THTLI400282.png;yes
THTM7386D;مطرقة شاكوش 220 غرام صغيرة يد فيبر غلاس ماركة TOTAL;1.79;https://hawarastore.com/wp-content/uploads/2024/05/THTM7386D.png;no
THTMF186;بانسة 200 مم 8 انش متعدد الوظائف 8 في 1 ماركة TOTAL;4.66;https://hawarastore.com/wp-content/uploads/2025/08/THTMF186.png;yes
THTMF286;بانسة 200 مم 8 انش متعدد الاستعمالات 6 × 1 بوز رفيع + عادية + قطاعة TOTAL;4.66;https://hawarastore.com/wp-content/uploads/2025/08/THTMF286.png;yes
THTMF386;قطاعة 200 مم 8 انش 6 في 1 ماركة TOTAL;4.2;https://hawarastore.com/wp-content/uploads/2026/02/THTMF386-1024x1024.png;yes
THTMF6156;ملزمة 125 مم 5 انش قاعدة مربعة 360 درجة الوزن 19.5 كغ TOTAL;71.8;https://hawarastore.com/wp-content/uploads/2025/08/THTMF6156.png;yes
THTMN156;بانسة الكترونية 115 مم 4.5 انش TOTAL;1.27;https://hawarastore.com/wp-content/uploads/2025/08/THTMN156.png;yes
THTMN256;بانسة الكترونية زردية بوز رفيع راس مستقيم طويل 115 مم 4.5 انش ماركة TOTAL;1.27;https://hawarastore.com/wp-content/uploads/2024/05/THTMN256.png;no
THTMN356;قطاعة الكترونية 115مم 4.5 انش ماركة TOTAL;1.22;https://hawarastore.com/wp-content/uploads/2025/08/THTMN356.png;yes
THTMN456;بانسة الكترونية زردية بوز رفيع راس اعوج 115 مم 4.5 انش ماركة TOTAL;1.27;https://hawarastore.com/wp-content/uploads/2025/08/THTMN456.png;yes
THTMN556;قطاعة امامية الكترونية 115مم 4.5 انش ماركة TOTAL;1.19;https://hawarastore.com/wp-content/uploads/2025/08/THTMN556.png;no
THTMN656;بانسة الكترونية زردية بوز رفيع راس مستقيم مدور 115 مم 4.5 انش ماركة TOTAL;1.27;https://hawarastore.com/wp-content/uploads/2025/08/THTMN656.png;yes
THTMN756;بانسة الكترونية زردية بوز رفيع راس مستقيم قصير 115 مم 4.5 انش ماركة TOTAL;1.27;https://hawarastore.com/wp-content/uploads/2025/08/THTMN756.png;yes
THTMN856;بانسة الكترونية 115 مم 4.5 انش راس مبسط TOTAL;1.27;https://hawarastore.com/wp-content/uploads/2025/08/THTMN856.png;yes
THTP0205;فارة نجار نمرة 5 طول 35 سم مع شفرة عدد 2 صناعي ماركة TOTAL;23.38;https://hawarastore.com/wp-content/uploads/2025/08/THTP0205.png;no
THTP0206;فارة نجار نمرة 6 طول 45 سم مع شفرة عدد 2 صناعي ماركة TOTAL;30.62;https://hawarastore.com/wp-content/uploads/2025/08/THTP0206.png;no
THTP03091;مقشط قشر 9 انش لزوم النجارين صناعي ماركة TOTAL;3.72;https://hawarastore.com/wp-content/uploads/2025/08/THTP03091.png;yes
THTP61851;مقص كساح ورد بوز طويل 8.5 انش TOTAL;5.7;https://hawarastore.com/wp-content/uploads/2025/08/THTP61851.png;yes
THTPTM1251;الة ربط نباتات 12.5 انش ماركة TOTAL;6.73;https://hawarastore.com/wp-content/uploads/2025/08/THTPTM1251T.png;yes
THTPTM1251T;20 بكرة ربط مطاطية للتطعيم 25 م عرض 11 مم ماركة TOTAL;3.1;https://hawarastore.com/wp-content/uploads/2024/07/THTPTM1251T.png;yes
THTR031.XXL;جاكيت مطرية فقط سماكة 0.33 مم قياس XXL ماركة TOTAL;6.86;https://hawarastore.com/wp-content/uploads/2024/05/THTR031.png;yes
THTRC031.L;جاكيت مطري طويل (L) طول 120 سم TOTAL;7.65;https://hawarastore.com/wp-content/uploads/2025/08/THTRC031.L.png;no
THTRC031.M;جاكيت مطري طويل (M) طول 120 سم TOTAL;7.65;https://hawarastore.com/wp-content/uploads/2025/08/THTRC031.M.png;yes
THTRC031.XL;جاكيت مطري طويل (XL) طول 120 سم TOTAL;7.65;https://hawarastore.com/wp-content/uploads/2025/08/THTRC031.XL_.png;no
THTRC031.XXL;جاكيت مطري طويل (XXL) طول 120 سم TOTAL;7.65;https://hawarastore.com/wp-content/uploads/2025/08/THTRC031.XXL_.png;yes
THTRC031.XXXL;جاكيت مطري طويل (XXXL) طول 120 سم TOTAL;7.65;https://hawarastore.com/wp-content/uploads/2025/08/THTRC031.XXXL_.png;no
THTRCW40231;مفتاح جنط 16 انش مع 4 رؤوس 1/2 انش قياس 17-19-21-23 ضمن حقيبة جلد (( صناعي ));9.79;https://hawarastore.com/wp-content/uploads/2025/08/THTRCW40231.png;yes
THTRS031.L;بدلة عمل مطرية قطعتين سماكة 0.33 مم قياس L ماركة TOTAL;9.45;https://hawarastore.com/wp-content/uploads/2024/05/THTRS031.L.png;no
THTRS031.M;بدلة عمل مطرية قطعتين سماكة 0.33 مم قياس M ماركة TOTAL;9.45;https://hawarastore.com/wp-content/uploads/2024/03/THTRS031.M.png;no
THTRS031.XL;بدلة عمل مطرية قطعتين سماكة 0.33 مم قياس XL ماركة TOTAL;9.45;https://hawarastore.com/wp-content/uploads/2025/05/THTRS031.XL_.png;no
THTRS031.XXL;بدلة عمل مطرية قطعتين سماكة 0.33 مم قياس XXL ماركة TOTAL;9.45;https://hawarastore.com/wp-content/uploads/2025/05/THTRS031.XXL_.png;no
THTRS031.XXXL;بدلة عمل مطرية قطعتين سماكة 0.33 مم قياس XXXL من TOTAL;9.45;https://hawarastore.com/wp-content/uploads/2024/05/THTRS031.XXXL_.png;no
THTRS2101;حبل شد حمل 2 طن طول 10 متر TOTAL;7.23;https://hawarastore.com/wp-content/uploads/2025/08/THTRS2101.png;yes
THTRS3061;حبل شد حمل 3 طن طول 6 متر وعرض 50 مم TOTAL;7.95;https://hawarastore.com/wp-content/uploads/2025/08/THTRS3061.png;yes
THTRS3101;حبل شد حمل 3 طن طول 10 متر TOTAL;9.76;https://hawarastore.com/wp-content/uploads/2025/08/THTRS3101.png;yes
THTRS4101;حبل شد حمل 4 طن طول 10 متر وعرض 50 مم TOTAL;12.25;https://hawarastore.com/wp-content/uploads/2025/08/THTRS4101.png;yes
THTRS5101;حبل شد حمل 5 طن طول 10 متر TOTAL;13.79;https://hawarastore.com/wp-content/uploads/2025/08/THTRS5101.png;no
THTRSW17191;يد طقطاق 17 - 19 مم صناعي ماركة TOTAL;5.71;https://hawarastore.com/wp-content/uploads/2025/08/THTRSW17191.png;yes
THTRSW17211;يد طقطاق 17 - 21 مم صناعي ماركة TOTAL;5.01;https://hawarastore.com/wp-content/uploads/2025/08/THTRSW17211.png;yes
THTRSW19211;يد طقطاق 21 - 19 مم صناعي ماركة TOTAL;5.25;https://hawarastore.com/wp-content/uploads/2025/08/THTRSW19211.png;yes
THTRSW19221;يد طقطاق 22 - 19 مم صناعي ماركة TOTAL;5.01;https://hawarastore.com/wp-content/uploads/2025/08/THTRSW19221.png;yes
THTRSW19241;يد طقطاق 24 - 19 مم صناعي ماركة TOTAL;5.01;https://hawarastore.com/wp-content/uploads/2025/08/THTRSW19241.png;yes
THTS082016;طقم فنجان 1/2+ 1/4 +3/8 انش 201 قطعة + مفاتيح طقطاق + مجموعة فنجان طويلة + تطويلات ضمن حقيبة بلاستيك TOTAL;86.6;https://hawarastore.com/wp-content/uploads/2026/02/THTS082016-878x1024.png;yes
THTS1527416;مقص كساح 24-34 انش طول 62 -85 سم اقصى قطع 40 مم مزود بمفصل لزيادة حجم القطع ماركة TOTAL صناعي;11.25;https://hawarastore.com/wp-content/uploads/2025/08/THTS1527416.png;no
THTS20206;طقم مفكات براغي قطعتين نجاصة S2 شق + مصالب صناعي ماركة TOTAL;1.17;https://hawarastore.com/wp-content/uploads/2025/08/THTS20206.png;no
THTS33001;قلم فحص 300- 12 فولت ماركة TOTAL شاشة ديجيتال LCD مع منبه صوت وضوء اقفال ذاتي مع بطارية;4.9;https://hawarastore.com/wp-content/uploads/2025/08/THTS33001.png;yes
THTS41001;قلم فحص اتوماتيكي 100 - 1 DC فولت ماركة TOTAL;7.5;https://hawarastore.com/wp-content/uploads/2025/08/THTS41001.png;no
THTS71200;مطرقة حديد 200 غرام يد فيبر غلاس ماركة TOTAL حديث;1.63;https://hawarastore.com/wp-content/uploads/2025/08/THTS71200.png;yes
THTS71300;مطرقة حديد 300 غرام يد فيبر غلاس ماركة TOTAL حديث;1.81;https://hawarastore.com/wp-content/uploads/2024/05/THTS71300.png;no
THTS7308;مطرقة حديد 220 غرام ( شاكوش ) يد فيبر غلاس حديث ماركة TOTAL;1.97;https://hawarastore.com/wp-content/uploads/2024/05/THTS7308.png;no
THTS78600;فاس وزن 600 غرام طول 39سم يد فيبر غلاس ماركة TOTAL صناعية موديل حديث;3.95;https://hawarastore.com/wp-content/uploads/2025/08/THTS78600.png;yes
THTST12081;فنجان 1/2 انش 8 مم TOTAL *;0.58;https://hawarastore.com/wp-content/uploads/2025/08/THTST12081.png;yes
THTST12083L;فنجان 1/2 انش 8 مم طويلة TOTAL;1;https://hawarastore.com/wp-content/uploads/2025/08/THTST12083L.png;yes
THTST12091;فنجان 1/2 انش 9 مم TOTAL;0.58;https://hawarastore.com/wp-content/uploads/2025/08/THTST12091.png;yes
THTST12101;فنجان 1/2 انش 10 مم TOTAL *;0.59;https://hawarastore.com/wp-content/uploads/2025/08/THTST12101.png;yes
THTST12103L;فنجان 1/2 انش 10 مم طويلة TOTAL;1.02;https://hawarastore.com/wp-content/uploads/2025/08/THTST12103L.png;yes
THTST12111;فنجان 1/2 انش 11 مم TOTAL;0.57;https://hawarastore.com/wp-content/uploads/2025/08/THTST12111.png;yes
THTST12113L;فنجان 1/2 انش 11 مم طويلة TOTAL;0.97;https://hawarastore.com/wp-content/uploads/2025/08/THTST12113L.png;yes
THTST12121;فنجان 1/2 انش 12 مم TOTAL;0.58;https://hawarastore.com/wp-content/uploads/2025/08/THTST12121.png;no
THTST12123L;فنجان 1/2 انش 12 مم طويلة TOTAL;1.02;https://hawarastore.com/wp-content/uploads/2025/08/THTST12123L.png;no
THTST12131;فنجان 1/2 انش 13 مم TOTAL *;0.59;https://hawarastore.com/wp-content/uploads/2025/08/THTST12131.png;no
THTST12133L;فنجان 1/2 انش 13 مم طويلة TOTAL ((صناعي));1.02;https://hawarastore.com/wp-content/uploads/2024/05/THTST12133L.png;yes
THTST12141;فنجان 1/2 انش 14مم TOTAL *;0.58;https://hawarastore.com/wp-content/uploads/2025/08/THTST12141.png;no
THTST12143L;فنجان 1/2 انش 14 مم طويلة TOTAL;1.02;https://hawarastore.com/wp-content/uploads/2025/08/THTST12143L.png;no
THTST12151;فنجان 1/2 انش 15 مم TOTAL;0.55;https://hawarastore.com/wp-content/uploads/2025/08/THTST12151.png;yes
THTST12153L;فنجان 1/2 انش 15 مم طويلة TOTAL;0.97;https://hawarastore.com/wp-content/uploads/2025/08/THTST12153L.png;yes
THTST12161;فنجان 1/2 انش 16 مم TOTAL;0.55;https://hawarastore.com/wp-content/uploads/2025/08/THTST12161.png;yes
THTST12163L;فنجان 1/2 انش 16 مم طويلة TOTAL ((صناعي));1.02;https://hawarastore.com/wp-content/uploads/2025/08/THTST12163L.png;no
THTST12171;فنجان 1/2 انش 17مم TOTAL;0.65;https://hawarastore.com/wp-content/uploads/2025/08/THTST12171.png;no
THTST12173L;فنجان 1/2 انش 17 مم طويلة TOTAL ((صناعي));1.02;https://hawarastore.com/wp-content/uploads/2025/08/THTST12173L.png;no
THTST12181;فنجان 1/2 انش 18 مم TOTAL;0.68;https://hawarastore.com/wp-content/uploads/2025/08/THTST12181.png;yes
THTST12183L;فنجان 1/2 انش 18 مم طويلة TOTAL;1.06;https://hawarastore.com/wp-content/uploads/2025/08/THTST12183L.png;yes
THTST12191;فنجان 1/2 انش 19مم TOTAL;0.7;https://hawarastore.com/wp-content/uploads/2025/08/THTST12191.png;yes
THTST12193L;فنجان 1/2 انش 19 مم طويلة TOTAL;1.11;https://hawarastore.com/wp-content/uploads/2025/08/THTST12193L.png;no
THTST12201;فنجان 1/2 انش 20 مم TOTAL;0.75;https://hawarastore.com/wp-content/uploads/2024/05/THTST12201.png;yes
THTST12203L;فنجان 1/2 انش 20 مم طويلةTOTAL;1.14;https://hawarastore.com/wp-content/uploads/2025/08/THTST12203L.png;yes
THTST12211;فنجان 1/2 انش 21 مم TOTAL;0.71;https://hawarastore.com/wp-content/uploads/2025/08/THTST12211.png;yes
THTST12213L;فنجان 1/2 انش 21 مم طويلة TOTAL;1.2;https://hawarastore.com/wp-content/uploads/2024/05/THTST12213L.png;yes
THTST12221;فنجان 1/2 انش 22 مم TOTAL;0.82;https://hawarastore.com/wp-content/uploads/2025/08/THTST12221.png;yes
THTST12223L;فنجان 1/2 انش 22 مم طويلة TOTAL;1.28;https://hawarastore.com/wp-content/uploads/2025/08/THTST12223L.png;yes
THTST12231;فنجان 1/2 انش 23 مم TOTAL;0.97;https://hawarastore.com/wp-content/uploads/2025/08/THTST12231.png;no
THTST12241;فنجان 1/2 انش 24 مم TOTAL;0.91;https://hawarastore.com/wp-content/uploads/2025/08/THTST12241.png;yes
THTST12243L;فنجان 1/2 انش 24 مم طويلة TOTAL;1.45;https://hawarastore.com/wp-content/uploads/2025/08/THTST12243L.png;yes
THTST12251;فنجان 1/2 انش 25 مم TOTAL;1.05;https://hawarastore.com/wp-content/uploads/2025/08/THTST12251.png;yes
THTST12261;فنجان 1/2 انش 26 مم TOTAL;1.07;https://hawarastore.com/wp-content/uploads/2025/08/THTST12261.png;yes
THTST12271;فنجان 1/2 انش 27 مم TOTAL;1.19;https://hawarastore.com/wp-content/uploads/2025/08/THTST12271.png;yes
THTST12273L;فنجان 1/2 انش 27 مم طويلة TOTAL;1.87;https://hawarastore.com/wp-content/uploads/2025/08/THTST12273L.png;yes
THTST12281;فنجان 1/2 انش 28 مم TOTAL;1.46;https://hawarastore.com/wp-content/uploads/2025/08/THTST12281.png;yes
THTST12291;فنجان 1/2 انش 29 مم TOTAL;1.41;https://hawarastore.com/wp-content/uploads/2025/08/THTST12291.png;yes
THTST12301;فنجان 1/2 انش 30 مم TOTAL;1.55;https://hawarastore.com/wp-content/uploads/2025/08/THTST12301.png;yes
THTST12303L;فنجان 1/2 انش 30 مم طويلة TOTAL;2.24;https://hawarastore.com/wp-content/uploads/2025/08/THTST12303L.png;yes
THTST12321;فنجان 1/2 انش 32 مم TOTAL;1.81;https://hawarastore.com/wp-content/uploads/2025/08/THTST12321.png;no
THTST12323L;فنجان 1/2 انش 32 مم طويلة TOTAL;2.42;https://hawarastore.com/wp-content/uploads/2025/08/THTST12323L.png;yes
THTST12361;فنجان 1 انش 36 مم تايوانية جينيس TOTAL;26.51;https://sp-ao.shortpixel.ai/client/to_webp,q_glossy,ret_img/https://hawarastore.com/wp-content/uploads/woocommerce-placeholder-600x600.png;no
THTSTB12106;ساعد مع منزلقة 1/2 انش طول 10 انش صناعي TOTAL;2.11;https://hawarastore.com/wp-content/uploads/2024/05/THTSTB12106.png;no
THTSW0806;مفك جوز حرف T قياس 8 مم صناعي ماركة TOTAL;1.44;https://hawarastore.com/wp-content/uploads/2025/08/THTSW0806.png;yes
THTSW1006;مفك جوز حرف T قياس 10 مم صناعي ماركة TOTAL;1.44;https://hawarastore.com/wp-content/uploads/2025/08/THTSW1006.png;yes
THTSW1206;مفك جوز حرف T قياس 12 مم صناعي ماركة TOTAL;1.83;https://hawarastore.com/wp-content/uploads/2025/08/THTSW1206.png;no
THTSW1306;مفك جوز حرف T قياس 13 مم صناعي TOTAL;1.83;https://hawarastore.com/wp-content/uploads/2024/05/THTSW1306.png;no
THTSW1406;مفك جوز حرف T قياس 14 مم صناعي ماركة TOTAL;1.83;https://hawarastore.com/wp-content/uploads/2025/08/THTSW1406.png;yes
THTSW1706;مفك جوز حرف T قياس 17 مم صناعي ماركة TOTAL;2.19;https://hawarastore.com/wp-content/uploads/2025/08/THTSW1706.png;yes
THTSW1906;مفك جوز حرف T قياس 19 مم صناعي TOTAL;2.23;https://hawarastore.com/wp-content/uploads/2025/08/THTSW1906.png;yes
THTT81286;مالج مليس مضفر ستانلس ستيل قياس280*130 TOTAL;3.07;https://hawarastore.com/wp-content/uploads/2024/05/THTT81286.png;no
THTT832306;مالج مليس مضفر يد ABC قياس 230 × 100 مم ماركة TOTAL;1.8;https://hawarastore.com/wp-content/uploads/2025/08/THTT832306.png;yes
THTT952316;مالج مليس مضفر يد ABC قياس 230 × 100 مم سوبر سيليكت ماركة TOTAL;1.71;https://hawarastore.com/wp-content/uploads/2025/08/THTT952316.png;yes
THTW711000;مطرقة حديد 1000 غرام يد خشب ماركة TOTAL;4.35;https://hawarastore.com/wp-content/uploads/2024/05/THTW711000.png;no
THTW71300;مطرقة حديد 300 غرام يد خشب ماركة TOTAL;2.07;https://hawarastore.com/wp-content/uploads/2025/08/THTW71300.png;no
THTW71500;مطرقة حديد 500 غرام يد خشب ماركة TOTAL;2.83;https://hawarastore.com/wp-content/uploads/2025/08/THTW71500.png;no
THTWB61001;عربة نقل أرضية قياس 537*360 تحمل 100 كغ حقايب خاصة 16و 19 انش TOTAL;18.15;https://hawarastore.com/wp-content/uploads/2025/10/THTWB61001.jpg;yes
THTWS0103;حبل شد + سفيفة تحميل 1 طن طول 3 متر عرض 3 سم ماركة TOTAL;3.23;https://hawarastore.com/wp-content/uploads/2025/08/THTWS0103.png;yes
THTWS0203;حبل شد + سفيفة تحميل 2 طن طول 3 م عرض 6 سم ماركة TOTAL;5.43;https://hawarastore.com/wp-content/uploads/2025/08/THTWS0203.png;yes
THTWS0204;حبل شد + سفيفة تحميل 2 طن طول 4 متر عرض 6 سم ماركة TOTAL;6.46;https://hawarastore.com/wp-content/uploads/2025/08/THTWS0204.png;yes
THTWS0303;حبل شد + سفيفة تحميل 3 طن طول 3 م عرض9 سم ماركة TOTAL;7.86;https://hawarastore.com/wp-content/uploads/2025/08/THTWS0303.png;yes
THTWS0306;حبل شد + سفيفة تحميل 3طن طول 6متر عرض 9 سم ماركة TOTAL;13.03;https://hawarastore.com/wp-content/uploads/2025/08/THTWS0306.png;yes
THTWS0406;حبل شد + سفيفة تحميل 4 طن طول 6 متر عرض 12 سم ماركة TOTAL;19.42;https://hawarastore.com/wp-content/uploads/2025/08/THTWS0406.png;yes
THTWS0606;حبل شد + سفيفة تحميل 6طن طول 6 متر عرض 18سم ماركة TOTAL;31.22;https://hawarastore.com/wp-content/uploads/2025/08/THTWS0606.png;yes
THWB61201;عربة المنيوم قابلة للطي حمل 130 كغ ماركة TOTAL;42.75;https://hawarastore.com/wp-content/uploads/2026/02/THWB61201.png;yes
THWBSW1508;منشار الواح جبسمبورد 150مم 6 انش ثلاثة رؤوس TOTAL (( صناعي )) حديث;2.05;;no
THWBSW66;منشار الواح جبسمبورد 150مم 6 انش ثلاثة رؤوس TOTAL (( صناعي ));2.18;https://hawarastore.com/wp-content/uploads/2025/08/THWBSW66.png;no
THWL1006;فنجان مفرد 10 مم حرف L صناعي ماركة TOTAL;2.08;https://hawarastore.com/wp-content/uploads/2025/08/THWL1006.png;yes
THWL1206;فنجان مفرد 12 مم حرف L صناعي ماركة TOTAL;2.34;https://hawarastore.com/wp-content/uploads/2025/08/THWL1206.png;yes
THWL1306;فنجان مفرد 13 مم حرف L صناعي ماركة TOTAL;2.58;https://hawarastore.com/wp-content/uploads/2025/08/THWL1306.png;yes
THWL1406;فنجان مفرد 14 مم حرف L صناعي ماركة TOTAL;2.89;https://hawarastore.com/wp-content/uploads/2025/08/THWL1406.png;yes
THWL1706;فنجان مفرد 17 مم حرف L صناعي ماركة TOTAL;3.79;https://hawarastore.com/wp-content/uploads/2025/08/THWL1706.png;yes
THWS010301;مرش حدائق عادي بلاستيك + مغسل TOTAL Plastic trigger nozzle;1.54;https://hawarastore.com/wp-content/uploads/2025/08/THWS010301.png;yes
THWS010901;مرش حدائق متعدد 9 نماذج TOTAL;2.03;https://hawarastore.com/wp-content/uploads/2025/08/THWS010901.png;no
THWS030301;وصلة مغسل سيارات طقم 3 TOTAL;1.27;https://hawarastore.com/wp-content/uploads/2025/08/THWS030301.png;yes
THWSG6031;راس مرش ومغسل قابل للتعديل ماركة TOTAL;4.21;https://hawarastore.com/wp-content/uploads/2025/08/THWSG6031.png;yes
THWSG6091;مرش حدائق 9 نماذج قابل للتعديل ماركة TOTAL;4.64;https://hawarastore.com/wp-content/uploads/2025/08/THWSG6091.png;yes
THWSK0201;مجموعة راس مرش 180 درجة ومغسل ماركة TOTAL;8.58;https://hawarastore.com/wp-content/uploads/2025/08/THWSK0201.png;yes
THWW092;مرش حدائق طويل صناعي TOTAL;5.52;https://hawarastore.com/wp-content/uploads/2025/08/THWW092.png;yes
THYSW081012;مفك جوز حرف Y قياس 12-10-8 مم صناعي ماركة TOTAL;2.38;https://hawarastore.com/wp-content/uploads/2024/05/THYSW101214-1.png;no
THYSW101214;مفك جوز حرف Y قياس 14-12-10 مم صناعي ماركة TOTAL;2.45;https://hawarastore.com/wp-content/uploads/2024/05/THYSW101214.png;no
THZATN1031;مرش حدائق عادي معدني + مغسل TOTAL Metal Trigger Nozzle صناعي;6.61;https://hawarastore.com/wp-content/uploads/2025/08/THZATN1031.png;yes
THZATN1101;مرش حدائق متعدد TOTAL Metal Trigger Nozzle صناعي;5.72;https://hawarastore.com/wp-content/uploads/2025/08/THZATN1101.png;yes
TIDLI12201;مثقب بطارية رجاج 12 فولت سرعتين 10 ملم 20 نيوتن عزم 15 + 1 مع بطاريتين وشاحن ساعتين ضمن حقيبة موديل حديث TOTAL;33.45;https://hawarastore.com/wp-content/uploads/2024/05/TIDLI12201.png;no
TIDLI12202;مثقب بطارية رجاج 12 فولت 10 مم 20 نيوتن بطاريتين TYPE-C بدون شاحن مع اكسسوارات حديث حقيبة بلاستيك ماركة TOTAL سوبر توتال;28.67;https://hawarastore.com/wp-content/uploads/2025/08/TIDLI12202.png;no
TIDLI12206;مثقب بطارية 12 فولت رجاج 10 مم 20 نيوتن TYPE-C + بطارية عدد 2 + اكسسوارات ضمن حقيبة بلاستيك ماركة TOTAL;26.8;https://hawarastore.com/wp-content/uploads/2025/09/TIDLI12206.png;yes
TIDLI12206 - A;مثقب بطارية 12 فولت رجاج 10 مم 20 نيوتن TYPE-C + اكسسوارات ضمن حقيبة بلاستيك ماركة TOTAL;12.81;;no
TIDLI1222;مثقب بطارية 12 فولت رجاج حديث ضمن حقيبة قماش مع 2 ريشة باتون جوزة 10 ملم عزم 25 نيوتن مع بطاريتين مع رأس مفك طول 6.5 سم TOTAL;64.49;https://hawarastore.com/wp-content/uploads/2024/03/TIDLI1222.png;no
TIDLI1228;مثقب بطارية 12 فولت رجاج سرعتين 10 ملم 25 نيوتن + بطارية 1.5 امبير عدد 2 + شاحن + اكسسوارات ضمن حقيبة بلاستيك TOTAL;35.62;https://hawarastore.com/wp-content/uploads/2025/08/TIDLI1228.png;yes
TIDLI1232;مثقب بطارية رجاج 12 فولت سرعتين 10 ملم 20 نيوتن + بطارية عدد 2 + شاحن + اكسسوارات ضمن حقيبة بلاستيك TOTAL;47.33;https://hawarastore.com/wp-content/uploads/2024/05/TIDLI1232.png;no
TIDLI1612;مثقب بطارية 16.8 فولت رجاج جوزة 10ملم عزم 28 نيوتن مع بطاريتين مع رأس مفك 6.5 ملم TOTAL;60.66;https://hawarastore.com/wp-content/uploads/2024/05/TIDLI1612.png;no
TIDLI166062;مثقب بطارية رجاج 16 فولت 66 نيوتن BL + بطارية 2 امبير عدد 2 + شاحن + اكسسوارات ضمن حقيبة بلاستيك TOTAL;43.44;https://hawarastore.com/wp-content/uploads/2026/02/TIDLI166062-878x1024.png;yes
TIDLI1801;مثقب بطارية 18 فولت رجاج حديث 45 نيوتن 10 ملم سرعتين مع بطاريتين وشاحن سريع 1.5 ساعة ضمن حقيبة بلاستيك TOTAL;61.3;https://sp-ao.shortpixel.ai/client/to_webp,q_glossy,ret_img/https://hawarastore.com/wp-content/uploads/woocommerce-placeholder-600x600.png;no
TIDLI201368;مثقب بطارية 20 فولت رجاج 136 نيوتن BL كوان معدن 13 مم + بطارية 5 امبير عدد 2 + شاحن + اكسسوارت ضمن حقيبة بلاستيك راس معدني جاكوبس ماركة TOTAL صناعي مع ساعد;127.28;;no
TIDLI201668;مثقب بطارية 20 فولت 166 نيوتن BL + بطارية 5 امبير عدد 2 + شاحن + اكسسوارات راس معدني جاكوبس ضمن حقيبة بلاستيك TOTAL;138.85;;no
TIDLI20558;مثقب بطارية 20 فولت رجاج 55 نيوتن BL كوان معدن 13 مم + بطارية 2 امبير عدد 2 +شاحن + اكسسوارات ضمن حقيبة بلاستيك TOTAL;46.6;https://hawarastore.com/wp-content/uploads/2025/08/TIDLI20558.png;yes
TIDLI205581;مثقب بطارية 20 فولت رجاج 55 نيوتن BL كوان 13 مم بدون بطارية وشاحن TOTAL;24.11;https://hawarastore.com/wp-content/uploads/2026/02/TIDLI205581-878x1024.png;yes
TIDLI20602;مثقب بطارية 20 فولت رجاج 60 نيوتنBL مع بطارية 2 امبير عدد 2 + شاحن + اكسسوارات ضمن حقيبة بلاستيك TOTAL;57.92;https://hawarastore.com/wp-content/uploads/2024/05/TIDLI20602-1.png;no
TIDLI20605;مثقب بطارية 20 فولت 70 نيوتن رجاج BL+ بطارية 2 امبيرعدد 2 + شاحن + اكسسوارات ضمن حقيبة بلاستيك TOTAL;72.3;https://hawarastore.com/wp-content/uploads/2025/05/TIDLI20605.jpg;no
TIDLI20668;مثقب بطارية 20 فولت رجاج 66 نيوتن BL كوان معدن 13 مم + بطارية 2 امبير عدد 2 + شاحن + اكسسوارت ضمن حقيبة بلاستيك TOTAL;54.64;https://hawarastore.com/wp-content/uploads/2025/08/TIDLI20668.png;yes
TIDLI206681;مثقب بطارية 20 فولت رجاج 66 نيوتن BL كوان معدن 13 مم بدون بطارية وشاحن TOTAL;27.32;https://hawarastore.com/wp-content/uploads/2025/08/TIDLI206681.png;yes
TIDLI207686;مثقب بطارية 20 فولت 76 نيوتن BL + بطارية 2 امبير عدد 2 + شاحن سريع 4 امبير + اكسسوارات ضمن حقيبة بلاستيك TOTAL;67.5;https://hawarastore.com/wp-content/uploads/2026/05/TIDLI207686.jpeg;yes
TIDLI208687;مثقب بطارية 20 فولت رجاج 86 نيوتن BL كوان معدن 13 مم + بطارية 2 امبير عدد2 + شاحن 2 امبير+اكسسوارات ضمن حقيبة بلاستيك TOTAL;67.57;https://hawarastore.com/wp-content/uploads/2026/02/TIDLI208687-878x1024.png;yes
TIDLI208688;مثقب بطارية 20 فولت 86 نيوتن BL + بطارية 2 امبير عدد 2 + شاحن سريع 4 امبير + اكسسوارات راس معدني جاكوبس ضمن حقيبة بلاستيك TOTAL;70.38;;no
TIDLI20968;مثقب بطارية 20 فولت رجاج 96 نيوتن BL كوان معدن 13 مم + بطارية 4 امبير عدد 2 + شاحن + اكسسوارت ضمن حقيبة بلاستيك TOTAL;94.6;https://hawarastore.com/wp-content/uploads/2026/02/TIDLI209685-788x1024.png;yes
TIDLI209685;مثقب بطارية 20 فولت رجاج 96 نيوتن BL كوان 13 مم +راس معدني جاكوبس + اكسسوارات بدون بطارية وشاحن TOTAL;39.11;https://hawarastore.com/wp-content/uploads/2026/02/TIDLI209685-788x1024.png;yes
TIDLI209686;مثقب بطارية 20 فولت رجاج 96 نيوتن BL كوان معدن 13 مم + بطارية 4 امبير عدد 2 + شاحن + اكسسوارت ضمن حقيبة بلاستيك راس معدني جاكوبس ماركة TOTAL صناعي مع ساعد;87.49;https://hawarastore.com/wp-content/uploads/2025/10/TIDLI209686-788x1024.png;yes
TIDLI228120;مثقب بطارية 12 فولت رجاج + بطارية 1.5 امبير عدد 2 + شاحن + اكسسوارات ضمن حقيبة قماشية TOTAL;49.55;https://hawarastore.com/wp-content/uploads/2024/03/TIDLI228120.png;no
TIDLI228121;فرد شد بطارية 1/4 انش 12 فولت لشد الجوز ( هنكار) + بطارية عدد 2 + شاحن + اكسسوارات ضمن حقيب قماشية TOTAL;61.35;https://hawarastore.com/wp-content/uploads/2024/05/TIDLI228121.png;yes
TIDLI228180;مثقب بطارية 18 فولت رجاج + بطارية عدد 2 + شاحن + اكسسوارات ضمن حقيبة بلاستيك TOTAL;74.01;https://sp-ao.shortpixel.ai/client/to_webp,q_glossy,ret_img/https://hawarastore.com/wp-content/uploads/woocommerce-placeholder-600x600.png;no
TIDLI228181;فرد شد بطارية 1/4 انش 18 فولت رجاج لشد الجوز ( هنكار) + بطارية عدد 2 + شاحن حقيبة بلاستيك TOTAL;86.14;https://hawarastore.com/wp-content/uploads/2024/03/TIDLI228181.png;yes
TIDLI426981;مثقب بطارية 42 فولت 69 نيوتن BL + بطارية 2 امبير + شاحن + مجموعة اكسسوارات ضمن حقيبة بلاستيك TOTAL;67.5;https://hawarastore.com/wp-content/uploads/2025/08/TIDLI426981.png;yes
TIDLI426982;مثقب بطارية 42 فولت رجاج 69 نيوتن BL كوان 13 مم + بطاريتين 2 امبير +شاحن ضمن حقيبة بلاستيك TOTAL;81.96;https://hawarastore.com/wp-content/uploads/2026/03/TIDLI426982-878x1024.png;yes
TIDLI429982;مثقب بطارية 42 فولت 99 نيوتن BL + بطارية 2 امبير عدد 2 + شاحن + مجموعة اكسسوارات + جوز ضمن حقيبة بلاستيك TOTAL;103.18;https://hawarastore.com/wp-content/uploads/2025/10/TIDLI429982.webp;yes
TIG1601;طرنس لحام 160 امبير 220 فولت TIG ماركة TOTAL;283.54;https://hawarastore.com/wp-content/uploads/2025/08/TIG1601.png;no
TIG16058;طرنس لحام 160 امبير 220 فولت TIG ماركة TOTAL;183.92;;no
TIG20058;طرنس لحام 200 امبير 220 فولت TIG ماركة TOTAL;224.99;;no
TIGACDC2001;طرنس لحام 200 امبير MMA-TIG-AC/ DC VOLT 220 ماركة TOTAL;450.14;https://hawarastore.com/wp-content/uploads/2025/08/TIGACDC2001.png;no
TIGACDC20068;طرنس لحام 200 امبير MMA-TIG-AC/ DC VOLT 220 ماركة TOTAL;444.61;;no
TIRLI12015;فرد شد بطارية 1/4 انش-12 فولت رجاج لشد الجوز (هنكار) 100 نيوتن + بطارية عدد 2 TYPE-C + اكسسوارات ضمن حقيبة بلاستيك TOTAL;35.28;https://hawarastore.com/wp-content/uploads/2025/08/TIRLI12015.png;yes
TIRLI2002;فرد شد بطارية 20 فولت 1/4 انش 170 نيوتن BL رجاج بطاريتين 2 A حقيبة قماش مع راس شد عدد 2 و 3 جوز هنغار TOTAL;98.61;https://hawarastore.com/wp-content/uploads/2025/08/TIRLI2002.png;no
TIRLI2023;فرد شد بطارية 1/4 انش 20 فولت 230نيوتن BL + بطارية 2 امبير عدد 2 + شاحن + اكسسوارات ضمن حقيبة بلاستيك TOTAL;61.71;https://hawarastore.com/wp-content/uploads/2026/02/TIRLI2023.png;yes
TIRLI2028;فرد شد بطارية 20 فولت 1/4 انش 285 نيوتن مع بطارية عدد 2 وشاحن بدون فحمات مع ملحقات وحقيبة بلاستيك ماركة TOTAL;69.31;https://hawarastore.com/wp-content/uploads/2025/08/TIRLI2028.png;yes
TIRLIE2001;فرد شد بطارية 20 فولت 1/4 انش BL 1/4 انش سرعتين اشد عزم 170 نيوتن بدون بطارية وشاحن TOTAL;20.46;https://hawarastore.com/wp-content/uploads/2024/05/TIRLIE2001.png;yes
TIUCC01;كبل شاحن TYPE-C// USB طول 1 متر ماركة TOTAL;0.47;https://hawarastore.com/wp-content/uploads/2025/08/TIUCC01.png;yes
TIUCC02;كبل شاحن USB type-C to type-C حديث طول 1 متر 3 امبير ماركة TOTAL;0.58;https://hawarastore.com/wp-content/uploads/2025/08/TIUCC02.png;yes
TIW10101;فرد شد جوز 1050 واط كومجي TOTAL(( صناعي ));67.46;https://hawarastore.com/wp-content/uploads/2025/08/TIW10101.png;no
TIWLI2001;فرد شد بطارية 20 فولت 1/2 انش نيوتن BL بطاريتين A + حقيبة قماش+جوزه17+19+21 (( صناعي ));84.31;https://hawarastore.com/wp-content/uploads/2025/08/TIWLI2001.png;no
TIWLI20105;فرد شد بطارية 20 فولت 3/4 انش 1050نيوتن BL + بطارية 5 امبير عدد 2 + شاحن مجموعة جوز ضمن حقيبة بلاستيك TOTAL;146.73;;no
TIWLI201056;فرد شد بطارية 20 فولت 3/4 انش 1050نيوتن BL + بطارية 5 امبير عدد 2 + شاحن 4 امبير  ضمن حقيبة بلاستيك TOTAL;136.93;;no
TIWLI20135;فرد شد بطارية 20 فولت 3/4 انش 1350 نيوتن BL + بطارية 5 امبير عدد 2 + شاحن 4 امبير + مجموعة جوز ضمن حقيبة بلاستيك TOTAL;202.72;https://hawarastore.com/wp-content/uploads/2025/08/TIWLI20135.png;yes
TIWLI201356;فرد شد بطارية 20 فولت 3/4 انش 1350 نيوتن BL + بطارية 5 امبير عدد 2 + شاحن 4 امبير ضمن حقيبة بلاستيك TOTAL موديل حديث;190.02;;no
TIWLI20175;فرد شد بطارية 20 فولت 3/4 انش 1750نيوتن BL + بطارية 8 امبير عدد 2 + شاحن + مجموعة جوز ضمن حقيبة بلاستيك TOTAL;250.73;https://hawarastore.com/wp-content/uploads/2025/08/TIWLI20175.png;yes
TIWLI20208;فرد شد بطارية 20 فولت 1/2 +1/4 انش 220 نيوتن BL بطاريتين 2 A + حقيبة قماش +3 جوز (( صناعي ));76.02;https://hawarastore.com/wp-content/uploads/2024/05/TIWLI20208.png;no
TIWLI20236;فرد شد بطارية 1/4+1/2 انش 20 فولت 230نيوتن BL + بطارية 2 امبير عدد 2 + شاحن + ثلاث جوز ضمن حقيبة بلاستيك TOTAL;69.43;;no
TIWLI2035;فرد شد بطارية 20 فولت 1/2 انش 350 نيوتن بدون فحمات مع بطاريتين 2 امبير وشاحن ضمن حقيبة بلاستيك ماركة TOTAL;61.78;https://hawarastore.com/wp-content/uploads/2025/08/TIWLI2035.png;no
TIWLI2038;فرد شد بطارية 20 فولت 1/2 انش 300 نيوتن BL بطاريتين 2 A + حقيبة بلاستيك +جوز19+21 (( صناعي ));60.66;https://hawarastore.com/wp-content/uploads/2024/10/TIWLI2038.png;no
TIWLI2040;فرد شد بطارية 20 فولت 1/2 انش 400 نيوتن BL بطاريتين 2 امبير + جوز 17-19-21 + حقيبة بلاستيك ماركة TOTAL;69.39;https://hawarastore.com/wp-content/uploads/2024/10/TIWLI2040.png;no
TIWLI2045;فرد شد بطارية 20 فولت 1/2 انش 405 نيوتن BL +بطارية 2 امبير عدد 2 + شاحن +اكسسوارت ضمن حقيبة بلاستيك TOTAL;62.67;;no
TIWLI20451;فرد شد بطارية 20 فولت 1/2 انش 405 نيوتن BL + اكسسوارات بدون بطارية وشاحن TOTAL;32.39;;no
TIWLI20455;فرد شد بطارية 20 فولت 1/2 انش 405 نيوتن BL + بطارية 2 امبير +شاحن + اكسسوارات TOTAL;44.16;;no
TIWLI2050;فرد شد بطارية 20 فولت 1/2 انش 500 نيوتن BL بطاريتين 4 A + شاحن +جوز 21-22-24 +حقيبة بلاستيك ماركة TOTAL;92.51;https://hawarastore.com/wp-content/uploads/2025/08/TIWLI2050.png;no
TIWLI2055;فرد شد 1/2 انش 550 نيوتن BL مع بطاريتين 4 امبير و شاحن مع اكسسوارات ضمن حقيبة بلاستيك TOTAL;86.78;;no
TIWLI20551;فرد شد بطارية 20 فولت 1/2 انش 550 نيوتن BL + اكسسوارات فنجان قياس (21-22-24) بدون بطارية وشاحن ماركة TOTAL;40.5;;no
TIWLI2065;فرد شد 1/2 انش بطارية 20 فولت 650 نيوتن BL + بطارية 4 امبيرعدد 2 + شاحن 4 امبير+اكسسوارات ضمن حقيبة بلاستيك TOTAL;101.24;;no
TIWLI2085;فرد شد بطارية 20 فولت 1/2 انش 850 نيوتن BL بطاريتين 4 A + شاحن +جوز 22+24+27+ حقيبة بلاستيك ماركة TOTAL;120.13;https://hawarastore.com/wp-content/uploads/2025/08/TIWLI2085.png;no
TIWLI20851;فرد شد بطارية 20 فولت 1/2 انش 850 نيوتن BL + اكسسوارات بدون بطارية و شاحن TOTAL;72.08;;no
TIWLI42461;فرد شد بطارية 1/2 انش 42 فولت 460 نيوتن BL + بطارية 2 امبير + شاحن+ اكسسوارات ضمن حقيبة بلاستيك TOTAL;76.17;https://hawarastore.com/wp-content/uploads/2025/08/TIWLI42461.png;yes
TIWLI42462;فرد شد بطارية 42 فولت رجاج 460 نيوتن BL + بطارية 2 امبير عدد 2 +شاحن + اكسسوارات ضمن حقيبة بلاستيك TOTAL;89.99;https://hawarastore.com/wp-content/uploads/2026/03/TIWLI42462-931x1024.png;yes
TIWLI42602;فرد شد بطارية 1/2 انش 42 فولت 600 نيوتن BL + بطارية 2 امبير عدد 2 + شاحن + اكسسوارات ضمن حقيبة بلاستيك TOTAL;103.18;https://hawarastore.com/wp-content/uploads/2025/10/TIWLI42602.jpg;yes
TIWLIE2001;فرد شد بطارية 20 فولت 1/2 انش 300 نيوتن BL مع جوز 21+19+17 TOTAL موديل E;35.07;https://hawarastore.com/wp-content/uploads/2024/05/TIWLIE2001.png;yes
TJCTC2282.L;جاكيت مع قبعة قياس L ماركة TOTAL;18.64;https://hawarastore.com/wp-content/uploads/2025/08/TJCTC2282.L.png;no
TJCTC2282.XL;جاكيت مع قبعة قياس XL ماركة TOTAL;18.64;https://hawarastore.com/wp-content/uploads/2024/05/TJCTC2282.XXL_-2.png;yes
TJCTC2282.XXL;جاكيت مع قبعة قياس XXL ماركة TOTAL;18.64;https://hawarastore.com/wp-content/uploads/2024/05/TJCTC2282.XXL_.png;yes
TJPR15001;رابوب كهربائي 1500 واط عرض 27 سم لزوم نجارين صناعي TOTAL حديث;181.09;https://hawarastore.com/wp-content/uploads/2025/08/TJPR15001.png;no
TJRLI2001;راديو بطارية 20 فولت مع بلوتوث بدون شاحن وبطارية TOTAL;34.62;https://hawarastore.com/wp-content/uploads/2025/08/TJRLI2001.png;yes
TJSLI1008;خراقة بطارية 20 فولت BL خشب + 5 نصلات بدون بطارية وشاحن TOTAL;45.8;https://hawarastore.com/wp-content/uploads/2025/08/TJSLI1008.png;no
TJSLI6508;خراقة بطارية 20 فولت يد ABS بدون بطارية وشاحن ماركة TOTAL;30.41;https://hawarastore.com/wp-content/uploads/2024/03/TJSLI6508.png;no
TJSLI65081;خراقة بطارية 20 فولت يد ABS مع بطارية 2 امبير وشاحن ماركة TOTAL;0;;no
TJSLI8501;خراقة بطارية 20 فولت يد كوشوك بدون بطارية وشاحن مع 5 نصلات TOTAL( صناعي );42.41;https://hawarastore.com/wp-content/uploads/2024/05/TJSLI8501.png;no
TKETS0111;حقيبة عدة قماشية 11 قطعة الكترونية ماركة TOTAL;13.62;https://hawarastore.com/wp-content/uploads/2025/08/TKETS0111.png;yes
TKETS0261;حقيبة عدة يدوية 26 قطع قماش ماركة TOTAL;40.21;https://hawarastore.com/wp-content/uploads/2025/08/TKETS0261.png;yes
TKSDS0226;طقم مفكات براغي شق + مصالب قياس 6*125 قطعتين S2 ماركة TOTAL;1.61;https://hawarastore.com/wp-content/uploads/2025/05/TKSDS0226.png;yes
TKSDS0626;طقم مفكات 6 قطع مفكات S2 شق + مصالب ماركة TOTAL;4.09;https://hawarastore.com/wp-content/uploads/2025/05/TKSDS0626.png;yes
TKSDS0826;طقم مفكات S2 - عدد 8 قطع ماركة TOTAL;5;https://hawarastore.com/wp-content/uploads/2025/08/TKSDS0826.png;no
TKSDS0836;طقم مفكات براغي شق + مصالب 8 قطع ( 6 عادي + 2 معزول ) TOTAL;5.71;https://hawarastore.com/wp-content/uploads/2026/02/TKSDS0836.png;yes
TKSDS0846;طقم مفكات شق + مصالب 8 قطع (S2) من TOTAL;4.65;https://hawarastore.com/wp-content/uploads/2026/02/TKSDS0846.png;yes
TKSDS2226;طقم مفكات قطعتين انجاصة عادي ومصالب صناعي ماركة TOTAL S2;1.13;https://hawarastore.com/wp-content/uploads/2025/05/TKSDS2226.png;no
TKSDS2726;طقم مفكات 27 قطعة ماركة TOTAL;5.63;https://hawarastore.com/wp-content/uploads/2025/08/TKSDS2726.png;yes
TKTTSK0132;حقيبة عدة قماشية تحتوي 13 قطعة لاعمال الالكترونيات TOTAL;15.27;https://hawarastore.com/wp-content/uploads/2025/08/TKTTSK0132.png;yes
TKTTSK0162;حقيبة عدة يدوية 16 قطعة قماش لاعمال الالكترونيات ماركة TOTAL;13.41;https://hawarastore.com/wp-content/uploads/2025/08/TKTTSK0162.png;no
TKTTSK0512;حقيبة عدة قماشية51 قطعة لزوم اعمال الكترونيات افومتر + طقم مفكات متعدد القياسات + عدد يدوية دقيقة TOTAL;52.75;https://hawarastore.com/wp-content/uploads/2025/08/TKTTSK0512.png;yes
TL1108236;فارة كهربائية خشب موديل بوش 1050 واط 3×23 مم TOTAL;51.56;https://hawarastore.com/wp-content/uploads/2025/08/TL1108236.png;no
TL5508216;فارة كهربائية خشب 550 واط موديل ماكيتا ماركة TOTAL;28.06;https://hawarastore.com/wp-content/uploads/2024/07/TL5508216.png;no
TL7508226;فارة كهربائية 750 واط موديل ماكيتا ماركة TOTAL;41.13;https://hawarastore.com/wp-content/uploads/2025/08/TL7508226.png;no
TLASWT0601;طقم جوز 6 قطع حرف L صناعي ماركة TOTAL;8.69;https://hawarastore.com/wp-content/uploads/2025/08/TLASWT0601.png;no
TLASWT0901;طقم جوز 9 قطع حرف L حديث ماركة TOTAL;15.37;https://hawarastore.com/wp-content/uploads/2025/08/TLASWT0901.png;yes
TLFL3301;بنجكتور 220 فولت 30 واط ماركة TOTAL;10.6;https://hawarastore.com/wp-content/uploads/2025/08/TLFL3301.png;no
TLFL3501;بنجكتور 220 فولت 50 واط ماركة TOTAL;12.22;https://hawarastore.com/wp-content/uploads/2025/08/TLFL3501.png;no
TLH116102;رافعة بناء 1600 واط حبل واحد 500 كغ طول 18 م حبل دبل 999 كغ طول 9م TOTAL;288.83;https://hawarastore.com/wp-content/uploads/2025/08/TLH116102.png;no
TLH1952;رافعة بناء 900 واط حبل واحد 250 كغ طول 18 م حبل دبل 500 كغ طول 9 م TOTAL;112.94;https://hawarastore.com/wp-content/uploads/2024/05/TLH1952.png;no
TLK31321;قفل سطل حديد 32مم جوزة نحاس وزن 95 غرام نوع TOTAL;0.85;https://hawarastore.com/wp-content/uploads/2025/08/TLK31321.png;yes
TLK31381;قفل سطل حديد 38مم جوزة نحاس وزن 146 غرام نوع TOTAL;1.06;https://hawarastore.com/wp-content/uploads/2025/08/TLK31381.png;yes
TLK31501;قفل سطل حديد 50مم جوزة نحاس وزن 289 غرام نوع TOTAL;1.6;https://hawarastore.com/wp-content/uploads/2025/08/TLK31501.png;yes
TLK31631;قفل سطل حديد 63مم جوزة نحاس وزن 508 غرام نوع TOTAL;2.28;https://hawarastore.com/wp-content/uploads/2025/08/TLK31631.png;no
TLK31751;قفل سطل حديد 75مم جوزة نحاس وزن 714 غرام نوع TOTAL;3.3;https://hawarastore.com/wp-content/uploads/2025/08/TLK31751.png;no
TLK32202;قفل سطل نحاسي ثقيل 2 سم وزن 40 غرام مع 3 مفاتيح ((صناعي )) TOTAL;1.14;https://hawarastore.com/wp-content/uploads/2025/08/TLK32202.png;yes
TLK32302;قفل سطل نحاسي ثقيل 3 سم وزن 84 غرام مع 3 مفاتيح ((صناعي )) TOTAL;2.24;https://hawarastore.com/wp-content/uploads/2025/08/TLK32302.png;yes
TLK32402;قفل سطل نحاسي ثقيل 4 سم وزن 142غرام مع 3 مفاتيح ((صناعي )) TOTAL;3.26;https://hawarastore.com/wp-content/uploads/2025/08/TLK32402.png;yes
TLK32502;قفل سطل نحاسي ثقيل 5سم وزن 270غرام مع 3 مفاتيح ((صناعي )) TOTAL;5.09;https://hawarastore.com/wp-content/uploads/2025/08/TLK32502.png;yes
TLK32602;قفل سطل نحاسي ثقيل 6سم وزن 385غرام مع 3 مفاتيح ((صناعي )) TOTAL;6.56;https://hawarastore.com/wp-content/uploads/2025/08/TLK32602.png;no
TLK32603;قفل نحاسي مستطيل ثقيل 60 مم وزن 234 غرام مع 3 مفاتيح ((صناعي )) TOTAL;6;https://hawarastore.com/wp-content/uploads/2025/08/TLK32603.png;no
TLK32702;قفل سطل نحاسي ثقيل 7سم وزن 542غرام مع 3 مفاتيح ((صناعي )) TOTAL;8.18;https://hawarastore.com/wp-content/uploads/2025/08/TLK32702.png;yes
TLK32703;قفل نحاسي مستطيل ثقيل 70 مم وزن 411 غرام مع 3 مفاتيح ((صناعي )) TOTAL;7.71;https://hawarastore.com/wp-content/uploads/2025/08/TLK32703.png;yes
TLK32803;قفل نحاسي مستطيل ثقيل 80 مم وزن 568 غرام مع 3 مفاتيح ((صناعي )) TOTAL;9.84;https://hawarastore.com/wp-content/uploads/2024/05/TLK32803.png;no
TLK32903;قفل نحاسي مستطيل ثقيل 90 مم وزن 609 غرام مع 3 مفاتيح ((صناعي )) TOTAL;11.06;https://hawarastore.com/wp-content/uploads/2025/08/TLK32903.png;yes
TLL156503;شقلة ليزر احمر خطين 18 م TOTAL حديث;33.55;https://hawarastore.com/wp-content/uploads/2025/08/TLL156503.png;yes
TLL156506;شقلة ليزر احمر من 0 الى 15 م ماركة TOTAL;32.35;https://hawarastore.com/wp-content/uploads/2025/08/TLL156506.png;no
TLL156601;شقلة ليزر اخضر خطين 35 متر TOTAL;41.41;https://hawarastore.com/wp-content/uploads/2025/05/TLL156601.png;yes
TLL255245;شقلة ليزر اخضر 360×30 بطارية ليثيوم 4000 م امبير صناعي TOTAL;224.04;https://hawarastore.com/wp-content/uploads/2024/05/TLL255245.png;no
TLL255267;شقلة ليزر اخضر 360 درجة 12 خط من 0 - 30 م بطارية ليثيوم 5000 م امبير مع قاعدة وملحقات صناعي TOTAL;96.53;https://hawarastore.com/wp-content/uploads/2025/08/TLL255267.png;no
TLL301201;شقلة ليزر اخضر 16 فولت 12 خط مدى 35 متر + بطارية وشاحن سريع ضمن حقيبة بلاستيك TOTAL;96.53;https://hawarastore.com/wp-content/uploads/2025/08/TLL301201.png;no
TLL305205;شقلة ليزر اخضر 5 خطوط 30 متر صمن علبة بلاستيك TOTAL;115.35;https://hawarastore.com/wp-content/uploads/2025/08/TLL305205.png;no
TLL306502;شقلة ليزر اخضر 5 خطوط 35 متر TOTAL;55;;no
TLL306505;شقلة ليزر احمر 5 خطوط 30 متر صناعي TOTAL حديث;82.76;https://hawarastore.com/wp-content/uploads/2025/08/TLL306505.png;no
TLL680081-1;كومبو شقلة ليزر اخضر خطين 35 متر + متر 5*32 ضمن حقيبة بلاستيك TOTAL;35.71;https://hawarastore.com/wp-content/uploads/2026/02/TLL680081-1.png;yes
TLLT01152;حامل شقلة ليزر ارتفاع 1.2 متر TOTAL;15.76;https://hawarastore.com/wp-content/uploads/2024/05/TLLT01152.png;no
TLLT01572;حامل شقلة ليزر ارتفاع 1.5 متر TOTAL;17.14;;no
TLLT01581;حامل شقلة ليزر ارتفاع 1.5 متر TOTAL مع ساعد;18.93;;no
TLMLI2014;قصاصة عشب عرباية بطارية 40 فولت 14 إنش BL بدون بطارية وشاحن TOTAL;87.85;https://hawarastore.com/wp-content/uploads/2025/08/TLMLI2014.png;yes
TLMLI2018;قصاصة عشب عرباية بطارية 40 فولت 18 إنش BL بدون بطارية وشاحن موديل قديم ماركة TOTAL;234.9;https://hawarastore.com/wp-content/uploads/2025/08/TLMLI2018.png;yes
TLMLI20182;قصاصة عشب بطارية 40 فولت 18 إنش BL + بطارية 5 امبير عدد 2 + شاحن مزدوج TOTAL;334.49;https://hawarastore.com/wp-content/uploads/2025/05/TLMLI20182.jpg;no
TLMLI20185;قصاصة عشب عرباية بطارية 40 فولت 18 إنش BL بدون بطارية وشاحن TOTAL حديث;210.11;https://hawarastore.com/wp-content/uploads/2025/08/TLMLI20185.png;yes
TLMLI20186;قصاصة عشب عرباية بطارية 40 فولت 18 إنش BL + بطارية 5 امبير عدد 2 + شاحن ثنائي TOTAL حديث;277.66;https://hawarastore.com/wp-content/uploads/2025/08/TLMLI20186.png;yes
TLMLI20202;قصاصة عشب بطارية 40 فولت 20 إنش BL+ بطارية 5 امبير عدد 2 + شاحن مزدوج TOTAL;358.14;https://hawarastore.com/wp-content/uploads/2025/05/TLMLI20202.jpg;no
TLMLI4020;قصاصة عشب عرباية بطارية 40 فولت 20 إنش BL بدون بطارية و شاحن TOTAL حديث;227.37;https://hawarastore.com/wp-content/uploads/2025/08/TLMLI4020.png;yes
TLP20202;مصباح بنجكتور LED محمول 220 فولت 20 واط TOTAL;15.94;https://sp-ao.shortpixel.ai/client/to_webp,q_glossy,ret_img/https://hawarastore.com/wp-content/uploads/woocommerce-placeholder-600x600.png;no
TLPAC051;لمبة ليد تشيب 5 واط ماركة TOTAL;0.94;https://hawarastore.com/wp-content/uploads/2025/05/TLPAC051-878x1024.png;no
TLPAC091;لمبة ليد تشيب 9 واط ماركة TOTAL;0.91;https://sp-ao.shortpixel.ai/client/to_webp,q_glossy,ret_img/https://hawarastore.com/wp-content/uploads/woocommerce-placeholder-600x600.png;no
TLPAC141;لمبة ليد تشيب 14 واط ماركة TOTAL;1.44;https://hawarastore.com/wp-content/uploads/2025/05/TLPAC141.png;no
TLPACD3201T;لمبة ليد تشيب 20 واط ماركة TOTAL;2.13;https://hawarastore.com/wp-content/uploads/2024/03/TLPACD3201T.png;no
TLPACD3301T;لمبة ليد تشيب 30 واط ماركة TOTAL;3.25;https://hawarastore.com/wp-content/uploads/2025/05/TLPACD3301T.png;no
TLRL30051;شقلة ليزر اخضر داخلي 50 م خارجي 300 م جهاز تحكم عن بعد 360 درجة ضد المطر IP65 صناعي TOTAL;542.92;https://hawarastore.com/wp-content/uploads/2025/08/TLRL30051.png;no
TLT5001;روتر خشب 500 واط 1/4×6 مم TOTAL (( صناعي ));37.36;https://hawarastore.com/wp-content/uploads/2025/08/TLT5001.png;no
TLT6001;روتر خشب 600 واط موديل حديث صناعي TOTAL;33.94;https://hawarastore.com/wp-content/uploads/2024/05/TLT6001.png;yes
TMFP402;علبة صابون مغسل 400 ملم ماركة TOTAL;3.15;https://hawarastore.com/wp-content/uploads/2024/05/TMFP402.png;no
TMFS7501;قصاصة 750 واط خشب وباطون مع 2 دسك هدية ماركة TOTAL;55.64;https://hawarastore.com/wp-content/uploads/2025/08/TMFS7501.png;no
TMGLI0801;جلخ محوري بطارية 8 فولط 3.2 مم + علبة اكسسوارات ضمن حقيبة قماشية ماركة TOTAL;23.66;;no
TMGLI12011;جلخ محوري بطارية 12 فولت + اكسسوارات + ضمن حقيبة قماشية TOTAL;35.64;https://hawarastore.com/wp-content/uploads/2025/08/TMGLI12011.png;yes
TMGLI20011;جلخ بطارية 20 فولت محوري مع قاعدة 33,000 دورة مع بطارية 20 فولت وشاحن + اكسسوار 40 قطعة حديث ماركة TOTAL;52.37;https://hawarastore.com/wp-content/uploads/2025/08/TMGLI20011.png;yes
TMGT1601;طرنس لحام 160 امبير MAG / MIG - MMA/ TIG ماركة TOTAL;235.03;https://hawarastore.com/wp-content/uploads/2025/08/TMGT1601.png;no
TMGT16058;طرنس لحام 160 امبير MAG / MIG - MMA/ LIFT TIG ماركة TOTAL;192.84;;no
TMGT20058;طرنس لحام 200 امبير MAG / MIG - MMA/ LIFT TIG ماركة TOTAL;242.84;;no
TMHSB1501;مجموعة نصلات منشار 10 قطع لزوم منشار THMHF1501 THMHF1503 ماركة TOTAL;1.52;https://hawarastore.com/wp-content/uploads/2024/05/TMHSB1501.png;yes
TMLI16222;جهاز ترددي متعدد الوظائف بطارية 16 فولت + بطارية 2 امبير عدد 2 + شاحن + مجموعة اكسسوارات ضمن حقيبة بلاستيك TOTAL;46.08;https://hawarastore.com/wp-content/uploads/2025/08/TMLI16222.png;yes
TMLI2001;جهاز بطارية 20 فولت ترددي متعدد الوظائف مع اكسسوارات بدون بطارية وشاحن TOTAL;24.66;https://hawarastore.com/wp-content/uploads/2024/05/TMLI2001.png;no
TMLI2022;جهاز بطارية 20 فولت ترددي متعدد الوظائف بدون بطارية وشاحن مع اكسسوار ماركة TOTAL;19.42;https://hawarastore.com/wp-content/uploads/2025/08/TMLI20228.png;no
TMLI20221;جهاز بطارية 20 فولت ترددي متعدد الوظائف بطارية 2 امبير + شاحن ماركة TOTAL;38.69;https://hawarastore.com/wp-content/uploads/2024/05/TMLI20221.png;no
TMLI20228;جهاز بطارية 20 فولت ترددي متعدد الوظائف بطارية 2 امبير + شاحن + اكسسوار + حقيبة بلاستيك ماركة TOTAL;42.33;https://hawarastore.com/wp-content/uploads/2025/08/TMLI20228.png;no
TMPC4468P;بانسة مكبس جكة كبل شبكة RJ + هاتف ماركة TOTAL;3.23;https://hawarastore.com/wp-content/uploads/2024/05/TMPC4468P.png;yes
TMPCN5468R;بانسة مكبس جكة كبل شبكة RJ قياس 8 انش 4P-6P-8P توفير عزم ماركة TOTAL;3.91;https://hawarastore.com/wp-content/uploads/2025/08/TMPCN5468R.png;yes
TMPP3201;منفاخ إطارات يدوي مع ساعة PCI 160 قياس 580× 32 مع مسند للقدمين ماركة TOTAL;7.96;https://hawarastore.com/wp-content/uploads/2025/08/TMPP3201.png;yes
TMPP3811;منفاخ إطارات يدوي مع ساعة PCI 140 قياس 500× 38 ماركة TOTAL;5.88;https://hawarastore.com/wp-content/uploads/2025/08/TMPP3811.png;yes
TMPP4501;منفاخ إطارات يدوي قياس 500× 43 ماركة TOTAL;7.93;https://hawarastore.com/wp-content/uploads/2025/08/TMPP4501.png;no
TMPP5511;منفاخ إطارات عن طريق القدم ماركة TOTAL;7.77;https://hawarastore.com/wp-content/uploads/2024/05/TMPP5511.png;no
TMS2001;قصاصة خشب زاوية 20 فولت 21 سم بدون بطارية وشاحن ماركة TOTAL;93.32;https://hawarastore.com/wp-content/uploads/2024/05/TMS2001-1.png;no
TMS43183051;قصاصة خشب زاويه + سحابة 1800 واط مع طاولة علوية صناعي ماركة TOTAL دسك 30.5 سم;304.67;https://hawarastore.com/wp-content/uploads/2025/08/TMS43183051.png;no
TMSLI2021;قصاصة خشب زاوية بطارية 20 فولت قياس 210 مم BL +اكسسوارات بدون بطارية وشاحن TOTAL;86.78;https://hawarastore.com/wp-content/uploads/2026/02/TMSLI2021-878x1024.png;yes
TMSLI20212;قصاصة خشب بطارية 20 فولت 210 مم + بطارية 4 امبير عدد 2 + شاحن 4 امبير+اكسسوارت TOTAL;127.28;;no
TMT11206;ميزورة كوشوك شريط معدن طول 20 متر عرض 12.5 مم TOTAL;3.74;https://hawarastore.com/wp-content/uploads/2025/08/TMT11206.png;no
TMT11306;ميزورة كوشوك شريط معدن طول 30 متر عرض 12.5 مم TOTAL;5.11;https://hawarastore.com/wp-content/uploads/2025/08/TMT11306.png;no
TMT126031M;متر كوشوك قياس 3 متر عرض 16 مم وجهين TOTAL;0.88;https://hawarastore.com/wp-content/uploads/2025/08/TMT126031M.png;no
TMT126051M;متر كوشوك قياس 5 متر عرض 19مم وجهين TOTAL;1.31;https://hawarastore.com/wp-content/uploads/2025/08/TMT126051M.png;yes
TMT126052M;متر كوشوك قياس 5 متر عرض 25مم وجهين TOTAL;1.58;https://hawarastore.com/wp-content/uploads/2025/08/TMT126052M.png;yes
TMT126081;متر كوشوك قياس 8 متر عرض 25مم TOTAL;2.92;https://hawarastore.com/wp-content/uploads/2024/10/TMT126081.png;no
TMT126081M;متر كوشوك قياس 8 امتار عرض 25مم وجهين TOTAL;2.38;https://hawarastore.com/wp-content/uploads/2025/08/TMT126081M.png;yes
TMT126101M;متر كوشوك قياس 10 متر عرض 25مم وجهين TOTAL;2.95;https://hawarastore.com/wp-content/uploads/2025/08/TMT126101M.png;yes
TMT126231M;متر كوشوك قياس 3 متر عرض 16 مم فرام عكس وجهين TOTAL;1;https://hawarastore.com/wp-content/uploads/2025/08/TMT126231M.png;yes
TMT126251M;متر كوشوك قياس 5 متر عرض 19 مم فرام عكس وجهين TOTAL;1.44;https://hawarastore.com/wp-content/uploads/2025/08/TMT126251M.png;no
TMT126252M;متر كوشوك قياس 5 متر عرض 25 مم فرام عكس وجهين TOTAL;1.72;https://hawarastore.com/wp-content/uploads/2025/08/TMT126252M.png;no
TMT126331M;متر بلاستيك قياس 3 متر عرض 16 مم ABS ماركة TOTAL;0.61;https://hawarastore.com/wp-content/uploads/2024/05/TMT126331M.png;no
TMT126351M;متر بلاستيك قياس 5 متر عرض 19 مم ABS ماركة TOTAL;1.01;https://hawarastore.com/wp-content/uploads/2025/08/TMT126351M.png;no
TMT126352M;متر بلاستيك قياس 5 متر عرض 25 مم ABS ماركة TOTAL;1.18;https://hawarastore.com/wp-content/uploads/2025/08/TMT126352M.png;no
TMT126381M;متر بلاستيك قياس 8 متر عرض 25 مم ABS ماركة TOTAL;1.9;https://hawarastore.com/wp-content/uploads/2025/08/TMT126381M.png;no
TMT126651M;متر كوشوك قياس 5 متر عرض 19 مم وجهين ماركة TOTAL;1.32;https://hawarastore.com/wp-content/uploads/2025/08/TMT126651M.png;yes
TMT126652M;متر كوشوك قياس 5 متر عرض 25 مم وجهين ماركة TOTAL;2.37;https://hawarastore.com/wp-content/uploads/2025/08/TMT126652M.png;no
TMT126681M;متر كوشوك قياس 8 متر عرض 25 مم وجهين ماركة TOTAL;2.38;https://hawarastore.com/wp-content/uploads/2025/08/TMT126681M.png;no
TMT19923;ميزورة دولاب ديجتال 0-99999.9 صناعي دولاب كبير قطر 32 سم ماركة TOTAL;25.85;https://hawarastore.com/wp-content/uploads/2025/08/TMT19923.png;yes
TMT20105M;زيبق 10 سم سماكة 1.5 مم مع مغناطيس 96 غرام صناعي TOTAL;3.25;https://hawarastore.com/wp-content/uploads/2024/05/TMT20105M.png;no
TMT205101;زيبق طول 10 سم مع مغناطيس 80 غرام سماكة 1.5 مم حديث TOTAL;2.36;https://hawarastore.com/wp-content/uploads/2026/02/TMT205101.png;yes
TMT20605M;زيبق 60 سم مغناطيس TOTAL ((صناعي )) 498gr;7.41;https://hawarastore.com/wp-content/uploads/2024/05/TMT20605M.png;no
TMT20805M;زيبق 80 سم مغناطيس TOTAL ((صناعي ));10.77;https://hawarastore.com/wp-content/uploads/2025/08/TMT20805M.png;no
TMT210028;زيبق 100 سم مع فتحة للقياس صناعي 3 عيون سماكة 1.5 مم سوبر توتال TOTAL;8.6;https://sp-ao.shortpixel.ai/client/to_webp,q_glossy,ret_img/https://hawarastore.com/wp-content/uploads/woocommerce-placeholder-600x600.png;yes
TMT210036;زيبق 100 سم حديث TOTAL عينتين وزن340 غرام;4.03;https://hawarastore.com/wp-content/uploads/2025/08/TMT210036.png;yes
TMT21005M;زيبق 100 سم مغناطيس TOTAL ((صناعي ));12.53;https://hawarastore.com/wp-content/uploads/2024/05/TMT21505M.png;no
TMT21006;زيبق 100 سم مع فتحة للقياس 3 عيون TOTAL;8.53;https://hawarastore.com/wp-content/uploads/2024/05/TMT22006.png;no
TMT21206;زيبق 120 سم TOTAL ((صناعي ));9.91;https://hawarastore.com/wp-content/uploads/2024/05/TMT22006.png;no
TMT21505M;زيبق 150 سم مغناطيس TOTAL ((صناعي ));15.24;https://hawarastore.com/wp-content/uploads/2024/05/TMT21505M.png;no
TMT21506;زيبق 150 سم TOTAL ((صناعي ));11.52;https://hawarastore.com/wp-content/uploads/2024/05/TMT22006.png;no
TMT21806;زيبق 180 سم TOTAL ((صناعي ));13.63;https://hawarastore.com/wp-content/uploads/2024/05/TMT22006.png;no
TMT22006;زيبق 200 سم TOTAL ((صناعي ));14.92;https://hawarastore.com/wp-content/uploads/2024/05/TMT22006.png;no
TMT221306;زيبق 24.5 سم TOTAL;5.95;https://hawarastore.com/wp-content/uploads/2025/08/TMT221306.png;yes
TMT221406;زيبق 40 سم ثقيل مجهز للطرق وزن 450 غرام TOTAL ((صناعي ));7.14;https://hawarastore.com/wp-content/uploads/2025/05/TMT221406.png;yes
TMT221606;زيبق 60 سم ثقيل مجهز للطرق TOTAL وزن 790 غرام;7.92;https://hawarastore.com/wp-content/uploads/2024/05/TMT221606.png;no
TMT221806;زيبق 80 سم ثقيل مجهز للطرق ماركة TOTAL وزن 1000 غرام;13.33;https://hawarastore.com/wp-content/uploads/2025/08/TMT221806.png;no
TMT222606;مسطرة المنيوم طول 60 سم مع زيبق ويد TOTAL;4.29;https://hawarastore.com/wp-content/uploads/2025/08/TMT222606.png;yes
TMT2235;زيبق 22.5 سم سماكة مع مغناطيس TOTAL;1.2;https://hawarastore.com/wp-content/uploads/2025/08/TMT2235.png;no
TMT2267;زيبق 22.5 سم مغناطيس ماركة TOTAL سوبر سيليكت;1.3;https://hawarastore.com/wp-content/uploads/2024/05/TMT2267.png;no
TMT23016;زيبق 30 سم TOTAL;2.19;https://hawarastore.com/wp-content/uploads/2024/05/TMT23016.png;no
TMT23028;زيبق 30 سم سماكة 1.5 مم صناعي TOTAL;3.84;;no
TMT2306;زيبق 30 سم TOTAL ((صناعي ));4.34;https://hawarastore.com/wp-content/uploads/2025/05/TMT2306.png;no
TMT23086;زيبق 30 سم حديث موديل TOTAL;4.73;https://hawarastore.com/wp-content/uploads/2024/05/TMT23086.png;no
TMT24016;زيبق 40 سم حديث TOTAL وزن 176 غرام 3 عينات;2.32;https://hawarastore.com/wp-content/uploads/2024/05/TMT24016.png;no
TMT24028;زيبق 40 سم سماكة سماكة 1.5 مم صناعي TOTAL;4.37;https://hawarastore.com/wp-content/uploads/2026/02/TMT24028M.png;yes
TMT24028M;زيبق 40 سم مغناطيس سماكة 1.5 مم حديث TOTAL وزن 400 غرام;5.57;https://hawarastore.com/wp-content/uploads/2026/02/TMT24028M.png;yes
TMT24036;زيبق 40 سم سماكة 1 مم عينتين حديث TOTAL وزن 146 غرام;1.56;https://hawarastore.com/wp-content/uploads/2025/08/TMT24036.png;yes
TMT24056;زيبق 40 سم مغناطيس ثقيل جدا وزن 584 غرام TOTAL صناعي;13.62;https://hawarastore.com/wp-content/uploads/2025/08/TMT24056.png;no
TMT2406;زيبق 40 سم TOTAL ((صناعي )) وزن 338 غ;5;https://hawarastore.com/wp-content/uploads/2024/05/TMT2406.png;no
TMT24086;زيبق 40 سم 3 عيون صتاعي موديل حديث TOTAL وزن 364 غ;4.82;https://hawarastore.com/wp-content/uploads/2024/05/TMT24086.png;no
TMT24086M;زيبق 40 سم مغناطيس صناعي TOTAL وزن 400 غرام;7.35;https://hawarastore.com/wp-content/uploads/2024/05/TMT24086M.png;no
TMT26016;زيبق 60 سم حديث 3 عيون TOTAL F3 226gr;3.11;https://hawarastore.com/wp-content/uploads/2025/08/TMT26016.png;no
TMT26026;زيبق 60 سم مغناطيس سماكة 2 مم TOTAL وزن 446 غرام;5.03;https://hawarastore.com/wp-content/uploads/2024/05/TMT26026.png;yes
TMT26028;زيبق 60 سم سماكة 1.5 مم صناعي TOTAL;6.19;https://hawarastore.com/wp-content/uploads/2026/02/TMT26028.png;yes
TMT26028M;زيبق 60سم مغناطيس سماكة 1.5 مم حديث صناعي TOTAL وزن 400 غرام;8.01;;no
TMT26036;زيبق 60 سم سماكة 1 مم حديث ماركة TOTAL وزن 222 غرام;2.12;https://hawarastore.com/wp-content/uploads/2025/08/TMT26036.png;yes
TMT260523;كومبو 2 قطعة متر ليزري 85- 0.05 متر +أفومتر 600 ماركة TOTAL;19.64;;no
TMT26056;زيبق 60 سم مغناطيس دبل صناعي TOTAL 810gr;17.89;https://hawarastore.com/wp-content/uploads/2025/08/TMT26056.png;no
TMT2606;زيبق 60 سم TOTAL ((صناعي )) 466gr;7.32;https://hawarastore.com/wp-content/uploads/2024/05/TMT2606.png;no
TMT2606D;زيبق 60 سم ديجيتال سماكة 1.5 مم صناعي TOTAL وزن 464 غرام;31.8;https://hawarastore.com/wp-content/uploads/2025/08/TMT2606D.png;no
TMT26086;زيبق 60 سم صتاعي موديل حديث TOTAL 494gr;7.38;https://hawarastore.com/wp-content/uploads/2024/05/TMT26086.png;no
TMT26086M;زيبق 60 سم مغناطيس صتاعي موديل حديث TOTAL 536gr;8.33;https://hawarastore.com/wp-content/uploads/2024/05/TMT26086M.png;no
TMT28056;زيبق 80 سم مغناطيس صناعي ماركة TOTAL;21.56;https://hawarastore.com/wp-content/uploads/2025/08/TMT28056.png;yes
TMT2806;زيبق 80 سم TOTAL ((صناعي ));7.92;https://hawarastore.com/wp-content/uploads/2025/08/TMT2806.png;no
TMT30851;اسلاك كلبس و افو متر 600 فولت TOTAL;1.43;https://hawarastore.com/wp-content/uploads/2025/08/TMT30851.png;no
TMT31001;اسلاك كلبس و افو متر 1000 فولت طول 100 سم TOTAL;1.74;https://hawarastore.com/wp-content/uploads/2025/08/TMT31001.png;no
TMT311501;بياكوليس كبس مع ذيل 15 سم ضمن علبة بلاستيك TOTAL;7.44;https://hawarastore.com/wp-content/uploads/2025/08/TMT311501.png;no
TMT312001;بياكوليس كبس مع ذيل 20 سم ضمن علبة بلاستيك TOTAL;9.92;https://hawarastore.com/wp-content/uploads/2025/08/TMT312001.png;yes
TMT321501;بياكوليس الكتروني 15 سم - ملم / انش TOTAL;11.5;https://hawarastore.com/wp-content/uploads/2025/08/TMT321501.png;no
TMT321506;بياكوليس الكتروني 15 سم - 150 ملم /6 انش TOTAL حديث;9.69;;no
TMT322001;بياكوليس الكتروني 20 سم - ملم / انش TOTAL;18.23;https://hawarastore.com/wp-content/uploads/2024/05/TMT322001.png;yes
TMT331501;بياكوليس الكتروني 15 سم - ملم / انش بلاستيك TOTAL;4.32;https://hawarastore.com/wp-content/uploads/2025/08/TMT331501.png;no
TMT332501;ميكرومتر عمق الكتروني ماركة TOTAL;4.89;https://hawarastore.com/wp-content/uploads/2025/08/TMT332501.png;yes
TMT333601;مسطرة ستانلس ستيل زاوية رقمية طول 20 سم 180 درجة ماركة TOTAL;10.68;https://hawarastore.com/wp-content/uploads/2025/08/TMT333601.png;no
TMT34316M;متر بلاستيك قياس 3 متر عرض 16 مم ABS وجهين سوبر سيليكت TOTAL;0.61;https://hawarastore.com/wp-content/uploads/2025/08/TMT34316M.png;no
TMT34519M;متر بلاستيك قياس 5 متر عرض 19 مم ABS وجهين سوبر سيليكت TOTAL;1.02;https://hawarastore.com/wp-content/uploads/2025/08/TMT34519M.png;yes
TMT34525M;متر بلاستيك قياس 5 متر عرض 25 مم ABS وجهين سوبر سيليكت TOTAL;1.17;https://hawarastore.com/wp-content/uploads/2025/08/TMT34525M.png;yes
TMT34825M;متر بلاستيك قياس 8 متر عرض 25 مم ABS وجهين سوبر سيليكت TOTAL;1.89;https://hawarastore.com/wp-content/uploads/2025/08/TMT34825M.png;yes
TMT410002;كلبس امبير 1000 امبير 750 فولت ماركة TOTAL;43.04;https://hawarastore.com/wp-content/uploads/2024/05/TMT410002.png;no
TMT4100041;كلبس امبير 1000 امبير 750 فولت بطاريات عادية صناعي ماركة TOTAL سوبر سيليكت;28.38;https://hawarastore.com/wp-content/uploads/2024/05/TMT4100041.png;no
TMT4100051;كلبس امبير 1000 امبير AC/DC ماركة TOTAL;33.45;https://hawarastore.com/wp-content/uploads/2025/08/TMT4100051.png;no
TMT42002;كلبس امبير 200 امبير مع فولت ومقاومة TOTAL;10.57;https://hawarastore.com/wp-content/uploads/2024/05/TMT42002.png;no
TMT422;اسلاك كلبس و افومتر طول 11.7 سم لزوم TMT46001 ماركة TOTAL;1.92;https://hawarastore.com/wp-content/uploads/2024/05/TMT422.png;no
TMT423;اسلاك كلبس و افومتر طول 14.3 سم لزوم TMT410002 ماركة TOTAL;2.27;https://hawarastore.com/wp-content/uploads/2025/08/TMT423.png;yes
TMT426;مجموعة اشرطة وكليبسات فحص مع ملاقط صناعية TOTAL;7.17;https://hawarastore.com/wp-content/uploads/2025/08/TMT426.png;yes
TMT43028;مجموعة فحص 3 قطع مهنة كهربائي بانسة كليبس 200 امبير + افومتر مع اسلاك + قلم فحص ضوء وصوت حديث TOTAL;14.79;https://hawarastore.com/wp-content/uploads/2025/08/TMT43028.png;yes
TMT460002;افومتر ديجتال 600 فولت مقاومة +AC+DC + هرتز NCV + زمور ماركة TOTAL;11.81;https://hawarastore.com/wp-content/uploads/2025/08/TMT460002.png;no
TMT46001;افومتر 2000 عملية صغير 600 فولت TOTAL شاشة LCD;10.68;https://hawarastore.com/wp-content/uploads/2025/08/TMT460013.png;yes
TMT460011;افو متر ديجتال فولت + مقاومة ماركة TOTAL;4.99;https://hawarastore.com/wp-content/uploads/2025/08/TMT460011.png;yes
TMT460012;افو متر DC - AC مقاومة ماركة TOTAL;7.88;https://hawarastore.com/wp-content/uploads/2025/08/TMT460012.png;no
TMT460013;افومتر ديجتال 600 فولت AC و 600 فولت DC مقاومة + مكثف ماركة TOTAL;30.31;https://hawarastore.com/wp-content/uploads/2025/08/TMT460013.png;no
TMT46002;كلبس امبير 600 امبير600 فولت AC/DC ماركة TOTAL بطاريات عادية;17.38;https://hawarastore.com/wp-content/uploads/2025/05/TMT46002.jpg;no
TMT46003;كلبس امبير 600 امبير 600 فولت ماركة TOTAL بطاريات عادية;20.39;https://hawarastore.com/wp-content/uploads/2025/08/TMT46003.png;no
TMT46004;كلبس امبير 600 امبير AC/DC مقياس مكثف و مقاومة و حرارة صناعي TOTAL;29.6;https://hawarastore.com/wp-content/uploads/2024/05/TMT46004.png;no
TMT47502;افومتر كبير DC1000 v - AC750 v - TOTAL -ميغا اوم 0.6-60 -امبير 10 dc-ac;19.79;https://hawarastore.com/wp-content/uploads/2024/05/TMT47502-1.png;no
TMT47503;افومتر كبير DC8 -ACV-DCV -ACA مكثفات - مقاومة هيرتز - TOTAL;18.04;https://hawarastore.com/wp-content/uploads/2024/05/TMT47503.png;no
TMT47504;افو متر 1000 فولت DC ماركة TOTAL اتوماتيك;19.44;https://hawarastore.com/wp-content/uploads/2024/05/TMT47504.png;no
TMT475052;افو متر ديجتال فولت + امبير + مقاومة موديل حديث ماركة TOTAL;31.05;https://hawarastore.com/wp-content/uploads/2025/08/TMT475052.png;yes
TMT51036;متر ليزر احمر 100- 0.05 متر سماح ± 2 مم ماركة TOTAL;21.39;https://hawarastore.com/wp-content/uploads/2025/08/TMT51036.png;no
TMT510369;متر ليزري 110- 0.05 متر سماح ± 2 مم ماركة TOTAL;21.43;;no
TMT5110004;افو متر ديجتال رقمي اتومتيك 9999 عملية - مقومة + مكثفات + هرتز ماركة TOTAL;30.12;https://hawarastore.com/wp-content/uploads/2025/08/TMT5110004.png;yes
TMT516003;افومتر 600 فولت AC/DC مقاومة 40 ميغا اوم 4000 عملية ماركة TOTAL;6.09;https://hawarastore.com/wp-content/uploads/2026/05/TMT516003.png;yes
TMT516004;افو متر ديجتال 600 فولت رقمي 6000 عملية - مقاومة + مكثفات + هرتز ماركة TOTAL;18.64;https://hawarastore.com/wp-content/uploads/2025/08/TMT516004.png;yes
TMT53055;متر ليزر احمر 35 - 0.02 متر ماركة TOTAL;8.75;;no
TMT5310002;افو متر ديجتال 6000 عملية 1000 فولت - مقاومة + مكثفات + هرتز ماركة TOTAL;18.35;https://hawarastore.com/wp-content/uploads/2025/08/TMT5310002.png;yes
TMT5310004;افو متر ديجتال 6000 عملية اتوماتيك 1000 فولت - مقومة + مكثفات + هرتز ماركة TOTAL;21.65;https://hawarastore.com/wp-content/uploads/2025/08/TMT5310004.png;yes
TMT5360011;افو متر 2000 عملية 600 فولت AC / DC مع مقاومة مع امبير ماركة TOTAL (صناعي);5.7;https://hawarastore.com/wp-content/uploads/2025/08/TMT5360011.png;yes
TMT536002;افو متر ديجتال 4000 عملية 600 فولت ماركة TOTAL;9.23;https://hawarastore.com/wp-content/uploads/2025/08/TMT536002.png;yes
TMT5401;متر ليزر احمر 40- 0.05 متر TOTAL;46.7;https://sp-ao.shortpixel.ai/client/to_webp,q_glossy,ret_img/https://hawarastore.com/wp-content/uploads/woocommerce-placeholder-600x600.png;no
TMT5402;متر ليزر احمر 40- 0.05 متر ماركة TOTAL;20.84;https://hawarastore.com/wp-content/uploads/2025/05/TMT5402.png;no
TMT5410003;افو متر ديجتال 20000 عملية اتوماتيك 1000 فولت - مقومة + مكثفات + هرتز ماركة TOTAL;30.12;https://hawarastore.com/wp-content/uploads/2025/08/TMT5410003.png;yes
TMT55016;متر ليزر احمر 50- 0.05 متر ماركة TOTAL;15.18;https://hawarastore.com/wp-content/uploads/2026/02/TMT55016-960x1024.png;yes
TMT550166;متر ليزر 55 متر لون احمر مجال (0.2 -55) ماركة TOTAL;13.75;https://hawarastore.com/wp-content/uploads/2026/04/TMT550166.png;yes
TMT55211;مجموعة العناية بالحدائق 4 في 1 تعمل على البنزين لطاشة ( دسك - بكرة )+ مقص سور + منشار ماركة TOTAL;168.44;https://hawarastore.com/wp-content/uploads/2025/08/TMT55211.png;yes
TMT56016;متر ليزر احمر 60- 0.05 متر TOTAL;33.33;https://hawarastore.com/wp-content/uploads/2025/08/TMT56016.png;no
TMT57026;متر ليزر احمر 70 - 0.05 متر ماركة TOTAL;21.4;https://hawarastore.com/wp-content/uploads/2025/08/TMT57026.png;no
TMT570268;متر ليزر 85 متر لون احمر مجال (0.2 -85) ماركة TOTAL;19.25;https://hawarastore.com/wp-content/uploads/2026/04/TMT570268.png;yes
TMT61126;زاوية المنيوم طول 30 سم عرض 4 سم صناعي TOTAL;4.18;https://hawarastore.com/wp-content/uploads/2025/08/TMT61126.png;no
TMT61212;زاوية ABS قياس متري ماركة TOTAL;2.43;https://sp-ao.shortpixel.ai/client/to_webp,q_glossy,ret_img/https://hawarastore.com/wp-content/uploads/woocommerce-placeholder-600x600.png;no
TMT633002;مسطرة ستانلس ستيل طول 30 سم ماركة TOTAL;0.96;https://hawarastore.com/wp-content/uploads/2025/08/TMT633002.png;yes
TMT636002;مسطرة ستانلس ستيل طول 60 سم ماركة TOTAL;2.18;https://hawarastore.com/wp-content/uploads/2025/08/TMT636002.png;yes
TMT646003;مسطرة المنيوم طول 60 سم مع زيبق ماركة TOTAL;6.99;https://hawarastore.com/wp-content/uploads/2025/08/TMT646003.png;yes
TMT653005;زاوية مع مغناطيس طول 30 سم ماركة TOTAL;18.22;https://hawarastore.com/wp-content/uploads/2025/08/TMT653005.png;yes
TMT710506;ميزورة كوشوك شريط معدن طول 50 متر عرض 12.5 مم TOTAL;9.85;https://hawarastore.com/wp-content/uploads/2025/08/TMT710506.png;yes
TMT7610002;كلبس امبير 1000 امبير 6000 عملية AC/DC مقياس مقاومة مكثفات ماركة TOTAL;35.01;https://hawarastore.com/wp-content/uploads/2025/08/TMT7610002.png;yes
TMT762001;كلبس امبير 400 امبير مع فولت ومقاومة TOTAL ومكثفات;11.67;https://hawarastore.com/wp-content/uploads/2025/08/TMT762001.png;yes
TMT762002;كلبس امبير 400 امبير 4000 عملية AC/DC مقياس مقاومة مكثفات ماركة TOTAL;24.48;https://hawarastore.com/wp-content/uploads/2025/08/TMT762002.png;yes
TMT766001;كلبس امبير 600 امبير 4000 عملية AC مقياس مقاومة مكثفات ماركة TOTAL;13.56;https://hawarastore.com/wp-content/uploads/2025/08/TMT766001.png;no
TMT766002;كلبس امبير 600 امبير AC/DC مقياس مكثف و مقاومة و حرارة صناعي TOTAL م حديث;30.12;https://hawarastore.com/wp-content/uploads/2025/08/TMT766002.png;yes
TMT80532M;متر كوشوك قياس 5 متر عرض 32 مم وجهين مع راس مغناطيس ماركة TOTAL;3.75;https://hawarastore.com/wp-content/uploads/2025/08/TMT80532M.png;no
TMT80832M;متر كوشوك قياس 8 متر عرض 32 مم وجهين مع راس مغناطيس ماركة TOTAL;5.45;https://hawarastore.com/wp-content/uploads/2025/08/TMT80832M.png;yes
TMT921306;زيبق 25.5 سم 3 عينات وزن 338 غرام حديث TOTAL;5.51;https://sp-ao.shortpixel.ai/client/to_webp,q_glossy,ret_img/https://hawarastore.com/wp-content/uploads/woocommerce-placeholder-600x600.png;yes
TMTF121006;ميزورة كوشوك شريط فايبر غلاس طول 100 متر TOTAL;14.4;https://hawarastore.com/wp-content/uploads/2025/08/TMTF121006.png;yes
TMTF12206;ميزورة كوشوك شريط فايبر غلاس طول 20 متر عرض 12.5 مم TOTAL;4.54;https://hawarastore.com/wp-content/uploads/2024/05/TMTF12306-1.png;no
TMTF12306;ميزورة كوشوك شريط فايبر غلاس طول 30 متر عرض 12.5 مم TOTAL;4.72;https://hawarastore.com/wp-content/uploads/2024/05/TMTF12306.png;no
TMTF12506;ميزورة كوشوك شريط فايبر غلاس طول 50 متر عرض 12.5 مم TOTAL;7.89;https://hawarastore.com/wp-content/uploads/2025/08/TMTF12506.png;no
TMTF13306;ميزورة كوشوك شريط فايبر غلاس طول 30 متر عرض 12.5 مم موديل حديث TOTAL;5.45;https://hawarastore.com/wp-content/uploads/2024/05/TMTF13306.png;no
TMTF13506;ميزورة 50 متر فايبر غلاس صتاعي TOTAL;7.09;https://hawarastore.com/wp-content/uploads/2025/08/TMTF13506.png;no
TMTF18206;ميزورة كوشوك شريط فايبر غلاس طول 20 متر عرض 15 مم حديث TOTAL;3.9;https://hawarastore.com/wp-content/uploads/2025/09/TMTF18206.png;yes
TMTF18306;ميزورة كوشوك شريط فايبر غلاس طول 30 متر عرض 15 مم TOTAL;5.01;;no
TMTF18506;ميزورة كوشوك شريط فايبر غلاس طول 50 متر عرض 15 مم TOTAL;7.62;https://hawarastore.com/wp-content/uploads/2025/08/TMTF18506.png;yes
TMXLI2001;خلاط دهان بطارية 20 فولت بدون بطارية و شاحن TOTAL;54.06;https://hawarastore.com/wp-content/uploads/2025/08/TMXLI2001.png;yes
TMXLI20162;خلاط دهان بطارية 20 فولت BL + بطارية 4 امبير عدد 2 + شاحن ماركة TOTAL;108;https://hawarastore.com/wp-content/uploads/2026/04/TMXLI20162.png;yes
TNSS0701;طقم مفك فنجان 7 قطع قياس (6-7-8-9-10-11-12) مم ماركة TOTAL;7.61;https://hawarastore.com/wp-content/uploads/2025/08/TNSS0701.png;yes
TOBPLI228120;بطارية 12 فولت TOTAL;11.7;https://hawarastore.com/wp-content/uploads/2025/05/TOBPLI228120-1.png;no
TOBPLI228180;بطارية 18 فولت TOTAL;21.25;https://hawarastore.com/wp-content/uploads/2024/05/TOBPLI228180.png;yes
TOC228120;شاحن بطارية 12 فولت TOTAL;3.94;https://hawarastore.com/wp-content/uploads/2025/05/TOC228120.png;no
TOCLI228180;شاحن بطارية 18 فولت TOTAL سريع خلال 2 ساعة;3.94;https://sp-ao.shortpixel.ai/client/to_webp,q_glossy,ret_img/https://hawarastore.com/wp-content/uploads/woocommerce-placeholder-600x600.png;no
TOHLI200386;قطافة زيتون 40 فولت + بطارية 4 امبير عدد 2 + شاحن ثنائي TOTAL;208.51;https://sp-ao.shortpixel.ai/client/to_webp,q_glossy,ret_img/https://hawarastore.com/wp-content/uploads/woocommerce-placeholder-600x600.png;no
TOPLI2001;جلخ بطارية 20 فولت بوليش مركزي 10 انش مع اكسسوارات بدون بطارية وشاحن صناعي حديث TOTAL;30.25;https://hawarastore.com/wp-content/uploads/2025/08/TOPLI2001.png;yes
TOPLI2025481;جهاز بوليش مركزي 20 فولت 10 انش + بطارية 2 امبير + شاحن + اكسسوارات TOTAL حديث;48.21;https://hawarastore.com/wp-content/uploads/2025/08/TOPLI2025481.png;yes
TORSP06071;مفتاح حلق 6 × 7 مم ماركة TOTAL;0.75;https://hawarastore.com/wp-content/uploads/2025/08/TORSP06071.png;yes
TORSP08091;مفتاح حلق 8 × 9 مم ماركة TOTAL;0.87;https://hawarastore.com/wp-content/uploads/2025/08/TORSP08091.png;yes
TORSP10111;مفتاح حلق 10 × 11 ماركة TOTAL;0.99;https://hawarastore.com/wp-content/uploads/2025/08/TORSP10111.png;no
TORSP12131;مفتاح حلق 12 × 13 ماركة TOTAL;1.09;https://hawarastore.com/wp-content/uploads/2025/08/TORSP12131.png;yes
TORSP14151;مفتاح حلق 14 × 15 ماركة TOTAL;1.4;https://hawarastore.com/wp-content/uploads/2025/08/TORSP14151.png;yes
TORSP16171;مفتاح حلق 16 × 17 ماركة TOTAL;1.64;https://hawarastore.com/wp-content/uploads/2025/08/TORSP16171.png;yes
TORSP18191;مفتاح حلق 18 × 19 ماركة TOTAL;1.88;https://hawarastore.com/wp-content/uploads/2025/08/TORSP18191.png;yes
TOS23026;كليبس امبير + افو متر +مفك فاحص الكتروني + زلاطة اتوماتيكية ذكية ماركة TOTAL;29.93;https://hawarastore.com/wp-content/uploads/2024/05/TOS23026.png;no
TOS23033;طقم اختبار 4 قطع ( قلم فاحص LCD - مؤشر غاز - رطوبة خشب - رطوبة + حرارة ) ماركة TOTAL;21.4;https://hawarastore.com/wp-content/uploads/2025/08/TOS230331.png;yes
TOS230331;طقم 3 مجموعات رؤوس شد + ريش + اكسسورت جلخ محوري صناعي ماركة TOTAL;23.06;https://hawarastore.com/wp-content/uploads/2025/08/TOS230331.png;yes
TOS23034;مجموعة 3 مشارط و 2 متر مع مجموعتين نصلات ماركة TOTAL NEW;3.53;https://hawarastore.com/wp-content/uploads/2025/05/TOS23034-878x1024.png;no
TOS23035;طقم احجار جلخ محوري 420 قطعة شامل ضمن علبة بلاستيك TOTAL;13.25;https://hawarastore.com/wp-content/uploads/2025/08/TOS23035.png;no
TOS23037;مجموعة 3 مشارط و 2 متر مع مجموعتين نصلات ماركة TOTAL;3.53;https://hawarastore.com/wp-content/uploads/2024/05/TOS23037.png;no
TOS23039;مجموعة 3 مشارط معدن و 2 متر مع مجموعتين نصلات ماركة TOTAL;4.9;https://hawarastore.com/wp-content/uploads/2025/08/TOS23039.png;yes
TOS23048;مجموعة 7 قطع زراعية مع مضخة مرش 1.5 ليتر ضمن حقيبة ماركة TOTAL;17.32;https://hawarastore.com/wp-content/uploads/2024/05/TOS23048.png;no
TOS23055;طقم 7 قطع بانسات + قطاعات + بانسة كلب صناعية ضمن حقيبة قماشية TOTAL;23.03;;no
TOS23077;صندوق 4 مجموعات ريش شاملة ماركة TOTAL;20.53;https://hawarastore.com/wp-content/uploads/2025/08/TOS23077.png;yes
TOS23091;كومبو 5 بانسات يتضمن بانسة لحام و بانستين 10 إنش وبانستين 7+9 TOTAL;14.28;https://hawarastore.com/wp-content/uploads/2025/10/TOS230910.webp;yes
TOS230910;مجموعة عمل 4 قطع حقيبة قماشية 16 انش +حقيبة عرباية 20 انش+سترة عدة + حقيبة على الخصر TOTAL;32.25;https://hawarastore.com/wp-content/uploads/2025/10/TOS230910.webp;yes
TOS230912;طقم حقائب عدة قماشية سترة عدة + حقيبة قماشية على الخصر + حقيبة عدة على الظهر + حقيبة قماشية 16 انش ماركة TOTAL;27.65;https://hawarastore.com/wp-content/uploads/2026/04/TOS230912.jpeg;yes
TOS230914;مجموعة عمل 4 قطع حقيبة قماشية 16 انش +حقيبة عرباية 20 انش+سترة عدة + حقيبة على الظهر TOTAL;44.64;https://sp-ao.shortpixel.ai/client/to_webp,q_glossy,ret_img/https://hawarastore.com/wp-content/uploads/woocommerce-placeholder-600x600.png;yes
TOS23092;كومبو 3 قطع طقم فنجان 1/4 انش عدد 12 قطعة + 1/2 انش عدد 14 قطعة + 3/8 انش 10 قطعة ضمن حقيبة قماشية TOTAL;32.51;https://hawarastore.com/wp-content/uploads/2025/08/TOS23092.png;no
TOS23095;كومبو 8 قطع طرنس لحام 160 امبير ميني + زوايا لحام عدد 6 + بانسة لقط 11 انش +نظارات لحام اتوماتيك + مريول جلد طويل + بانسة لحام 300 امبير + كفوف جلد + حقيبة 16 انش TOTAL;96.26;https://hawarastore.com/wp-content/uploads/2025/08/TOS23095.png;no
TOS24067;مجموعة 3 قطع افومتر + كليبس 400a+1000v+قلم فاحص ضمن حقيبة بلاستيك ماركة TOTAL;34.15;https://hawarastore.com/wp-content/uploads/2025/08/TOS24067.png;yes
TOS24069;كومبو 3 في 1 كليبس 1200 AC-DC افومتر 1000 فولت ومفك 1000 ماركة TOTAL;46.2;https://hawarastore.com/wp-content/uploads/2026/02/TOS24069-960x1024.png;yes
TOS250701M;طقم 4 قطع متر 5*25 + مشرط المنيوم +قلم فحص فاز +متر ليزر 100 متر + اكسسوارات على كرت بلاستيك TOTAL;28.22;https://hawarastore.com/wp-content/uploads/2026/02/TOS250701M-878x1024.png;yes
TOS250902M;كومبو متر ليزر احمر مجال 100- 0.05 متر + متر عادي 32×5 مكوشك كرت بلاستيك TOTAL;25.11;https://hawarastore.com/wp-content/uploads/2026/02/TOS250902M.png;yes
TOS250911;كومبو 3 قطع قصاصة سيراميك 120 سم قص سماكة 16 مم حمل 15 كغ+شقلة ليزر 5 خطوط اخضر+متر ليزر 100 متر ضمن حقيبة قماشية TOTAL;112.49;https://hawarastore.com/wp-content/uploads/2026/03/TOS250911.png;yes
TOS251003;طقم 3 قطع متر ليزر 100 متر+زيبق 10 سم+ بيل 250 لومينز على كرت TOTAL;26.78;https://hawarastore.com/wp-content/uploads/2026/03/TOS251003-878x1024.png;yes
TOS26068;كومبو طقم 4 علب اكسسوارات رؤوس شد صناعية طويلة وقصيرة + لقم شد هنكار + ريش SDS حديد و باطون + طقم كاسات حفر معدن ( TOTAL;36.16;https://hawarastore.com/wp-content/uploads/2025/10/TOS26068.webp;yes
TOSLI22111;مثقب بطارية 12 فولت + بطارية عدد 2 + 10 قطع جوز مفكات TOTAL;20.27;https://hawarastore.com/wp-content/uploads/2024/05/TOSLI22111.png;no
TOSLI22111-SD;طقم مفك براغي متعدد الرؤوس 10 قطع (شق+مصالب);1.86;https://sp-ao.shortpixel.ai/client/to_webp,q_glossy,ret_img/https://hawarastore.com/wp-content/uploads/woocommerce-placeholder-600x600.png;no
TOSLI2211415;طقم جلخ بطارية 20 فولت 4.5 انش BL+ جلخ بطارية 90 درجة مع بطاريتين 4 امبير وشاحن +16 حجر قص حديد + حجر الماس TOTAL;86.72;https://hawarastore.com/wp-content/uploads/2025/08/TOSLI2211415.png;yes
TOSLI23022;مثقب بطارية 12 فولت سرعتين 10 مم + بطارية عدد 2 + 45 قطعة راس مثقب و16 ريشة مشكلة ماركة TOTAL;35.07;https://hawarastore.com/wp-content/uploads/2024/03/TOSLI23022.png;no
TOSLI23024;كومبو 2 قطعة كور هواء 20 فولت 8.5 متر مكعب + قصاصة عشب لطاشة متحركة + بطارية 2 امبير عدد 2 + شاحن TOTAL;56.71;https://hawarastore.com/wp-content/uploads/2025/08/TOSLI23024.png;yes
TOSLI23044;كومبو 2 قطعة منشار شجر 8 انش + قصاصة عشب سور + بطارية 2 امبير عدد 2 + شاحن TOTAL;69.02;https://hawarastore.com/wp-content/uploads/2024/05/TOSLI23044-1.png;no
TOSLI23048;كومبو 2 قطعة فرد شد 1/2 انش 400 نيوتن + لمبة عمل 300 لمينوز + طقم جوز 1/2 انش + تحويلة من 1/2 لـ 1/4 انش + طقم روؤس شد + بطارية 2 امبير عدد 2 + شاحن TOTAL;70.79;https://hawarastore.com/wp-content/uploads/2025/08/TOSLI23048.png;no
TOSLI23056;كومبو 2 قطعة فرد شد 1/2 انش 405 نيوتن +لمبة عمل 300 لومينز+بطاريتين 2 امبير +شاحن +اكسسوارات ضمن حقيبة بلاستيك TOTAL;67.5;;no
TOSLI230701;مجموعة شحن 20 فولت بطارية 2 امبير عدد 4 + بطارية 4 امبير عدد 2 + شاحن ثنائي 4 امبير ضمن حقيبة بلاستيك TOTAL حديث;104.74;https://hawarastore.com/wp-content/uploads/2024/05/TOSLI230701-1.png;no
TOSLI230702;كومبو 2 قطعة فرد شد 0.5 انش ومثقب 20 فولت مع بطاريتين وشاحن ضمن حقيبة بلاسيك ماركة TOTAL;76.47;https://hawarastore.com/wp-content/uploads/2024/07/TOSLI230702.png;no
TOSLI230705;كومبو 2 قطعة كور هواء ساخن بطارية 20 فولت+ جهاز متعدد الوظائف + بطارية 2 امبير عدد 1 +بطارية 4 امبير عدد 1 +شاحن +اكسسوارات ضمن حقيبة بلاستيكTOTAL;80.49;https://hawarastore.com/wp-content/uploads/2025/08/TOSLI230705.png;yes
TOSLI230708;كومبو 2 قطعة فرد شد 1/4 انش ومثقب بطارية 20 فولت 45 نيوتن مع بطاريتين 2 امبير وشاحن حديث صناعي TOTAL بدون فحمات;75.59;https://hawarastore.com/wp-content/uploads/2024/05/TOSLI230708-1.png;no
TOSLI230803;كومبو 2 قطعة كسارة 22 مم +جلخ 4.5 انش + بطارية 4 امبير عدد2 + شاحن عدد 2 +اكسسوارات ضمن حقيبتين TOTAL;131.29;https://sp-ao.shortpixel.ai/client/to_webp,q_glossy,ret_img/https://hawarastore.com/wp-content/uploads/woocommerce-placeholder-600x600.png;no
TOSLI231004;كومبو 2 قطعة فرد شد 1/2 انش 300 نيوتن + طقم جوز + لمبة عمل 300 لمينوز + بطارية 2 امبير عدد 2 + شاحن + 10 رؤوس شد + تحويلة من 1/2 لـ 1/4 انش TOTAL;75.86;https://hawarastore.com/wp-content/uploads/2025/08/TOSLI231004.png;no
TOSLI24011;مثقب بطارية 12 فولت 10 ملم 20 نيوتن TYPE-C + بطارية عدد 2 + 50 قطعة راس مثقب ماركة TOTAL;34.24;https://hawarastore.com/wp-content/uploads/2025/08/TOSLI24011.png;no
TOSLI240301;كومبو 2 قطعة كباسة مسامير خشب + كباسة مسامير باطون + بطارية 2 امبير عدد 2 + شاحن ضمن حقيبة بلاستيك TOTAL;164.67;https://hawarastore.com/wp-content/uploads/2025/08/TOSLI240301.png;yes
TOSLI240306;كومبو 2 قطعة مقص كساح 25 مم + منشار شجر 6 انش + بطارية 2 امبير عدد 2 + شاحن TOTAL;120.27;https://hawarastore.com/wp-content/uploads/2025/08/TOSLI240306.png;yes
TOSLI240311;مجموعة شحن 20 فولت بطارية 2 امبير عدد 3 على كرت بلاستيك ماركةTOTAL;32.63;https://hawarastore.com/wp-content/uploads/2026/02/TOSLI240311.png;yes
TOSLI240312;مجموعة شحن 20 فولت بطارية 4 امبير عدد 2 على كرت بلاستيك TOTAL;38.29;https://hawarastore.com/wp-content/uploads/2025/08/TOSLI240312.png;no
TOSLI240461;كومبو 3 قطع فرد شد 1/2 انش 500 نيوتن + طقطاق 20 فولت 3/8 انش 65 نيوتن + لمبة عمل + طقم جوز + بطارية 4 امبير عدد 2 + شاحن TOTAL;111.01;https://hawarastore.com/wp-content/uploads/2025/08/TOSLI240461.png;no
TOSLI240463;كومبو 2 قطعة منشار شجر 16 انش 40 فولت +كور هواء 20 فولت 8.5m3/min +بطارية 5 امبير عدد 2 +شاحن مزدوج TOTAL;148.02;https://hawarastore.com/wp-content/uploads/2025/08/TOSLI240463.png;yes
TOSLI240464;مجموعة شحن بطاريتين 5 امبير كرت بلاستيك ماركة TOTAL;46.32;https://hawarastore.com/wp-content/uploads/2025/08/TOSLI240464.png;no
TOSLI240467;مثقب بطارية 12 فولت رجاج 20 نيوتن TYPE-C + بطارية عدد 2 + ومجموعتين (ريش+رؤوس شد) ماركة TOTAL;37.81;https://hawarastore.com/wp-content/uploads/2025/08/TOSLI240467.png;yes
TOSLI240489;كومبو 2 قطعة فرد شد 1/2 انش 850 نيوتن + كور هواء ساخن + جوز 1/2 انش عدد 3 + بطارية 4 امبير عدد 2 + شاحن ضمن حقيبة بلاستيك TOTAL;111.01;https://hawarastore.com/wp-content/uploads/2025/08/TOSLI240489.png;no
TOSLI240489 - A;كومبو 2 قطعة فرد شد 1/2 انش 850 نيوتن + كور هواء ساخن + جوز 1/2 انش عدد 3 + شاحن ضمن حقيبة بلاستيك TOTAL;75.66;;no
TOSLI240585;كومبو 2 قطعة قصاصة عشب لطاشة قابلة للدوران + منشار سور + بطارية 2 امبير عدد 2 وشاحن TOTAL;74.01;https://hawarastore.com/wp-content/uploads/2025/08/TOSLI240585.png;yes
TOSLI240586;كومبو 2 قطعة مثقب 12 فولت 20 نيوتن + فرد شد 1/4 انش 100 نيوتن + بطارية TYPE-C 1.5 امبير عدد 2 ضمن حقيبة بلاستيك TOTAL;38.86;https://hawarastore.com/wp-content/uploads/2025/08/TOSLI240586.png;yes
TOSLI240683;كومبو 3 قطع قصاصة خشب + كباسة مسامير 50 مم + كور هواء + بطارية 2 امبير +بطارية 4 امبير + شاحن TOTAL;166.52;https://hawarastore.com/wp-content/uploads/2025/08/TOSLI240683.png;yes
TOSLI240786;كومبو مثقب 16 فولت 60 نيوتن + مجموعة فراشي تنظيف TOTAL;58.26;https://hawarastore.com/wp-content/uploads/2025/08/TOSLI240786.png;yes
TOSLI240788;كومبو 2 قطعة منشار شجر 12 انش + منشار شجر 6 انش + بطارية 5 امبير عدد 2 + شاحن TOTAL;158.57;https://hawarastore.com/wp-content/uploads/2025/08/TOSLI240788.png;no
TOSLI240863;كومبو 3 قطعة فرد شد 1/2 انش 400 نيوتن + جلخ بوليش + كور هواء ساخن ديجتال و اكسسواراتها + جوز 1/2 انش عدد 3 + بطارية 5 امبير عدد 2 + شاحن ضمن حقيبة قماش TOTAL;146.73;https://hawarastore.com/wp-content/uploads/2025/08/TOSLI240863.png;yes
TOSLI240866;كومبو 2 قطعة قصاصة خشب + كباسة مسامير 20 فولت + بطارية 5 امبير عدد 2 + شاحن TOTAL;158.32;https://hawarastore.com/wp-content/uploads/2025/08/TOSLI240866.png;yes
TOSLI240969;كومبو 4 قطع مثقب 66 نيوتن + فرد شد 400 نيوتن + كور هواء ساخن + جلخ متعدد الاستعمالات + بطارية 5 امبير عدد 2 + شاحن + اكسسوار ضمن حقيبة بلاستيك TOTAL;139.01;https://hawarastore.com/wp-content/uploads/2025/08/TOSLI240969.png;yes
TOSLI241181;كومبو 2 قطعة فرد شد 1/2 انش 850 نيوتن + لمبة عمل 2000 لومينز + طقم جوز 10 قطع + بطارية 5 امبير عدد 2 + شاحن 4 امبير TOTAL;146.73;https://hawarastore.com/wp-content/uploads/2025/08/TOSLI241181.png;yes
TOSLI241182;كومبو 4 قطع فرد شد 1/2 انش 400 نيوتن + كور هواء ساخن ديجيتال + جلخ بوليش 7 انش + لمبة عمل 200 لومينز + بطارية 5 امبير عدد 2 + شاحن 4 امبير + اكسسوارات ضمن حقيبة قماش TOTAL;144.8;https://hawarastore.com/wp-content/uploads/2025/08/TOSLI241182.png;yes
TOSLI241183;كومبو 3 قطع مثقب 66 نيوتن +كسارة 28 مم + جلخ بطارية 900 واط + بطارية 5 امبير عدد 2 + شاحن + ضمن حقيبة بلاستيك TOTAL;177.62;https://hawarastore.com/wp-content/uploads/2025/05/TOSLI241183.png;no
TOSLI241188;كومبو 2 قطعة كور هواء ساخن 2000 واط مع اكسسوارات ضمن حقيبة بلاستيكية +كور هواء ساخن 20 فولت مع بطارية 4 امبير عدد 2 وشاحن 4 امبير مع مجموعة اكسسوارات ضمن حقيبة بلاستيكية TOTAL;86.88;https://hawarastore.com/wp-content/uploads/2025/08/TOSLI241188.png;yes
TOSLI241188 - A;كومبو 2 قطعة كور هواء ساخن 2000 واط مع اكسسوارات ضمن حقيبة بلاستيكية +كور هواء ساخن 20 فولت مع شاحن 4 امبير مع مجموعة اكسسوارات ضمن حقيبة بلاستيكية TOTAL;50.55;;no
TOSLI241189;كومبو 3 قطع منشار شجر 12 انش + قصاصة عشب لطاشة 300 مم + كور هواء صناعي + بطارية 4 امبير عدد 2 + شاحن TOTAL;150.59;https://hawarastore.com/wp-content/uploads/2025/08/TOSLI241189.png;yes
TOSLI241191;كومبو 2 قطعة جلخ بوليش محرك بدون فحمات 7 انش +جلخ بوليش محرك بدون فحمات لا مركزي 5 انش + بطارية 4 امبير عدد 2 + شاحن 2 امبير + ورق حف ضمن حقيبة قماشية TOTAL;115.84;https://hawarastore.com/wp-content/uploads/2025/08/TOSLI241191.png;yes
TOSLI241191 - A;كومبو 2 قطعة جلخ بوليش محرك بدون فحمات 7 انش +جلخ بوليش محرك بدون فحمات لا مركزي 5 انش + شاحن 2 امبير + ورق حف ضمن حقيبة قماشية TOTAL;80.69;;no
TOSLI241192;كومبو 3 قطع مثقب 60 نيوتن + جلخ 4.5 انش + كور هواء+ بطارية 4 امبير عدد 1 +بطارية 2 امبير عدد 1 +شاحن TOTAL;69.5;https://hawarastore.com/wp-content/uploads/2025/08/TOSLI241192.png;no
TOSLI241193;كومبو 3 قطع مثقب 66 نيوتن +قصاصة خشب 140 مم +حفافة مربعة +بطارية 4 امبيرعدد 1 + بطارية 2 امبير عدد 1 +شاحن +مجموعة ريش مخروطية + اكسسوارات TOTAL;96.53;https://hawarastore.com/wp-content/uploads/2025/08/TOSLI241193.png;no
TOSLI241193-A;كومبو 3 قطع مثقب 66 نيوتن +قصاصة خشب 140 مم +حفافة مربعة +شاحن +مجموعة ريش مخروطية + اكسسوارات TOTAL بدون بطاريات;69.14;https://sp-ao.shortpixel.ai/client/to_webp,q_glossy,ret_img/https://hawarastore.com/wp-content/uploads/woocommerce-placeholder-600x600.png;yes
TOSLI241195;كومبو 3 قطع فرد شد 1/2 انش 850 نيوتن + فرد شد 1/2 انش 400 نيوتن + لمبة عمل 300 لومينز + بطاريه 4 امبير عدد 1 + بطارية 2 امبير عدد 1 + شاحن + طقم جوز 10 قطع TOTAL;113.91;https://hawarastore.com/wp-content/uploads/2025/08/TOSLI241195.png;no
TOSLI241196;كومبو 3 قطع كور هواء ساخن + لمبة عمل 2000 لومينز + يد طقطاق 3/8 + بطارية 4 امبير عدد 1 +بطارية 2 امبير عدد 1 +شاحن + اكسسوارات TOTAL;96.53;https://hawarastore.com/wp-content/uploads/2025/08/TOSLI241196.png;yes
TOSLI241197;مثقب بطارية 12 فولت رجاج 20 نيوتن + بطارية TYPE-Cعدد 2 + مجموعة ريش+مجموعة رؤوس شد ماركة TOTAL (صناعي);36.68;https://hawarastore.com/wp-content/uploads/2025/08/TOSLI241197.png;yes
TOSLI241198;كومبو 3 قطع مثقب 66 نيوتن + كسارة 26 مم + جلخ 4.5 انش 1000 واط +بطارية 4 امبير عدد 2 +شاحن + اكسسوارات ضمن حقيبة بلاستيك TOTAL;128.56;https://hawarastore.com/wp-content/uploads/2025/08/TOSLI241198.png;no
TOSLI241199;مثقب رجاج 16 فولت 60 نيوتن BL + بطارية 2 امبير عدد 2 + شاحن + مجموعة ريش 16 قطعة ضمن حقيبة بلاستيك TOTAL (صناعي);53.67;https://hawarastore.com/wp-content/uploads/2025/08/TOSLI241199.png;yes
TOSLI241201;كومبو 3 قطع كباسة مسامير طول 5 سم+كور هواء ساخن ديجيتال + لمبة عمل 2000 لومينز+بطارية 4 امبير عدد 2 + شاحن TOTAL;166.04;https://hawarastore.com/wp-content/uploads/2025/08/TOSLI241201.png;yes
TOSLI241291;كومبو 3 قطع مثقب 66 نيوتن BL+جلخ 4.5 انش 1000 واط + فرد شد 1/2 انش 400 نيوتن مع بطاريتين 4 امبير وشاحن ضمن حقيبة بلاستيك TOTAL;130.57;;no
TOSLI241292;كومبو 4 قطع فرد شد 1/2 انش 500 نيوتن + مثقب 96 نيوتن + جلخ 4.5 انش 1000 واط + لمبة عمل 2000 لومينز + بطارية 4 امبير عدد 2 + شاحن 4 امبير + اكسسوارات TOTAL;146.73;https://hawarastore.com/wp-content/uploads/2025/08/TOSLI241292.png;yes
TOSLI241297;كومبو 4 قطع فرد شد 1/4 انش 285 نيوتن + مثقب 96 نيوتن + قصاصة خشب 185 مم+لمبة عمل 2000 لومينز + بطارية 4 امبير عدد 2 +شاحن +اكسسوارات TOTAL;146.73;;no
TOSLI241297 - A;كومبو 4 قطع فرد شد 1/4 انش 285 نيوتن + مثقب 96 نيوتن + قصاصة خشب 185 مم+لمبة عمل 2000 لومينز +شاحن +اكسسوارات بدون بطاريات  TOTAL;112.83;;no
TOSLI250101;كومبو 3 قطع مثقب 16 فولت 60 نيوتن +شقلة 12 خط 35 متر + متر ليزري 100 متر + بطارية 2 امبير عدد 2 + شاحن + اكسسوارات ضمن حقيبة بلاستيك TOTAL;127.42;;no
TOSLI250181;كومبو 3 قطع مثقب 76 نيوتن + قصاصة خشب 185 مم + حفافة دائرية + بطارية 4 امبير عدد 2 + شاحن TOTAL;119.7;https://hawarastore.com/wp-content/uploads/2025/10/TOSLI250181.webp;yes
TOSLI250182;كومبو 3 قطع فرد شد 1/4 انش 285 نيوتن+ مثقب 76 نيوتن + كور هواء + بطارية 2 امبير عدد 2 + شاحن + اكسسوارات TOTAL;81.09;;no
TOSLI250183;كومبو 3 قطع كسارة SDS 26 مم + جلخ 4.5 انش 1000 واط +لمبة عمل 2000 لومينز + بطارية 4 امبير عدد 2 + شاحن ضمن حقيبة بلاستيك TOTAL;139.01;https://hawarastore.com/wp-content/uploads/2025/08/TOSLI250183.png;yes
TOSLI250184;كومبو 3 قطع فرد شد 1/2 انش 500 نيوتن + مغسل 24.8 بار + جلخ بوليش 7 انش + بطارية 4 امبير عدد 2 + شاحن TOTAL;119.7;https://hawarastore.com/wp-content/uploads/2025/08/TOSLI250184.png;yes
TOSLI250201;كومبو 2 قطعة كباسة مسامير 20 فولت 18 GA + شقلة ليزر خطين اخضر + بطارية 2 امبير + شاحن + اكسسوارات TOTAL;108.12;https://hawarastore.com/wp-content/uploads/2025/08/TOSLI250201.png;yes
TOSLI250208;كومبو 4 قطع فرد شد 1/2 انش 500 نيوتن + كور هواء ساخن + مغسل 24.8 بار + مكنسة سيارة+ بطارية 4 امبير عدد 2 + شاحن + اكسسوارات TOTAL;115.84;https://hawarastore.com/wp-content/uploads/2025/10/TOSLI250208-788x1024.png;yes
TOSLI250281;كومبو 3 قطع كسارة 28 مم 4.5 جول + فرد شد 1/2 انش 1350 نيوتن + مثقب 96 نيوتن + بطارية 5 امبير عدد 2 + شاحن + اكسسوارات ضمن حقيبة بلاستيك TOTAL;216.24;https://hawarastore.com/wp-content/uploads/2025/08/TOSLI250281.png;yes
TOSLI250381;كومبو 9 قطع مثقب 66 نيوتن +فرد شد 1/2 انش 400 نيوتن +لمبة عمل 2000 لومينز +كسارة 26 مم +جلخ 4.5 انش 1000 واط +كور هواء ساخن + كور هواء سرعة واحدة + قصاصة خشب 140 مم+ حفافة خشب مربعة + بطارية 4 امبير عدد 2 +شاحن+اكسسوارات ضمن حقيبة قماشية عرباية TOTAL;260.64;;no
TOSLI250382;كومبو 3 قطع قصاصة خشب 140 مم + جهاز ترددي متعدد الوظائف + مثقب جبسمبورد + بطارية 2 امبير عدد 2 + شاحن + اكسسوارات ماركة TOTAL;103.56;https://hawarastore.com/wp-content/uploads/2026/06/TOSLI250382-788x1024.png;yes
TOSLI250383;كومبو 4 قطع حفافة مستطيلة + حفافة دائرية + حفافة مربعة + فرد بخ دهان + بطارية 2 امبير عدد 2 + شاحن TOTAL;100.4;https://hawarastore.com/wp-content/uploads/2025/10/TH220502.jpeg;yes
TOSLI250385;كومبو 2 قطعة 16 فولت مقص كساح 25 مم + كور هواء + بطارية 2 امبير عدد 2 + شاحن TOTAL;73.37;https://hawarastore.com/wp-content/uploads/2025/08/TOSLI250385.png;yes
TOSLI250386;كومبو 3 قطع فرد شد 3/4 انش 1350 نيوتن + فرد شد 1/2 انش 850 نيوتن + فرد شد 1/2 انش 400 نيوتن + بطارية 5 امبير عدد 2 + شاحن + 9 قطع جوز ضمن حقيبة بلاستيك TOTAL;227.82;;no
TOSLI250388;مجموعة شحن شاحن بطارية 20 فولت 4 امبير عدد 2 على كرت بلاستيك TOTAL;20.27;https://hawarastore.com/wp-content/uploads/2025/08/TOSLI250388.png;yes
TOSLI250462;كومبو 2 قطعة كسارة 26 مم 2 جول+كسارة 28 مم 4.5 جول +بطارية 5 امبير عدد 2 +شاحن 4 امبير + اكسسوارات ضمن حقيبة بلاستيكية TOTAL;164.11;https://hawarastore.com/wp-content/uploads/2025/10/TOSLI250462-878x1024.jpg;yes
TOSLI250496;كومبو 4 قطع منشار شجر 12 انش + قصاصة عشب لطاشة + قصاصة عشب سور + كور هواء صناعي + بطارية 4 امبير عدد 2 + شاحن TOTAL;177.62;https://hawarastore.com/wp-content/uploads/2025/10/TOSLI250496.webp;yes
TOSLI250511;كومبو 3 قطع مثقب 76 نيوتن + متر ليزر 70 متر + شقلة ليزر خطين اخضر +بطارية 2 امبير عدد 2 + شاحن + اكسسوارات ضمن حقيبة بلاستيك TOTAL;100.4;https://hawarastore.com/wp-content/uploads/2025/10/TOSLI250511.webp;yes
TOSLI250586;كومبو 2 قطعة مثقب 96 نيوتن + فرد شد 1/2 انش 850 نيوتن + بطارية 4 امبير عدد 2 + شاحن 4 امبير + اكسسوارات ضمن حقيبة بلاستيك TOTAL;133.22;;no
TOSLI250591;كومبو 3 قطع مثقب 66 نيوتن + مثقب جبسمبورد + كسارة 26 مم 2.5 جول + بطارية 4 امبير عدد 2 + شاحن + اكسسوارات ضمن حقيبة بلاستيك TOTAL;148.66;;no
TOSLI250592;كومبو 5 قطع فرد شد 1/2 انش 400 نيوتن + كور هواء ساخن ديجيتال + جلخ بوليش 7 انش + جلخ بوليش لا مركزي + بيل 2000 لمونيز مع بطارية 4 امبير عدد 2 + شاحن 4 امبير + اكسسوارات TOTAL;148.66;https://hawarastore.com/wp-content/uploads/2025/10/TOSLI250592.webp;yes
TOSLI250593;كومبو 3 قطع فرد شد 3/4 انش 1750 نيوتن + جلخ بطارية 4.5 انش 1000 واط + لمبة عمل 2000 لومينز + بطارية 8 امبير عدد 2 +شاحن +اكسسوارات ضمن حقيبة بلاستيك TOTAL;231.68;https://hawarastore.com/wp-content/uploads/2025/10/TOSLI250593-20V-3PCS-مجموعة.jpg;yes
TOSLI250601;كومبو 2 قطعة فرد بخ دهان طاسة بلاستيك 800 ملم + كباسة خشب مسامير 50 مم + بطارية 2 امبير عدد 2 + شاحن + طقم فراشي دهان ماركة TOTAL;135.71;https://hawarastore.com/wp-content/uploads/2026/04/TOSLI250601.jpeg;yes
TOSLI250606;كومبو 3 قطع 20 فولت رجاج سيراميك 6 مستويات+شقلة ليزر اخضر 5 خطوط +متر ليزر 100 متر + بطارية 2 امبير عدد 2 + شاحن + حماية ركب ضمن حقيبة بلاستيك TOTAL;100.4;https://hawarastore.com/wp-content/uploads/2026/02/TOSLI250606-878x1024.png;yes
TOSLI250608;كومبو 4 قطع مثقب 96 نيوتن + فرد شد 3/4 انش 1350 نيوتن + كور هواء ساخن +لمبة عمل 2000 لومينز + مع بطارية 5 امبير عدد 2 + شاحن 4 امبير + اكسسوارات ضمن حقيبة بلاستيك TOTAL;222.03;https://hawarastore.com/wp-content/uploads/2025/10/TOSLI250608.webp;yes
TOSLI250692;كومبو 5 قطع مثقب 66 نيوتن + فرد شد 1/4 انش 285نيوتن + جلخ 4.5 انش 1000 واط +لمبة عمل 2000 لومينز + لمبة عمل 300 لومينز + بطارية 4امبير عدد 2 + شاحن 4 امبير + اكسسوارات TOTAL;139.01;https://hawarastore.com/wp-content/uploads/2025/10/TOSLI250692.webp;yes
TOSLI250693;كومبو 3 قطع مثقب 96 نيوتن + فرد شد 1/4 انش 285 نيوتن +كسارة 28مم 4.5 جول + بطارية 5 امبير عدد 2 + شاحن 4 امبير +اكسسوارات ضمن حقيبة بلاستيك TOTAL;158.32;https://hawarastore.com/wp-content/uploads/2025/10/TOSLI250693.png;yes
TOSLI250695;كومبو 4 قطع كسارة 22 مم 2 جول + مثقب 66 نيوتن + قصاصة خشب 140 مم+كور هواء + بطارية 4 امبير عدد 2 + شاحن 4 امبير + اكسسوارات TOTAL;133.22;https://hawarastore.com/wp-content/uploads/2026/02/TOSLI250695-878x1024.png;yes
TOSLI250695 - A;كومبو 4 قطع كسارة 22 مم 2 جول + مثقب 66 نيوتن + قصاصة خشب 140 مم+كور هواء + شاحن 4 امبير + اكسسوارات TOTAL;98.77;;no
TOSLI250696;كومبو 4 قطع جلخ 4.5 انش 1000 واط+جلخ بوليش 7 انش +حفافة مستطيلة + فرد بخ دهان + بطارية 4 امبير عدد 2 + شاحن 4 امبير + اكسسوارات TOTAL;135.15;https://hawarastore.com/wp-content/uploads/2025/10/TOSLI250696.webp;yes
TOSLI250781;كومبو 3 قطع قصاصة خشب 140 مم + جهاز متعدد الوظائف +حفافة مستطيلة + بطارية 4 امبير عدد 2 + شاحن 4 امبير + اكسسوارات TOTAL;111.98;https://hawarastore.com/wp-content/uploads/2026/03/TOSLI250781-788x1024.png;yes
TOSLI250782;كومبو 4 قطع فرد شد 3/4 انش 1350 نيوتن +فرد شد 1/2 انش 850 نيوتن +لمبة عمل 300 لومينز +لمبة عمل 2000 لومينز + بطارية 5 امبير عدد 2 + شاحن 4 امبير + اكسسوارات ضمن حقيبة بلاستيك TOTAL;216.24;https://hawarastore.com/wp-content/uploads/2026/02/TOSLI250782-878x1024.png;yes
TOSLI250784;فرد شد بطارية 20 فولت 1/4 انش 285 نيوتن BL + مجموعتين رؤووس (شد + لقم هنكار) + بطارية 2 امبير عدد 2 + شاحن ضمن حقيبة بلاستيك TOTAL;73.37;https://hawarastore.com/wp-content/uploads/2026/02/TOSLI250784-878x1024.png;yes
TOSLI250795;كومبو 2 قطعة مقص كساح 30 مم + منشار شجر 6 انش + بطارية 2 امبير عدد 2 + شاحن ضمن حقيبة بلاستيك TOTAL;100.4;https://hawarastore.com/wp-content/uploads/2025/10/TOSLI250795.jpg;yes
TOSLI250801;كومبو 2 قطعة كور هواء ساخن 20 فولت + كور هواء ساخن 220 فولت ديجتال + بطارية 5 امبير عدد 2 + شاحن ضمن حقيبة ماركة TOTAL;100.4;https://hawarastore.com/wp-content/uploads/2025/08/TOSLI250801.png;yes
TOSLI250883;كومبو 3 قطع مثقب 86 نيوتن + فرد شد1/4 انش285 نيوتن+كور هواء +بطارية 4 امبير عدد 2 + شاحن 4 امبير + اكسسوارات TOTAL;96.53;https://hawarastore.com/wp-content/uploads/2026/02/TOSLI250883-878x1024.png;yes
TOSLI250886;كومبو 3 قطع 16 فولت فرد شد 1/4 انش 170 نيوتن+شقلة ليزر 12 خط اخضر +متر ليزر 100 متر + بطارية 2 امبير عدد 2 + شاحن + اكسسوارات ضمن حقيبة بلاستيك TOTAL;108.12;https://hawarastore.com/wp-content/uploads/2026/02/TOSLI250886-878x1024.png;yes
TOSLI250981;كومبو 3 قطع 20 فولت فرد شد 1/2 انش 500 نيوتن BL + طقطاق 3/8 انش 65 نيوتن + لمبة عمل ليد 300 لومينز + بطارية 4 امبير عدد 2 + شاحن 4 امبير اكسسوارات ضمن حقيبة بلاستيك TOTAL;111.98;https://hawarastore.com/wp-content/uploads/2026/02/TOSLI250981-878x1024.png;yes
TOSLI250983;كومبو 2 قطعة فرد شد 1/2 انش 850 نيوتن + كور هواء ساخن ديجيتال + بطارية 5 امبير عدد 2 +شاحن 4 امبير+ اكسسوارات ضمن حقيبة بلاستيك TOTAL;111.98;https://hawarastore.com/wp-content/uploads/2026/02/TOSLI250983-878x1024.png;yes
TOSLI250993;كومبو 4 قطع 20 فولت مثقب بطارية 66 نيوتن + جلخ 4.5 انش 1000 واط BL +كور هواء سرعة واحدة + كشاف 2000 لومينز +بطارية 4 امبير عدد 2 + شاحن 4 امبير + اكسسوارات TOTAL;108.12;https://hawarastore.com/wp-content/uploads/2026/02/TOSLI250993-878x1024.png;yes
TOSLI251082;كومبو 4 قطع 20 فولت مثقب 86 نيوتن BL +فرد شد 1/4 انش 285 نيوتن + قصاصة خشب 185 مم+كشاف 2000 لومينز مع بطاريتين 4 امبير وشاحن +اكسسوارات TOTAL;154.68;https://hawarastore.com/wp-content/uploads/2026/03/TOSLI251082-878x1024.png;yes
TOSLI251083;كومبو 5 قطع 20 فولت مثقب 96 نيوتن BL + كسارة SDS قياس 26 مم+كسارة دق 35 مم+كور هواء + كشاف 2000 لومينز مع بطاريتين 4 امبير وشاحن +اضمن حقيبة عرباية TOTAL;231.01;https://hawarastore.com/wp-content/uploads/2026/02/TOSLI251083-853x1024.png;yes
TOSLI251085;كومبو 2 قطع 20 فولت منشار شجر 12 انش +منشار شجر 8 انش تزييت ذاتي مع بطاريتين 4 امبير وشاحن TOTAL;140.94;https://hawarastore.com/wp-content/uploads/2026/03/TOSLI251085-878x1024.png;yes
TOSLI251195;كومبو 3 قطع مثقب 86 نيوتن BL + جلخ 4.5 انش 1200 واط + كسارة 28 مم عزم 4.5 جول + بطارية 5 امبير عدد 2 + شاحن + اكسسوارات ضمن حقيبة بلاستيك TOTAL;146.42;https://hawarastore.com/wp-content/uploads/2026/04/TOSLI251195.jpeg;yes
TOSLI251198;مجموعة شحن بطارية 20 فولت 5 امبير عدد 3 على كرت بلاستيك ماركة TOTAL;67.57;https://hawarastore.com/wp-content/uploads/2026/05/TOSLI251198.jpeg;yes
TOSLI251296;مجموعة شحن بطارية 20 فولت 4 امبير عدد 3 على كرت بلاستيك ماركة TOTAL;52.13;https://hawarastore.com/wp-content/uploads/2026/06/TOSLI251296.png;yes
TOSLI260191;كومبو 3 قطع مثقب 66 نيوتن BL + جلخ 4.54 انش 1200 واط BL + فرد شد 1/4 انش 285 نيوتن + بطارية 4 امبير عدد 2 + شاحن + اكسسوارات ضمن حقيبة بلاستيك TOTAL;153.56;;no
TOSLI260285;كومبو 3 قطع فرد شد 1/2 انش 850 نيوتن + فرد شد 1/2 انش 405 نيوتن + لمبة عمل 300 لومينز + بطاريه 4 امبير عدد 2+  شاحن 4 امبير   TOTAL;124.99;;no
TOSLI260381;كومبو 2 قطعة فرد شد 1/2 انش 850 نيوتن BL + كور هواء ساخن 580 C +بطارية 5 امبير عدد 2 + شاحن + اكسسوارات ضمن حقيبة بلاستيك TOTAL;111.98;https://hawarastore.com/wp-content/uploads/2026/05/TOSLI260381.png;yes
TOSLI50501;كومبو 4 قطع كور هواء ساخن + لمبة عمل 2000 لومينز + فرد بخ دهان + فرد سيليكون حامي +بطارية 4 امبير عدد 2 + شاحن + اكسسوارات TOTAL;98.46;https://hawarastore.com/wp-content/uploads/2025/10/TOSLI50501.jpeg;yes
TOSLL0401;مجموعة 2 قطعة متر ليزري احمر 70 متر + شقلة ليزر اخضر خطين مجال 35 متر ماركة TOTAL;0;;no
TOSLL0502;طقم قطعتين متر ليزر 100 متر لون احمر+ شقلة ليزر خطين 35 متر لون اخضر ماركة TOTAL;41.07;https://hawarastore.com/wp-content/uploads/2026/04/TOSLL0502.jpeg;yes
TOTAL special offer 1;عرض رقم 1 طاقة شمسية;97.65;;no
TOTAL special offer 11;عرض رقم 11;148.8;;no
TOTAL special offer 12;عرض رقم 12;134.85;;no
TOTAL special offer 13;عرض رقم 13;51.15;;no
TOTAL special offer 14;عرض رقم 14;20.46;;no
TOTAL special offer 16;عرض رقم 16;102.3;;no
TOTAL special offer 17;عرض رقم 17 (TRHLI202287+TAGLI21154+TIDLI20558);158.1;;no
TOTAL special offer 18;عرض رقم 18 (TRHLI202287+TAGLI21154+TIDLI206681);139.5;;no
TOTAL special offer 19;عرض رقم 19 (TRHLI20168+TAGLI21154+TIDLI20668+THT261625);102.3;;no
TOTAL special offer 2;عرض رقم 2;130.2;;no
TOTAL special offer 20;عرض رقم 20 (TRHLI202682+TAGLI21154+TIDLI20558);158.1;;no
TP1016-2;قصاصة زفت بنزين 13 حصان بدون دسك وقياسها 45 سم وعمق القطع 14 سم ماركة TOTAL;754.14;https://hawarastore.com/wp-content/uploads/2024/03/TP1016-2E.png;no
TP1016-2E;قصاصة زفت بنزين 13 حصان بدون دسك وقياسها 45 سم وعمق القطع 14 سم F12 ماركة TOTAL;753.3;https://hawarastore.com/wp-content/uploads/2024/03/TP1016-2E.png;no
TP11418018;جلخ بوليش 7 انش 1400 واط صناعي TOTAL;49.6;https://hawarastore.com/wp-content/uploads/2024/05/TP11418018.png;no
TP11418026;جلخ بوليش 7 انش 1400 واط TOTAL مع تحكم بعزم اتوماتيكي مزود بغطاء لمنع الإحتكاك;54.45;;no
TP1141806;جلخ بوليش 7 انش 1400 واط TOTAL;53.27;https://hawarastore.com/wp-content/uploads/2024/03/TP1141806.png;no
TP1150006;مولدة بنزين 12000 واط فاز ونتر تشغيل كبسة مرش + حبلة TOTAL ملف نحاس;1640.52;https://hawarastore.com/wp-content/uploads/2025/08/TP1150006.png;yes
TP115001;مولدة بنزين 1200 واط حبلة TOTAL ملف المنيوم;130.24;https://hawarastore.com/wp-content/uploads/2024/05/TP115001-1.png;no
TP115005;مولدة بنزين 1200 واط حبلة TOTAL ملف المنيوم;140.78;https://hawarastore.com/wp-content/uploads/2025/08/TP115005.png;yes
TP130002;مولدة بنزين 3000 واط حبلة TOTAL ملف المنيوم;265.5;https://hawarastore.com/wp-content/uploads/2025/05/tp130002.jpg;no
TP130005;مولدة بنزين 3000 واط حبلة TOTAL ملف المنيوم;207.13;;no
TP135006;مولدة بنزين 3500 واط حبلة TOTAL ملف نحاس;252.36;https://hawarastore.com/wp-content/uploads/2025/08/TP135006E.png;yes
TP135006E;مولدة بنزين 3500 واط مرش + حبلة TOTAL ملف نحاس;315.46;https://hawarastore.com/wp-content/uploads/2025/08/TP135006E.png;yes
TP155001;مولدة بنزين 5500 واط مرش + حبلة TOTAL ملف نحاس;477.62;https://hawarastore.com/wp-content/uploads/2025/08/TP155001.png;yes
TP165006;مولدة بنزين 6500 واط مرش + حبلة TOTAL ملف نحاس;552.4;https://hawarastore.com/wp-content/uploads/2025/08/TP165006.png;yes
TP175006;مولدة بنزين 7500 واط مرش + حبلة TOTAL ملف نحاس;597.46;https://hawarastore.com/wp-content/uploads/2025/08/TP175006.png;yes
TP18001;مولدة بنزين 800 واط حبلة TOTAL ملف المنيوم;84.95;https://hawarastore.com/wp-content/uploads/2025/08/TP18001.png;yes
TP18005;مولدة بنزين 800 واط حبلة TOTAL ملف المنيوم موديل حديث;84.95;;no
TP190006;مولدة بنزين 9000 واط مرش + حبلة ماركة TOTAL ملف نحاس;642.36;https://hawarastore.com/wp-content/uploads/2025/08/TP190006T.png;no
TP2100K2;مولدة ديزل كاتمة 11000 واط ماركة TOTAL فاز ونتر ملف نحاس;3608.44;https://hawarastore.com/wp-content/uploads/2024/05/TP2100K2.png;no
TP2150K1;مولدة ديزل كاتمة 16500 واط ماركة TOTAL فاز ونتر ملف نحاس;5186.05;https://hawarastore.com/wp-content/uploads/2025/05/tp2150k1.webp;no
TP250001;مولدة ديزل كاتمة 5000 واط ماركة TOTAL فاز ونتر ملف نحاس;697.5;https://hawarastore.com/wp-content/uploads/2025/08/TP250001.png;no
TP265001;مولدة ديزل كاتمة 6500 واط ماركة TOTAL فاز ونتر ملف نحاس;1117.45;https://hawarastore.com/wp-content/uploads/2025/08/TP265001.png;no
TP280001;مولدة ديزل كاتمة 8000 واط مرش ماركة TOTAL فاز ونتر ملف نحاس;1574.99;https://hawarastore.com/wp-content/uploads/2024/03/TP280001.png;yes
TP3101;مضخة بنزين 1 انش صناعي محرك 2.5 حصان رفع اعظمي 16 لتر غزارة 100 ل/د TOTAL;78.86;https://hawarastore.com/wp-content/uploads/2025/08/TP3101.png;yes
TP3120001;مولدة انفيرتر بنزين مفتوح 11 كيلو واط ماركة TOTAL ملف نحاس;1158.91;https://hawarastore.com/wp-content/uploads/2025/08/TP3120001.png;no
TP3151;مضخة بنزين 1.5 انش صناعي محرك 2.5 حصان رفع اعظمي 18 متر غزارة 167 ل/د TOTAL;87.88;https://hawarastore.com/wp-content/uploads/2025/08/TP3151.png;yes
TP3201;مضخة بنزين 2 انش صناعي محرك 5.5 حصان رفع اعظمي 32 متر غزارة 550 ل/د TOTAL;99.6;https://hawarastore.com/wp-content/uploads/2025/08/TP3201.png;no
TP3201H;مضخة بنزين 2 انش صناعي محرك 7.5  حصان 75 متر رفع عالي بروانتين  TOTAL;169.78;;no
TP3202;مضخة بنزين 2 انش صناعي محرك 7 حصان TOTAL;117.18;https://hawarastore.com/wp-content/uploads/2024/10/TP3202.png;yes
TP3206;مضخة بنزين 2 انش صناعي محرك 7 حصان رفع 32 متر غزارة 550 ل/د TOTAL;0;;no
TP3301;مضخة بنزين 3 انش TOTAL محرك 6.5 حصان;128.19;https://hawarastore.com/wp-content/uploads/2024/05/TP3301-1.png;no
TP3302;مضخة بنزين 3 انش صناعي محرك 7 حصان رفع اعظمي 32 متر غزارة 100 ل/د TOTAL;144.58;https://hawarastore.com/wp-content/uploads/2025/08/TP3302.png;no
TP3306;مضخة بنزين 3 انش صناعي محرك 7 حصان رفع اعظمي 32 متر غزارة 1000 ل/د حديث ماركة TOTAL;136.23;;no
TP340001;مولدة انفيرتر 3500 واط حبلة مفتوح TOTAL ملف نحاس;290.1;https://hawarastore.com/wp-content/uploads/2025/08/TP340001.png;no
TP340006;مولدة انفيرتر 3500 واط حبلة TOTAL حديث ملف نحاس;258.61;https://hawarastore.com/wp-content/uploads/2025/10/TP340006.jpg;yes
TP3401;مضخة بنزين 4 انش TOTAL صناعي محرك 9 حصان;266.67;https://hawarastore.com/wp-content/uploads/2025/08/TP3401.png;yes
TP355001;مولدة انفيرتر 5500 واط مرش + حبلة TOTAL ملف نحاس;596.78;https://hawarastore.com/wp-content/uploads/2025/08/TP355001.png;no
TP365006;مولدة بنزين انفيرتر 5500 واط مرش + حبلة حديث TOTAL ملف نحاس;553.03;;no
TP375001;مولدة انفيرتر بنزين 7500 واط حبلة + مرش TOTAL ملف نحاس;720.62;https://hawarastore.com/wp-content/uploads/2025/08/TP375001.png;no
TP425381;قصاصة عشب بنزين يدوية 750 واط TOTAL;91.33;https://hawarastore.com/wp-content/uploads/2024/05/TP425381.png;no
TP445441;قصاصة عشب بنزين لطاشة يدوية 1250 واط TOTAL;102.48;https://hawarastore.com/wp-content/uploads/2024/05/TP445441.png;no
TP445442;قصاصة عشب بنزين لطاشة يدوية 1250 واط TOTAL عصا قطعة واحدة مع شفرة قص;113.18;https://hawarastore.com/wp-content/uploads/2024/05/TP445442.png;no
TP446001;مولدة ديزل 4600 واط فاز ونتر +طرنس 180 امبير TOTAL;1114.29;https://hawarastore.com/wp-content/uploads/2025/08/TP446001.png;yes
TP515006;مولدة انفيرتر بنزين 1100 واط حبلة TOTAL ملف نحاس;235.85;https://hawarastore.com/wp-content/uploads/2025/08/TP515006.png;yes
TP5201;مضخة ديزل 2 انش صناعي محرك 3.8 حصان رفع اعظمي 30 متر غزارة 533 ل/د TOTAL;280.79;https://hawarastore.com/wp-content/uploads/2025/08/TP5201.png;yes
TP523006;مولدة انفيرتر بنزين 2000 واط حبلة TOTAL ملف نحاس;320.85;https://hawarastore.com/wp-content/uploads/2025/08/TP523006.png;yes
TP530001;مولدة انفيرتر بنزين 2200 واط حبلة TOTAL ملف نحاس;427.8;https://hawarastore.com/wp-content/uploads/2025/08/TP530001.png;yes
TP5301;مضخة ديزل 3 انش صناعي محرك 5.5 حصان رفع اعظمي 28 متر غزارة 1000 ل/د TOTAL;349.38;https://hawarastore.com/wp-content/uploads/2025/08/TP5301.png;no
TP535006;مولدة انفيرتر بنزين 3200 واط حبلة موديل حديثTOTAL ملف نحاس;417.38;https://hawarastore.com/wp-content/uploads/2025/08/TP535006.png;no
TP535006RC;مولدة انفيرتر 3200 واط ريموت كنترول +كبسة مرش TOTAL;556.51;;no
TP5401;مضخة ديزل 4 انش صناعي محرك 8.3 حصان TOTAL;479.43;https://hawarastore.com/wp-content/uploads/2025/08/TP5401.png;no
TP5434411;قصاصة عشب بنزين يدوية لطاشة + ديسك 1250 واط ماركة TOTAL قطعة واحدة;95.5;https://hawarastore.com/wp-content/uploads/2025/08/TP5434411.png;no
TP5434421;قصاصة عشب لطاشة بنزين يدوية 1250 واط موديل حديث واط TOTAL وزن 7.5 كغ قطعتين;95.5;https://hawarastore.com/wp-content/uploads/2025/08/TP5434421.png;no
TP547506E;مولدة انفيرتر بنزين 4000 واط كبسة مرش + حبلة TOTAL ملف نحاس;647.89;https://hawarastore.com/wp-content/uploads/2025/08/TP547506E.png;yes
TP547506ERC;مولدة بنزين انفيرتر 4000 واط ريموت كنترول +كبسة مرش + حبلة TOTAL ملف نحاس;748.13;;no
TP5524411;قصاصة عشب بنزين لطاشة يدوية 1400 واط TOTAL عصا قطعة واحدة مع شفرة قص ماركة TOTAL;98.39;https://hawarastore.com/wp-content/uploads/2025/08/TP5524411.png;no
TP5624411;قصاصة عشب بنزين يدوية KW 2.4 (( 3.8 HP )) ماركة TOTAL;0;;no
TP585006;مولدة بنزين انفيرتر 8500 واط ريموت كنترول +كبسة مرش + حبلة TOTAL ملف نحاس;1389.38;;no
TP630-22;رجاج باطون بنزين 5.5 حصان 21.5 كغ TOTAL;182.13;https://hawarastore.com/wp-content/uploads/2025/08/TP630-22.png;yes
TP7060-2;رجاج باطون بنزين 6.5 حصان 60 كغ 450 متر مربع/ساعة ماركة TOTAL;379.76;https://hawarastore.com/wp-content/uploads/2024/03/TP7060-2.png;yes
TP7100-2;رجاج باطون بنزين 6.5 حصان 90 كغ 660 متر مربع/ساعة ماركة TOTAL;415.8;https://hawarastore.com/wp-content/uploads/2024/03/TP7100-2.png;yes
TP7125-2;رجاج باطون بنزين 6.5 حصان 127 كغ 500 متر مربع/ساعة امام خلف ماركة TOTAL;805.52;https://hawarastore.com/wp-content/uploads/2025/08/TP7125-2.png;yes
TP7160-2;رجاج باطون بنزين 160 كغ 9 حصان امام خلف 450 متر مربع/ساعة ماركة TOTAL;1089.94;https://hawarastore.com/wp-content/uploads/2025/08/TP7160-2.png;no
TP7160-4;رجاج باطون ديزل 160 كغ 9 حصان امام خلف 405 متر مربع/ساعة ماركة TOTAL;1090.89;;no
TP880-2;رجاج باطون بنزين 6.5 حصان 79 كغ ماركة TOTAL;717.14;https://hawarastore.com/wp-content/uploads/2025/08/TP880-2.png;no
TP9216;وجه لحام 90*110 مع مثبت على الرأس موديل C صناعي TOTAL;0;;no
TP9361-1;طيارة لرج الباطون بنزين محرك 5.5حصان 78 كغ قطر 91سم TOTAL محرك (هوندا);695.64;https://hawarastore.com/wp-content/uploads/2024/05/TP9361-1.png;no
TP9361-2;طيارة لرج الباطون بنزين محرك 6.5 حصان 78 كغ قطر 91سم TOTAL;519.36;https://hawarastore.com/wp-content/uploads/2025/08/TP9361-2.png;no
TPB30160;فرشاة تنظيف مسبح عرض 195 ملم- ذراع عدد 2 30 سم لزوم مغسل TPWLI2008 حديث ماركة TOTAL;9.1;https://hawarastore.com/wp-content/uploads/2025/08/TPB30160.png;no
TPBX0141;صندوق عدة بلاستيك 14 انش قفل بلاستيك ماركة TOTAL;4.2;https://hawarastore.com/wp-content/uploads/2025/05/TPBX0141.png;no
TPBX0142;صندوق عدة بلاستيك 14 انش قفل حديد ماركة TOTAL;4.55;https://hawarastore.com/wp-content/uploads/2025/05/TPBX0142.png;no
TPBX0171;صندوق عدة بلاستيك 17 انش قفل بلاستيك ماركة TOTAL;6.33;https://hawarastore.com/wp-content/uploads/2025/05/TPBX0171.png;no
TPBX0172;صندوق عدة بلاستيك 17 انش قفل حديد ماركة TOTAL;7.25;https://hawarastore.com/wp-content/uploads/2025/05/TPBX0172.png;no
TPBX0201;صندوق عدة بلاستيك 20 انش ماركة TOTAL;10.73;https://hawarastore.com/wp-content/uploads/2025/05/TPBX0201.png;no
TPBX0202;صندوق عدة بلاستيك 20 انش قفل معدن ماركة TOTAL;11.13;https://hawarastore.com/wp-content/uploads/2025/05/TPBX0202.png;no
TPBX0252;صندوق عدة بلاستيك قياس 25 انش ( 625*380*315 ) انش اقطى حمل 25 كغ وزن 2.8 كغ ماركة TOTAL;12.04;;no
TPBX1121;صندوق براغي بلاستيك 12 انش TOTAL;2.77;https://hawarastore.com/wp-content/uploads/2025/05/TPBX1121.png;no
TPBX1151;صندوق براغي بلاستيك 15 انش TOTAL;3.6;https://hawarastore.com/wp-content/uploads/2025/05/TPBX1151.png;no
TPBXK0031;طقم صناديق عدة بلاستيك عدد 3 قياس 14 انش + 17 انش + 20 انش قفل بلاستيك ماركة TOTAL;16.61;;no
TPBXK0032;طقم صناديق عدة بلاستيك عدد 3 قياس 14 انش + 17 انش + 20 انش قفل معدن ماركة TOTAL;22.05;https://hawarastore.com/wp-content/uploads/2025/05/TPBXK0032.png;no
TPBXS101;صندوق عدة بلاستيك 16 انش TOTAL قابل للتطبيق فوق عربة دواليب;5.91;;no
TPBXS102;صندوق عدة بلاستيك 19انش TOTAL قابل للتطبيق فوق عربة دواليب;6.43;;no
TPBXS103;حقيبة عدة بلاستيك 19 انش عميق قابل للتطبيق TOTAL;11.28;https://hawarastore.com/wp-content/uploads/2026/02/TPBXS103.png;yes
TPC9203556;قصاصة باطون 2800 واط ديسك 35.5 سم داخلي 25.4 سماكة 3 مم صناعي ماركة TOTAL;255.04;https://hawarastore.com/wp-content/uploads/2025/08/TPC9203556.png;no
TPEF1561;شفاط مطبخ صناعي مدور 15 سم 15 واط ( صناعي ) TOTAL;7.21;https://hawarastore.com/wp-content/uploads/2025/08/TPEF1561.png;yes
TPEF3081;شفاط مطبخ صناعي مربع 20*20 سم 30 واط ( صناعي ) TOTAL;15.74;https://hawarastore.com/wp-content/uploads/2025/08/TPEF3081.png;yes
TPEF38101;شفاط مطبخ صناعي مربع 25*25 سم 38 واط ( صناعي ) TOTAL;17.93;https://hawarastore.com/wp-content/uploads/2025/08/TPEF38101.png;yes
TPEF48121;شفاط مطبخ صناعي مربع 30*30 سم 48 واط ( صناعي ) TOTAL;21.76;https://hawarastore.com/wp-content/uploads/2025/08/TPEF48121.png;yes
TPHBRK01035;مجموعة اصلاح هيدروليكية 10 طن وزن 28 كغ ضمن حقيبة بلاستيك صناعي ماركة TOTAL;124.62;https://hawarastore.com/wp-content/uploads/2024/05/TPHBRK01035.png;no
TPHSK0401;طقم 4 قطع لزوم اعمال دقيقة TOTAL;2.22;https://hawarastore.com/wp-content/uploads/2025/08/TPHSK0401.png;yes
TPHT201601;قصاصة سور 20 فولت 18 انش تطويلة 60 سم بدون بطارية و شاحن ماركة TOTAL حديث;65.81;https://hawarastore.com/wp-content/uploads/2025/08/TPHT201601.png;yes
TPSLI2014;حفافة بطارية 20 فولت مثلثة بدون بطارية وشاحن TOTAL حديث;19.98;https://hawarastore.com/wp-content/uploads/2025/08/TPSLI2014.png;yes
TPSLI20241;حفافة بطارية 20 فولت مثلثة + بطارية 2 امبير + شاحن TOTAL;36.44;https://hawarastore.com/wp-content/uploads/2026/02/TPSLI20241.png;yes
TPSLI20281;منشار شجر بطارية 20 فولت BL تطويلة طول 2 متر + بطارية 2 امبير + شاحن ماركة TOTAL;88.71;;no
TPTS201681;مجموعة قطعتين منشار شجر بطارية 20 فولت 8 انش قابل للتطويل 40-0 سم + قصاصة عشب سور 18 انش + بطارية 2 امبير + شاحن TOTAL حديث;116.44;https://hawarastore.com/wp-content/uploads/2025/08/TPTS201681.png;yes
TPVP1382;ابرة رجاج طول الرأس 58 سم قطر 38 مم طول 6 متر TOTAL;55.49;https://hawarastore.com/wp-content/uploads/2024/05/TPVP1602.png;yes
TPVP1382-box;علب فارغة;0;;no
TPVP1452;ابرة رجاج طول الرأس 58 سم قطر 45 مم طول 6 متر TOTAL;60;https://hawarastore.com/wp-content/uploads/2024/05/TPVP1602.png;no
TPVP1602;ابرة رجاج طول الرأس 58 سم قطر 60 مم طول 6 متر TOTAL;80.44;https://hawarastore.com/wp-content/uploads/2025/08/TPVP1602.png;yes
TPVS41003;منظم رافع جهد سيرفو 10KVA من 110 الى 250 KVA ماركة TOTAL مع حماية من الارتفاع والانخفاض 184+246 +-4% مع ميزة تأخير +بايباس;362.59;https://hawarastore.com/wp-content/uploads/2025/08/TPVS41003.png;no
TPVS42003;منظم رافع جهد سيرفو 20 KVA من 110 الى 250 KVA ماركة TOTAL مع حماية من الارتفاع والانخفاض 184+246 +-4% مع ميزة تأخير +بايباس صناعي;688.18;https://hawarastore.com/wp-content/uploads/2025/05/TPVS42003.png;no
TPWLI2008;مغسل سيارات بطارية 20 فولت ضغط 24.8 بار تدفق 2.2 ليتر بدون بطارية وشاحن ماركة TOTAL;35.56;https://hawarastore.com/wp-content/uploads/2024/05/TPWLI2008-1.png;no
TPWLI20084;مغسل سيارات بطارية 20 فولت ضغط 24.8 بار تدفق 2.2 ليتر بالدقيقة مع نظام إيقاف الي + بطارية 4 امبير عدد 1 + شاحن + اكسسوارات TOTAL;70.61;https://hawarastore.com/wp-content/uploads/2025/08/TPWLI20084.png;no
TPWLI20362;مغسل سيارات بطارية 20 فولت ضغط 24.4 بار تدفق 2.8 ليتر/د + بطارية 2 امبير + شاحن + مجموعة اكسسوارات 4 قطع TOTAL;36.96;https://hawarastore.com/wp-content/uploads/2025/08/TPWLI20362.png;yes
TPWLI20582;مغسل سيارات بطارية 20 فولت ضغط 24.4 بار تدفق 2.8 ليتر/د + بطارية 2 امبيرعدد 2 + شاحن مع راس خمس حركات + مجموعة اكسسوارات 4 قطع TOTAL;50;;no
TPWLI4006;مغسل سيارات بطارية 40 فولت BL سعة 15 لتر 80 بار غزارة 4 ل/د بدون بطارية و شاحن تحكم باللمس+ خرطوم 5 متر TOTAL حديث;128.24;https://hawarastore.com/wp-content/uploads/2025/08/TPWLI4006.png;yes
TR110816;روتر خشب 1200 واط صناعي TOTAL;45.3;https://hawarastore.com/wp-content/uploads/2024/03/TR110816.png;no
TR111216;روتر خشب 1600 واط قياس 6-8-12 مع دليل المنيوم TOTAL;54.89;https://hawarastore.com/wp-content/uploads/2024/05/TR111216.png;no
TR11122;روتر خشب 2200 واط 6-8-12 مم TOTAL;70.31;https://hawarastore.com/wp-content/uploads/2024/03/TR11122.png;no
TR111226;روتر خشب 2200 واط صناعي حديث 6-8-12 مم ماركة TOTAL;70.53;https://hawarastore.com/wp-content/uploads/2024/03/TR111226.png;no
TRC2304;قفل ضفدعة 1/4 1 انش قطعتين مع براغي ماركة TOTAL;0.51;https://hawarastore.com/wp-content/uploads/2025/08/TRC2304.png;yes
TRCLI2002;قطاعة كبل 20 فولت 85 مم مع بطاريتين 4 امبير وشاحن ضمن حقيبة بلاستيك TOTAL;843.25;https://hawarastore.com/wp-content/uploads/2025/08/TRCLI2002.png;yes
TRHLI1601;مثقب بطارية 20 فولت 1.5جول SDS PLUS بدون شاحن وبطارية TOTAL;41.67;https://hawarastore.com/wp-content/uploads/2025/08/TRHLI1601.png;no
TRHLI16168;مثقب بطارية 16 فولت SDS محرك BL + بطارية 2 امبير عدد 2 + شاحن+ اكسسوارات ضمن حقيبة بلاستيك ماركة TOTAL;59.79;https://hawarastore.com/wp-content/uploads/2025/08/TRHLI16168.png;yes
TRHLI20168;مثقب بطارية 20 فولت 16 مم SDS PLUS قوة طرق 1.5 جول بدون شاحن وبطارية TOTAL حديث;31.25;https://hawarastore.com/wp-content/uploads/2025/08/TRHLI20168.png;yes
TRHLI201681;مثقب بطارية 20 فولت 1.5 جول SDS + بطارية 2 امبير + شاحن + اكسسوارات ضمن حقيبة بلاستيك TOTAL;49.1;https://hawarastore.com/wp-content/uploads/2025/08/TRHLI201681.png;yes
TRHLI20188;مثقب بطارية 20 فولت 18 مم SDS PLUS طرق 1.8 جول BL بدون بطارية وشاحن TOTAL;38.9;https://hawarastore.com/wp-content/uploads/2025/08/TRHLI20188.png;yes
TRHLI201881;مثقب بطارية 20 فولت 18مم 1.8جول BL SDS PLUS + بطارية 2 امبير + شاحن + اكسسوارات ضمن حقيبة بلاستيك TOTAL;57.85;https://hawarastore.com/wp-content/uploads/2025/08/TRHLI201881.png;yes
TRHLI20208;كسارة بطارية 20 فولت 2 جول 22 مم BL + اكسسوارات بدون بطارية وشاحن TOTAL;43.59;https://hawarastore.com/wp-content/uploads/2025/08/TRHLI202081.png;no
TRHLI202081;كسارة بطارية 20 فولت 2 جول 22 مم BL + بطارية 4 امبير عدد 1 + شاحن ضمن حقيبة بلاستيك TOTAL;76.02;https://hawarastore.com/wp-content/uploads/2024/10/TRHLI202081.png;no
TRHLI20228;كسارة بطارية 20 فولت 2.5 جول 26 BL + اكسسوارات بدون بطارية وشاحن TOTAL;59.13;https://hawarastore.com/wp-content/uploads/2025/08/TRHLI20228.png;yes
TRHLI202287;كسارة بطارية 20 فولت 2.5 جول 26 مم BL + بطارية 4 امبير عدد 2 + شاحن + اكسسوارات ضمن حقيبة بلاستيك TOTAL;106.19;https://hawarastore.com/wp-content/uploads/2025/08/TRHLI202287.png;no
TRHLI202289;كسارة بطارية 20 فولت 2.5 جول 26 مم BL + بطارية 4 امبير عدد 2 + شاحن + كوان اضافي ضمن حقيبة بلاستيك TOTAL;126.7;https://hawarastore.com/wp-content/uploads/2024/10/TRHLI202289.png;no
TRHLI20248;كسارة بطارية 20 فولت 2.4 جول24 مم BL بدون بطارية وشاحن ماركة TOTAL;48.21;https://hawarastore.com/wp-content/uploads/2026/03/TRHLI20248.png;yes
TRHLI202482;كسارة بطارية 20 فولت 2.4 جول24 مم BL + بطارية 4 امبير عدد 2 +شاحن 4 امبير ضمن حقيبة بلاستيك TOTAL;88.71;https://hawarastore.com/wp-content/uploads/2026/02/TRHLI202482.png;yes
TRHLI20268;كسارة بطارية 20 فولت 2.5 جول 26 مم BL بدون بطارية وشاحن TOTAL حديث;52.08;https://hawarastore.com/wp-content/uploads/2026/02/TRHLI20268.png;yes
TRHLI202682;كسارة بطارية 20 فولت 2.5 جول 26 مم BL + بطارية 4 امبير عدد 2 + شاحن + اكسسوارات ضمن حقيبة بلاستيك TOTAL حديث;87.79;https://hawarastore.com/wp-content/uploads/2025/08/TRHLI202682.png;yes
TRHLI202689;كسارة بطارية 20 فولت 2.5 جول 26 مم BL بطارية 4 امبير عدد 2 +شاحن 4 امبير مع كوانة اضافية اتوماتيك + اكسسوارات ضمن حقيبة بلاستيك TOTAL;115.71;https://hawarastore.com/wp-content/uploads/2026/02/TRHLI202689.png;yes
TRHLI20286;كسارة بطارية 20 فولت 28 مم 4.5 جول BL-SDS-PLUS بدون بطارية وشاحن مع اكسسوارات TOTAL;65.89;https://hawarastore.com/wp-content/uploads/2026/02/TRHLI20286.png;yes
TRHLI202862;كسارة بطارية 20 فولت 28 مم 4.5 جول BL-SDS-PLUS +بطارية 5 امبير عدد 2 + شاحن + اكسسوارات ضمن حقيبة بلاستيك TOTAL;111.85;https://hawarastore.com/wp-content/uploads/2026/02/TRHLI202862.png;yes
TRHLI20288;كسارة بطارية 20 فولت 4.5 جول 28 مم BL بدون بطارية وشاحن TOTAL;66.74;https://hawarastore.com/wp-content/uploads/2025/08/TRHLI20288.png;yes
TRHLI202882;كسارة بطارية 20 فولت 4.5 جول 28 مم BL + بطارية 4 امبير عدد 2 + شاحن + اكسسوارات ضمن حقيبة بلاستيك TOTAL;126.7;https://hawarastore.com/wp-content/uploads/2024/05/TRHLI202882.png;no
TRHLI202885;كسارة بطارية 20 فولت 4.5 جول 28 مم BL + بطارية 5 امبيرعدد 2 + شاحن + اكسسوارات ضمن حقيبة بلاستيك TOTAL حديث;120.67;;no
TRHLI21228;كسارة بطارية 20 فولت 2 جول 22 مم BL بدون بطارية وشاحن TOTAL;43.44;;no
TRHLI212282;كسارة بطارية 20 فولت 2 جول 22 مم BL + بطارية 4 امبير عدد 2 + شاحن + اكسسوارات ضمن حقيبة بلاستيك TOTAL;71.42;;no
TRHLI2201;كسارة بطارية 20 فولت 1.5 جول 22 مم BL + اكسسوارات بدون بطارية وشاحن TOTAL;86.08;https://hawarastore.com/wp-content/uploads/2024/05/TRHLI2201.png;no
TRHLI22012;كسارة بطارية 20 فولت 1.5جول 22 مم BL + بطارية 4 امبير عدد 2 + شاحن مع حقيبة قماشية TOTAL;157.03;https://hawarastore.com/wp-content/uploads/2025/05/TRHLI22012.png;no
TRHLI26208;كسارة بطارية 20 فولت 26 مم 2.5 جول BL بدون بطارية وشاحن ماركة TOTAL;55.44;https://hawarastore.com/wp-content/uploads/2026/03/TRHLI262085.webp;yes
TRHLI262085;كسارة بطارية 20 فولت 2.5 جول 26 مم BL + بطارية 4 امبير عدد 2 + شاحن 4 امبير+ اكسسوارات ضمن حقيبة بلاستيك موديل حديث TOTAL;0;;no
TRHLI422482;كسارة بطارية 42 فولت 24 مم 2.4 جول BL +بطارية 2 امبير عدد 2 + شاحن + اكسسوارات ضمن حقيبة بلاستيك TOTAL;98.36;https://hawarastore.com/wp-content/uploads/2026/04/TRHLI422482.png;yes
TRHLI422682;كسارة بطارية 42 فولت 2.5 جول 26 مم BL + بطارية 2 امبير عدد 2 + شاحن + اكسسوارات ضمن حقيبة بلاستيك TOTAL;98.03;https://hawarastore.com/wp-content/uploads/2025/09/TRHLI422682.jpg;yes
TRHLI422882;كسارة بطارية 42 فولت 4.5 جول 28 مم BL + بطارية 2.5 امبير عدد 2 + شاحن + اكسسوارات ضمن حقيبة بلاستيك TOTAL;130.17;https://hawarastore.com/wp-content/uploads/2025/09/TRHLI422882.jpg;yes
TR-L44;IC باور TRL44 لزوم طرنس لحام الكنروني;0.1;;no
TRLF4415;مصباح بنجكتور بطارية 3.6 فولت TOTAL;22.78;https://hawarastore.com/wp-content/uploads/2025/08/TRLF4415.png;yes
TRLI20401;فارة خشب بطارية 20 فولت BL بدون بطارية وشاحن موديل ماكيتا TOTAL;48.21;https://hawarastore.com/wp-content/uploads/2025/08/TRLI20401.png;no
TROSLI2001;حفافة بطارية 20 فولت دائرية الشكل بدون بطارية وشاحن TOTAL;37.71;https://hawarastore.com/wp-content/uploads/2025/08/TROSLI2001.png;no
TROSLI2002;حفافة بطارية 20 فولت دائرية قطر 5 انش + 5 ورقة برداغ بدون بطارية وشاحن TOTAL حديث;32.02;https://hawarastore.com/wp-content/uploads/2026/02/TROSLI2002.png;yes
TRSB1001;طقم 10 قطع نصلات منشار ترددي قص حديد + خشب +المنيوم ماركة TOTAL;6.99;https://hawarastore.com/wp-content/uploads/2025/08/TRSB1001.png;yes
TRSB1111DF;طقم 5 قطع نصلات منشار ترددي قص خشب ماركة TOTAL;4.75;https://hawarastore.com/wp-content/uploads/2025/08/TRSB1111DF.png;yes
TRSB922EF;طقم 5 قطع نصلات منشار ترددي قص حديد ماركة TOTAL;2.97;https://hawarastore.com/wp-content/uploads/2025/08/TRSB922EF.png;no
TRSLI1151;منشار ترددي بطارية 20 فولت بدون بطارية وشاحن TOTAL حديث ..;59.24;https://hawarastore.com/wp-content/uploads/2025/08/TRSLI1151.png;no
TRSLI1152;منشار ترددي بطارية 20 فولت بدون بطارية وشاحن حديث بديل TRSLI1151;0;;no
TRSLI2108;منشار ترددي بطارية 20 فولت بدون بطارية وشاحن TOTAL;38.38;;no
TRSLI6506;منشار ترددي بطارية 20 فولت جسم قصير بدون بطارية وشاحن TOTAL حديث;27.59;https://hawarastore.com/wp-content/uploads/2025/08/TRSLI6506.png;no
TRTLI2005;فرد تبشيم بطارية 20 فولت عزم 20 نيوتن مجال 25 مم ماركة TOTAL بدون بطارية و شاحن;125.82;https://hawarastore.com/wp-content/uploads/2025/08/TRTLI2005.png;no
TS1001201;منشار ترددي 1200 واط حديث TOTAL;66.08;;no
TS100756;منشار ترددي 750 واط أحدث موديل TOTAL;40.86;;no
TS100802;منشار ترددي خشب + حديد 750 واط TOTAL;41.85;https://hawarastore.com/wp-content/uploads/2025/05/TS100802.jpg;no
TS100806;منشار ترددي 750 واط حديث TOTAL;56.38;https://hawarastore.com/wp-content/uploads/2025/08/TS100806.png;yes
TS1121856;قصاصة خشب 1200 واط 20 × 185 مم TOTAL (( صناعي ));43.24;https://hawarastore.com/wp-content/uploads/2025/05/TS1121856.png;no
TS11218576;قصاصة خشب 1200 واط 20 × 185 مم موديل حديث TOTAL;32.81;;no
TS11418526;قصاصة خشب 1400 واط 20 × 185 مم موديل حديث TOTAL;38.69;;no
TS1141856;قصاصة خشب 1400 واط 18.5 سم TOTAL;45.18;https://hawarastore.com/wp-content/uploads/2024/03/TS1141856.png;no
TS1161856;قصاصة خشب 1600 واط 20 × 185 مم TOTAL;45.31;https://hawarastore.com/wp-content/uploads/2025/08/TS1161856.png;no
TS1222356;قصاصة خشب 2200 واط 25.4 × 235 مم TOTAL جسم المنيوم;79.58;https://hawarastore.com/wp-content/uploads/2024/03/TS1222356.png;no
TS122235622;قصاصة خشب 2200 واط 25.4 × 235 مم حديث TOTAL حديث;60.93;;no
TS204556;خراقة 400 واط مع 3 ريش ماركة TOTAL;21.46;https://hawarastore.com/wp-content/uploads/2025/08/TS204556.png;yes
TS205656;خراقة خشب + حديد 570 واط TOTAL;25.28;https://hawarastore.com/wp-content/uploads/2025/05/TS205656.jpg;no
TS206656;خراقة خشب + حديد 570 واط مع 3 ريش TOTAL;22.5;https://hawarastore.com/wp-content/uploads/2025/08/TS206656.png;no
TS206806;خراقة خشب + حديد 650 واط مع 5 نصلات هدية TOTAL;39.77;https://hawarastore.com/wp-content/uploads/2025/08/TS206806.png;no
TS2081006;خراقة خشب + حديد 800 واط مع 5 نصلات هدية TOTAL;37.57;https://hawarastore.com/wp-content/uploads/2025/08/TS2081006.png;no
TS2081106;خراقة 750 واط صناعية علبة مسننات معدن TOTAL;53.8;https://hawarastore.com/wp-content/uploads/2025/05/TS2081106-1024x760.webp;no
TS2081356;خراقة خشب + حديد 800 واط حديث ثقيل علبة مسننات معدن مع 5 نصلات هدية TOTAL;46.8;https://hawarastore.com/wp-content/uploads/2025/08/TS2081356.png;no
TS223558;قصاصة حديد 2200 واط ديسك 25.4 × 355 مم ماركة TOTAL;76.56;https://hawarastore.com/wp-content/uploads/2025/08/TS223558.png;no
TS223589;قصاصة حديد 2200 واط ماركة TOTAL;74.17;https://hawarastore.com/wp-content/uploads/2024/05/TS223589.png;no
TS3006;جهاز ترددي متعدد الوظائف 300 واط + مجموعة اكسسوارات TOTAL حديث;24.4;https://hawarastore.com/wp-content/uploads/2025/08/TS3006.png;yes
TS3141102;قصاصة رخام 1400 واط + اكسسوارات وحنفية بلاستيك للمياه TOTAL;44.31;https://hawarastore.com/wp-content/uploads/2025/08/TS3141102.png;yes
TS3141106;قصاصة رخام 1400 واط + اكسسوارات وحنفية بلاستيك للمياه موديل حديث TOTAL;33.21;;no
TS42142101;قصاصة خشب زاوية 1400 واط TOTAL مع كيس غبار;65.6;https://hawarastore.com/wp-content/uploads/2024/05/TS42142101.png;no
TS42142107;قصاصة خشب زاويه 1400 واط ديسك 210x25.4 مم TOTAL موديل حديث;66.53;https://hawarastore.com/wp-content/uploads/2025/08/TS42142107.png;yes
TS42152557;قصاصة خشب زاوية 1800 واط ديسك 255x25.4 مم TOTAL موديل حديث;107.2;;no
TS42163051;قصاصة خشب زاوية 1600 واط صناعي TOTAL مع كيس غبار محرك عادي دسك 305 مم;265.09;https://hawarastore.com/wp-content/uploads/2025/08/TS42163051.png;no
TS42182551;قصاصة خشب زاوية + سحابة 1800 واط مع كيس غبار TOTAL;183.52;https://hawarastore.com/wp-content/uploads/2025/08/TS421825517.png;no
TS421825517;قصاصة خشب زاوية + سحابة 1800 واط دسك 255x25.4 مم مع كيس غبار TOTAL موديل حديث;138.61;https://hawarastore.com/wp-content/uploads/2025/08/TS421825517.png;yes
TS42182552;قصاصة خشب زاوية 1800 واط ديسك 25.5 سم ماركة TOTAL;129.74;https://hawarastore.com/wp-content/uploads/2024/03/TS42182552.png;no
TS42182553;قصاصة خشب زاوية 1800 واط ديسك 25.4 سم صناعي ماركة TOTAL;186.47;https://hawarastore.com/wp-content/uploads/2024/03/TS42182553.png;no
TS42183057;قصاصة خشب زاويه + سحابة 2400 واط صناعي دسك 305x30 مم ماركة TOTAL;206.98;https://hawarastore.com/wp-content/uploads/2025/08/TS42183057.png;yes
TS5152542;قصاصة خشب طاولة 1500 واط صناعي TOTALمحرك فحمات;273;https://hawarastore.com/wp-content/uploads/2025/08/TS5152542.png;no
TS5152543;قصاصة خشب والمنيوم طاولة 1500 واط ماركة TOTAL;188.22;https://hawarastore.com/wp-content/uploads/2024/03/TS5152543.png;no
TS5152548;قصاصة خشب طاولة 1500 واط 254x16 مم طاولة قياس 640 × 430 TOTAL;152.37;https://hawarastore.com/wp-content/uploads/2025/08/TS5152548.png;no
TS51825428;قصاصة خشب طاولة 1800 واط 254x16 مم طاولة قياس 722 × 520 صناعي ماركة TOTAL;231.98;https://hawarastore.com/wp-content/uploads/2025/08/TS51825428.png;no
TS526043;قصاصة خشب والمنيوم طاولة 2600 واط 254x25.4 مم قياس الطاولة 549 مم *643 مم TOTAL;269.92;https://hawarastore.com/wp-content/uploads/2025/08/TS526043.png;no
TS6082001;قصاصة سيراميك كهربائية طاولة 800 واط صناعي TOTAL;184.64;https://hawarastore.com/wp-content/uploads/2025/08/TS6082001.png;yes
TS6112501;قصاصة سيراميك كهربائية طاولة 1100 واط صناعي TOTAL;507.56;https://hawarastore.com/wp-content/uploads/2025/08/TS6112501.png;yes
TS70906;ماكينة تكعيب بسكويت 950 واط TOTAL;59.54;https://hawarastore.com/wp-content/uploads/2025/08/TS70906.png;no
TS730301;شلة صغيرة 350 واط عرض 23 سم ارتفاع 8 سم قياس الطاولة 30*30 لزوم نجارين TOTAL;142.65;https://hawarastore.com/wp-content/uploads/2025/08/TS730301.png;no
TS88501;خراقة زخرفة على قاعدة 85 واط صناعية TOTAL;71.04;https://hawarastore.com/wp-content/uploads/2025/08/TS88501.png;no
TS92035526;قصاصة حديد 2350 واط ماركة TOTAL;96.54;https://hawarastore.com/wp-content/uploads/2024/05/TS92035526.png;no
TS9204051;قصاصة حديد 3000 واط محرك 4 حصان فاز ونتر TOTAL (( صناعي ));220.65;https://hawarastore.com/wp-content/uploads/2024/03/TS9204051.png;no
TS9204052;قصاصة حديد 3000 واط محرك 4 حصان 380 فولت TOTAL (( صناعي ));203.89;https://hawarastore.com/wp-content/uploads/2025/05/TS9204052.png;no
TS92435526;قصاصة حديد 2400 واط محرم فحمات TOTAL;112.33;https://hawarastore.com/wp-content/uploads/2024/03/TS92435526.png;no
TS9243558;قصاصة حديد 2400 واط ديسك 25.4 × 355 مم ماركة TOTAL;85.01;https://hawarastore.com/wp-content/uploads/2024/10/TS9243558-1.png;no
TSB10405;زاوية عدد 2 10 × 12 سم مع براغي ماركة TOTAL;0.32;https://hawarastore.com/wp-content/uploads/2025/08/TSB10405.png;yes
TSB10506;زاوية 12 × 15سم عدد 2 قطع مع براغي ماركة TOTAL;0.36;https://hawarastore.com/wp-content/uploads/2025/08/TSB10506.png;yes
TSB10608;زاوية حديد لون ابيض 20 × 15 سم ماركة TOTAL;0.43;https://hawarastore.com/wp-content/uploads/2025/08/TSB10608.png;yes
TSB10810;زاوية 20 × 25 سم عدد 2 قطع مع براغي ماركة TOTAL;0.58;https://hawarastore.com/wp-content/uploads/2025/08/TSB10810.png;yes
TSB11012;زاوية عدد 2 25 × 30 سم مع براغي ماركة TOTAL;0.73;https://hawarastore.com/wp-content/uploads/2025/08/TSB11012.png;yes
TSB11214;زاوية 30 × 35 سم عدد 2 قطع مع براغي ماركة TOTAL;0.93;https://hawarastore.com/wp-content/uploads/2025/08/TSB11214.png;yes
TSCM120;مضخة خزان مياه ساخنة 120 واط ملف نحاس رفع 8 م غزارة 23 ل/د TOTAL;33.21;https://hawarastore.com/wp-content/uploads/2025/08/TSCM120.png;no
TSDLI0401;مفك براغي 4 فولت بطارية داخلية 180 دورة 1/4 انش+ شاحن + اكسسوارات 11 قطعة TOTAL يد كوشوك;13.34;https://hawarastore.com/wp-content/uploads/2025/08/TSDLI0401.png;yes
TSDLI0402;مفك براغي 4 فولت بطارية داخلية 180 دورة 1/4 انش مع اكسسوارات11 قطعة TYPE C على كرت ماركة TOTAL يد ABS;11.34;https://hawarastore.com/wp-content/uploads/2025/08/TSDLI0402.png;yes
TSDLI0403;TOTAL مفك براغي 4 فولت بطارية داخلية موديل بوش مع اكسسوارت 40 راس شد ضمن حقيبة بلاستيك;17.41;https://hawarastore.com/wp-content/uploads/2025/08/TSDLI0403.png;yes
TSDLI04062;مفك فرد شد 4 فولت 5 نيوتن موديل بوش مع اكسسوار ماركة TOTAL مع 43 راس شد ضمن حقيبة بلاستيك;15.71;;no
TSDLI0423;مفك براغي 4 فولت بطارية داخلية على كرت ماركة مع 8 رؤوس شد TOTAL مع 8 رؤوس شد;13.66;https://hawarastore.com/wp-content/uploads/2025/08/TSDLI0423.png;no
TSDLI0442;مفك براغي 4 فولت قابل للتحريك عزم 4 نيوتن شحن TYPE-C + اكسسوارات 19 قطع ضمن حقيبة بلاستيك TOTAL;9.79;https://hawarastore.com/wp-content/uploads/2026/03/TSDLI0442.png;yes
TSDLI04425;مفك براغي 4 فولت قابل للتعديل مع اكسسوارت على كرت TOTAL;12.77;https://hawarastore.com/wp-content/uploads/2026/02/TSDLI04425.png;yes
TSDLI0458;مفك براغي 4 فولت عزم 4 نيوتن شحن TYPE-C + اكسسوارات ضمن حقيبة بلاستيك TOTAL;8.68;https://hawarastore.com/wp-content/uploads/2026/02/TSDLI0458.png;yes
TSDLI0801;مفك براغي بطارية 8 فولت بطارية داخلية قابل للتعديل + اكسسوارات + مع حقيبة قماشية نوع TOTAL;22.81;https://hawarastore.com/wp-content/uploads/2025/08/TSDLI0801.png;yes
TSDLI08025;مفك بطارية 8 فولت عزم 6 نيوتن + اكسسوارات شاحن TYPE-C ضمن حقيبة بلاستيك TOTAL;20.7;https://hawarastore.com/wp-content/uploads/2026/02/TSDLI08025.png;yes
TSDPH0075;مفك براغي مصالب S2 قياس ph0*75 ماركة TOTAL حديث;0.42;https://hawarastore.com/wp-content/uploads/2026/02/TSDPH0075.png;yes
TSDPH1100;مفك براغي مصالب S2 قياس ph1*100 ماركة TOTAL حديث;0.6;https://hawarastore.com/wp-content/uploads/2025/08/TSDPH1100.png;yes
TSDPH2038;مفك براغي مصالب نجاصة S2 قياس ph2*38 ماركة TOTAL حديث;0.63;https://hawarastore.com/wp-content/uploads/2025/08/TSDPH2038.png;yes
TSDPH2125;مفك براغي مصالب S2 قياس PH2*125 ماركة TOTAL حديث;0.74;https://hawarastore.com/wp-content/uploads/2025/08/TSDPH2125.png;yes
TSDPH2150;مفك براغي مصالب S2 قياس PH2*150 ماركة TOTAL حديث;0.8;https://hawarastore.com/wp-content/uploads/2025/08/TSDPH2150.png;yes
TSDPH3150;مفك براغي مصالب S2 قياس ph3*150 ماركة TOTAL حديث;1.2;;no
TSDPZ1100;مفك براغي مصالب S2 فليبس PZ1*100 مغناطيس ماركة TOTAL;0.6;;no
TSDPZ2150;مفك براغي مصالب S2 بوزي درايف PZ2*150 ماركة TOTAL حديث;0.84;;no
TSDSL5100;مفك براغي شق S2 قياس sl4*100 مم ماركة TOTAL;0.64;https://hawarastore.com/wp-content/uploads/2025/08/TSDSL5100.png;yes
TSDSL6125;مفك براغي شق S2 فليبس 6.5*125 مغناطيس ماركة TOTAL;0.81;;no
TSDSL6150;مفك براغي شق S2 قياس SL6.5*150 ماركة TOTAL حديث;0.84;;no
TSG1508;جلخ مستقيم 6 انش 1100 واط صناعي TOTAL حديث;62.47;https://hawarastore.com/wp-content/uploads/2025/08/TSG1508.png;yes
TSGLI2001;فرد بخ دهان بطارية 20 فولت عبوة 800 مل بدون شاحن وبطارية TOTAL;23.17;https://hawarastore.com/wp-content/uploads/2024/05/TSGLI2001.png;no
TSGLI2004;فرد بخ دهان بطارية 20 فولت عبوة 1000 مل بدون شاحن وبطارية TOTAL خزان بلاستيك;23.14;https://sp-ao.shortpixel.ai/client/to_webp,q_glossy,ret_img/https://hawarastore.com/wp-content/uploads/woocommerce-placeholder-600x600.png;yes
TSGLI20041;فرد بخ دهان بطارية 20 فولت عبوة 1000 مل بدون شاحن وبطارية TOTAL خزان ستانلس;24.3;;no
TSGLI200414;فرد بخ دهان بطارية 20 فولت عبوة 800 مل بلاستيك +بطارية 2 امبير عدد 2 + شاحن TOTAL خزان ستانلس ستيل;53.03;;no
TSGLI20042;فرد بخ دهان بطارية 20 فولت عبوة 800 مل بلاستيك +بطارية 2 امبير+ شاحن TOTAL خزان بلاستيك;40.5;https://hawarastore.com/wp-content/uploads/2026/02/TSGLI20042-878x1024.png;yes
TSH501415;حزام امان TOTAL موديل حديث;13.23;https://hawarastore.com/wp-content/uploads/2025/08/TSH501415.png;yes
TSH501420;حزام امان مع وسادة للفخذ والخصر صناعي ماركة TOTAL موديل حديث;24.73;https://hawarastore.com/wp-content/uploads/2025/08/TSH501420.png;yes
TSHSLI2014;حفافة بطارية 20 فولت مربعة الشكل بدون بطارية وشاحن ماركة TOTAL;16.48;https://hawarastore.com/wp-content/uploads/2025/08/TSHSLI2014.png;no
TSHSLI20141;حفافة بطارية 20 فولت مربعة الشكل مع بطارية 2 امبير وشاحن ماركة TOTAL;34.41;https://hawarastore.com/wp-content/uploads/2025/08/TSHSLI20141.png;yes
TSHSLI2024;حفافة بطارية 20 فولت مربعة بدون بطارية وشاحن TOTAL;19.28;https://hawarastore.com/wp-content/uploads/2026/02/TSHSLI2024.png;yes
TSILI2001;كاوي لحام قصدير 20 فولت 40 واط بدون شاحن وبطارية TOTAL;8.44;https://hawarastore.com/wp-content/uploads/2025/08/TSILI2001.png;no
TSLBM11501;خلاط مغسلة فتيس 92 مم مدخل 0.5 انش قلب نحاس صناعي ماركة TOTAL;34.23;https://hawarastore.com/wp-content/uploads/2025/08/TSLBM11501.png;no
TSLBM12702;خلاط مغسلة فتيس 241 مم مدخل 0.5 انش قلب نحاس صناعي ماركة TOTAL;50.71;https://hawarastore.com/wp-content/uploads/2025/08/TSLBM12702.png;yes
TSLBM23401;خلاط مجلى شك ( عكازة ) 1/2 انش ستانلس قلب نحاس صناعي TOTAL;37.44;https://hawarastore.com/wp-content/uploads/2025/08/TSLBM23401.png;yes
TSLBM31001;خلاط دش الحمام فتيس 178*175*103 مم قلب نحاس صناعي ماركة TOTAL;43.79;https://hawarastore.com/wp-content/uploads/2025/08/TSLBM31001.png;yes
TSLBM41201;خلاط تواليت مدخل 0.5 انش قلب نحاس صناعي ماركة TOTAL;36.63;https://hawarastore.com/wp-content/uploads/2025/08/TSLBM41201.png;yes
TSLBM513681;دوش حمام جداري ستانلس قلب نحاس صناعي TOTAL;95.65;https://hawarastore.com/wp-content/uploads/2025/08/TSLBM513681.png;yes
TSLI1401;قصاصة خشب بطارية 20 فولت 14 سم 45 درجة مع ديسك بدون مرفقات ماركة TOTAL;42.73;https://hawarastore.com/wp-content/uploads/2024/05/TSLI1401.png;no
TSLI1402;قصاصة خشب بطارية 20 فولت 14 سم 45 درجة BL مع ديسك بدون مرفقات مزودة بفتحة شفاط ماركة TOTAL;38.81;https://hawarastore.com/wp-content/uploads/2025/08/TSLI1402.png;yes
TSLI14023;قصاصة خشب بطارية 20 فولت يد طويلة 140 مم سماكة القطع 5 سم + بطارية 4 امبير + شاحن 4 امبير TOTAL;57.85;https://hawarastore.com/wp-content/uploads/2026/02/TSLI14023.png;yes
TSLI1651;قصاصة خشب بطارية 20 فولت 16.5 سم بدون مرفقات صناعي ماركة TOTAL;64.23;https://hawarastore.com/wp-content/uploads/2024/03/TSLI1651.png;no
TSLI1652;قصاصة خشب بطارية 20 فولت 16.5 سم بدون مرفقات صناعي ماركة TOTAL حديث;48.05;https://hawarastore.com/wp-content/uploads/2025/05/TSLI1652.png;no
TSLI16521;قصاصة خشب بطارية 20 فولت قطر 16.5 سم + بطارية 4 امبير + شاحن TOTAL;73.27;https://hawarastore.com/wp-content/uploads/2025/08/TSLI16521.png;no
TSLI16523;قصاصة خشب بطارية 20 فولت 165 مم سماكة القطع 6.5. سم + بطارية 4 امبير + شاحن 4 امبير TOTAL;63.64;https://hawarastore.com/wp-content/uploads/2026/02/TSLI16523.png;yes
TSLI1851;قصاصة خشب بطارية 20 فولت قطر 185 مم بدون بطارية وشاحن TOTAL;52.82;https://hawarastore.com/wp-content/uploads/2024/05/TSLI18511-1.png;no
TSLI18511;قصاصة خشب بطارية 20 فولت 18.5 سم مع بطارية 4 امبير وشاحن صناعي ماركة TOTAL;80.75;https://hawarastore.com/wp-content/uploads/2024/05/TSLI18511-1.png;no
TSLI18513;قصاصة خشب بطارية 20 فولت قطر 18.5 سم + بطارية 5 امبير + شاحن سريع TOTAL;88.71;https://hawarastore.com/wp-content/uploads/2025/08/TSLI18513.png;no
TSLI4214012;قصاصة خشب بطارية 42 فولت 140 مم 45 درجة BL مع ديسك+ بطارية 2 امبيرعدد 2 +شاحن ضمن حقيبة بلاستيك TOTAL;94.49;https://hawarastore.com/wp-content/uploads/2026/03/TSLI4214012.png;yes
TSLI4218511;قصاصة خشب بطارية 42 فولت 185 مم + 2 ديسك قص خشب + متر + بطارية 2.5 امبير + شاحن TOTAL;96.15;https://hawarastore.com/wp-content/uploads/2025/10/TSLI4218511.jpg;yes
TSLI4218512;قصاصة خشب بطارية 42 فولت 185 مم 45 درجة BL + بطارية 2 امبيرعدد 2 +شاحن ضمن حقيبة بلاستيك TOTAL;127.28;https://hawarastore.com/wp-content/uploads/2026/03/TSLI4218512.png;yes
TSP01251;حمالة بلور مفردة ABS وزن 25 كغ ماركة TOTAL;1.86;https://hawarastore.com/wp-content/uploads/2025/08/TSP01251.png;yes
TSP02501;حمالة بلور ثنائية ABS وزن 50 كغ ماركة TOTAL;3.41;https://hawarastore.com/wp-content/uploads/2024/10/TSP02501.png;yes
TSP11102;كف قماش عمال TOTAL;0.35;https://hawarastore.com/wp-content/uploads/2025/08/TSP11102.png;yes
TSP11162;كف قماش عمال TOTAL;0.38;;no
TSP12101;كف جلد XL خاص بالزيوت والمواد النفطية ماركة TOTAL Nitrile gloves;0.74;https://hawarastore.com/wp-content/uploads/2025/05/TSP12101.png;no
TSP12101-XXL;كف جلد خاص بالزيوت والمواد النفطية XXL ماركة TOTAL Nitrile gloves;0.74;https://hawarastore.com/wp-content/uploads/2025/05/TSP12101-XXL.png;no
TSP12102;كف عمل مطاطي صناعي مطلي بالنتريل XL ماركة TOTAL;0.5;https://hawarastore.com/wp-content/uploads/2025/08/TSP12102.png;yes
TSP12104-L;كف نتريل بالقطعة وليس بالجوز 100 قطعة بالعلبة ماركة TOTAL;0.05;https://hawarastore.com/wp-content/uploads/2025/05/TSP12104.jpg;no
TSP12105;كف جلد خاص بالزيوت والمواد النفطية XL ماركة TOTAL Nitrile gloves;1.44;https://hawarastore.com/wp-content/uploads/2025/05/TSP12105.png;no
TSP12162;كف عمل مطاطي صناعي مطلي بالنتريل XL ماركة TOTAL;0.49;;no
TSP13101;كف مطاط قياس XL حديث TOTAL;1.13;https://hawarastore.com/wp-content/uploads/2025/05/TSP13101.png;no
TSP13102;كف قماشي XL لاعمال التحميل TOTAL;0.98;https://hawarastore.com/wp-content/uploads/2025/08/TSP13102.png;yes
TSP13103;كف مطاطي XL للاعمال اليدوية والتحميل TOTAL;0.71;https://hawarastore.com/wp-content/uploads/2025/05/TSP13103.png;yes
TSP13106-XL;كف مطاط قياس XL صناعي TOTAL;1.3;https://hawarastore.com/wp-content/uploads/2025/08/TSP13106-XL.png;yes
TSP14101;كف جلد خاص بأعمال الحمل والحدائق و المعامل 10.5 انش TOTAL;2.68;https://hawarastore.com/wp-content/uploads/2025/08/TSP14101.png;no
TSP14210;كف جلد سميك 10 انش قصير ماركة TOTAL;5.64;https://hawarastore.com/wp-content/uploads/2025/08/TSP14210.png;yes
TSP15161;كف جلد لحام طويل 16 انش ماركة TOTAL Welding leather gloves;6.86;https://hawarastore.com/wp-content/uploads/2025/05/TSP15161-1024x737.jpg;no
TSP15216;كف جلد لحام طويل 16 انش TOTAL;9.41;https://hawarastore.com/wp-content/uploads/2025/08/TSP15216.png;yes
TSP161551.L;بدلة عمل قطعة واحدة ( افرول ) وزن 155 غ قياس L ماركة TOTAL;11.06;https://hawarastore.com/wp-content/uploads/2025/05/TSP161551.XXXXL_.jpg;yes
TSP161551.M;بدلة عمل قطعة واحدة ( افرول ) وزن 155 غ قياس M ماركة TOTAL;11.06;https://hawarastore.com/wp-content/uploads/2025/05/TSP161551.XXXXL_.jpg;yes
TSP161551.XL;بدلة عمل قطعة واحدة ( افرول ) وزن 155 غ قياس XL ماركة TOTAL;11.06;https://hawarastore.com/wp-content/uploads/2025/05/TSP161551.XXXXL_.jpg;no
TSP161551.XXL;بدلة عمل قطعة واحدة ( افرول ) وزن 155 غ قياس XXL ماركة TOTAL;11.06;https://hawarastore.com/wp-content/uploads/2025/05/TSP161551.XXXXL_.jpg;yes
TSP161551.XXXL;بدلة عمل قطعة واحدة ( افرول ) وزن 155 غ قياس XXXL ماركة TOTAL;11.06;https://hawarastore.com/wp-content/uploads/2025/05/TSP161551.XXXXL_.jpg;no
TSP161551.XXXXL;بدلة عمل قطعة واحدة ( افرول ) وزن 155 غ قياس XXXXL ماركة TOTAL;11.06;https://hawarastore.com/wp-content/uploads/2025/05/TSP161551.XXXXL_.jpg;yes
TSP161551.XXXXXL;بدلة عمل قطعة واحدة ( افرول ) وزن 155 غ قياس XXXXXL ماركة TOTAL;11.06;https://hawarastore.com/wp-content/uploads/2025/05/TSP161551.XXXXL_.jpg;yes
TSP161552.L;بدلة عمل قطعتين 155 غ قياس L ماركة TOTAL;14.03;https://hawarastore.com/wp-content/uploads/2025/05/TSP161552.png;yes
TSP161552.M;بدلة عمل قطعتين 155 غ قياس M ماركة TOTAL;14.03;https://hawarastore.com/wp-content/uploads/2025/05/TSP161552.png;yes
TSP161552.XL;بدلة عمل قطعتين 155 غ قياس XL ماركة TOTAL;14.03;https://hawarastore.com/wp-content/uploads/2025/05/TSP161552.png;yes
TSP161552.XXL;بدلة عمل قطعتين 155 غ قياس XXL ماركة TOTAL;13.01;https://hawarastore.com/wp-content/uploads/2025/05/TSP161552.png;yes
TSP161552.XXXL;بدلة عمل قطعتين 155 غ قياس XXXL ماركة TOTAL;14.03;https://hawarastore.com/wp-content/uploads/2025/05/TSP161552.png;no
TSP161552.XXXXL;بدلة عمل قطعتين 155 غ قياس XXXXL ماركة TOTAL;14.03;https://hawarastore.com/wp-content/uploads/2025/05/TSP161552.png;yes
TSP161552.XXXXXL;بدلة عمل قطعتين 155 غ قياس XXXXXL ماركة TOTAL;14.03;https://hawarastore.com/wp-content/uploads/2025/05/TSP161552.png;yes
TSP162351.L;بدلة عمل قطعة واحدة ( افرول ) وزن 235 غ قياس L صناعي ماركة TOTAL;19.15;https://hawarastore.com/wp-content/uploads/2025/05/TSP162351.jpg;yes
TSP162351.M;بدلة عمل قطعة واحدة ( افرول ) وزن 235 غ قياس M صناعي ماركة TOTAL;19.15;https://hawarastore.com/wp-content/uploads/2025/05/TSP162351.jpg;yes
TSP162351.XL;بدلة عمل قطعة واحدة ( افرول ) وزن 235 غ قياس XL صناعي ماركة TOTAL;34.21;https://hawarastore.com/wp-content/uploads/2025/05/TSP162351.jpg;yes
TSP162351.XXL;بدلة عمل قطعة واحدة ( افرول ) وزن 235 غ قياس XXL صناعي ماركة TOTAL;17.74;https://hawarastore.com/wp-content/uploads/2025/05/TSP162351.jpg;yes
TSP162351.XXXL;بدلة عمل قطعة واحدة ( افرول ) وزن 235 غ قياس XXXL صناعي ماركة TOTAL;17.74;https://hawarastore.com/wp-content/uploads/2025/05/TSP162351.jpg;yes
TSP162351.XXXXL;بدلة عمل قطعة واحدة ( افرول ) وزن 235 غ قياس XXXXL صناعي ماركة TOTAL;17.74;https://hawarastore.com/wp-content/uploads/2025/05/TSP162351.jpg;yes
TSP162351.XXXXXL;بدلة عمل قطعة واحدة ( افرول ) وزن 235 غ قياس XXXXXL صناعي ماركة TOTAL;19.15;https://hawarastore.com/wp-content/uploads/2025/05/TSP162351.jpg;yes
TSP162352.L;بدلة عمل قطعتين 235 غ قياس L ماركة صناعي TOTAL;25.36;https://hawarastore.com/wp-content/uploads/2024/03/TSP162352.M.png;yes
TSP162352.M;بدلة عمل قطعتين 235 غ قياس M ماركة صناعي TOTAL;25.36;https://hawarastore.com/wp-content/uploads/2025/05/TSP162352.M.webp;yes
TSP162352.XL;بدلة عمل قطعتين 235 غ قياس XL ماركة صناعي TOTAL;25.36;https://hawarastore.com/wp-content/uploads/2025/05/TSP162352.jpeg;yes
TSP162352.XXL;بدلة عمل قطعتين 235 غ قياس XXL ماركة صناعي TOTAL;25.36;https://hawarastore.com/wp-content/uploads/2025/05/TSP162352.jpeg;yes
TSP162352.XXXL;بدلة عمل قطعتين 235 غ قياس XXXL ماركة صناعي TOTAL;25.36;https://hawarastore.com/wp-content/uploads/2025/05/TSP162352.jpeg;yes
TSP162352.XXXXL;بدلة عمل قطعتين 235 غ قياس XXXXL ماركة صناعي TOTAL;25.36;https://hawarastore.com/wp-content/uploads/2025/05/TSP162352.jpeg;yes
TSP162352.XXXXXL;بدلة عمل قطعتين 235 غ قياس XXXXXL ماركة صناعي TOTAL;25.36;https://hawarastore.com/wp-content/uploads/2025/05/TSP162352.jpeg;yes
TSP1701-XL;كف خاص بالبلور و الادوات الحادة TOTAL;2.63;https://hawarastore.com/wp-content/uploads/2025/05/TSP1701-XL.png;no
TSP1702-XL;كف بلور XL ماركة TOTAL;1.94;https://hawarastore.com/wp-content/uploads/2025/05/TSP1702-XL.png;yes
TSP1706-XL;كف ضد القطع قياس XL ماركة TOTAL;0;;no
TSP1801;كف مطاطي قياس L طول 32 سم TOTAL;0.8;https://hawarastore.com/wp-content/uploads/2025/09/TSP1801-2.jpg;yes
TSP1806-XL;كف ميكانيكي مطاط XL (ميكرو فيبر) ماركة TOTAL (صناعي) Mechanic Gloves;8.43;https://hawarastore.com/wp-content/uploads/2025/08/TSP1806-XL.png;yes
TSP1808-XL;كف ميكانيكي XL ماركة TOTAL;5.41;https://hawarastore.com/wp-content/uploads/2025/08/TSP1808-XL.png;yes
TSP1866-XL;كف ميكانيكي مطاط XL (ميكرو فيبر) ماركة TOTAL (صناعي) Mechanic Gloves;7.6;;no
TSP20101;غطاء لحام للرأس TOTAL;10.46;https://hawarastore.com/wp-content/uploads/2025/08/TSP20101.png;yes
TSP20102;كم لحام تغطية لليدين حتى الاكتاف TOTAL;23.96;https://hawarastore.com/wp-content/uploads/2025/08/TSP20102.png;yes
TSP20103;جاكيت لحام قياس L من TOTAL;48.7;https://hawarastore.com/wp-content/uploads/2025/08/TSP20103.png;yes
TSP201S1P.36;حذاء امان شاموا ( سفتي ) حماية كاملة نمرة 36 TOTAL;21.27;https://hawarastore.com/wp-content/uploads/2025/08/TSP201S1P.36.png;yes
TSP201S1P.37;حذاء امان شاموا ( سفتي ) حماية كاملة نمرة 37 TOTAL;21.27;https://hawarastore.com/wp-content/uploads/2025/08/TSP201S1P.37.png;no
TSP201S1P.38;حذاء امان شاموا ( سفتي ) حماية كاملة نمرة 38 TOTAL;21.27;https://hawarastore.com/wp-content/uploads/2025/05/TSP201S1P.38.png;no
TSP201S1P.39;حذاء امان شاموا ( سفتي ) حماية كاملة نمرة 39 TOTAL;22.65;https://hawarastore.com/wp-content/uploads/2025/08/TSP201S1P.39.png;yes
TSP201S1P.40;حذاء امان شاموا ( سفتي ) حماية كاملة نمرة 40 TOTAL;22.65;https://hawarastore.com/wp-content/uploads/2025/05/TSP201S1P.40.png;no
TSP201S1P.41;حذاء امان شاموا ( سفتي ) حماية كاملة نمرة 41 TOTAL;22.65;https://hawarastore.com/wp-content/uploads/2025/05/TSP201S1P.41.png;no
TSP201S1P.42;حذاء امان شاموا ( سفتي ) حماية كاملة نمرة 42 TOTAL;22.65;https://hawarastore.com/wp-content/uploads/2025/05/TSP201S1P.42.png;no
TSP201S1P.43;حذاء امان شاموا ( سفتي ) حماية كاملة نمرة 43 TOTAL;22.65;https://hawarastore.com/wp-content/uploads/2025/05/TSP201S1P.43.png;no
TSP201S1P.44;حذاء امان شاموا ( سفتي ) حماية كاملة نمرة 44 TOTAL;22.65;https://hawarastore.com/wp-content/uploads/2025/05/TSP201S1P.44.png;no
TSP201S1P.45;حذاء امان شاموا ( سفتي ) حماية كاملة نمرة 45 TOTAL;22.65;https://hawarastore.com/wp-content/uploads/2025/05/TSP201S1P.45.png;no
TSP201S1P.46;حذاء امان شاموا ( سفتي ) حماية كاملة نمرة 46 TOTAL;22.65;https://hawarastore.com/wp-content/uploads/2025/08/TSP201S1P.46.png;no
TSP201SB.39;حذاء امان شاموا ( سفتي ) حماية امامية نمرة 39 TOTAL;20.53;https://hawarastore.com/wp-content/uploads/2025/08/TSP201SB.39.png;yes
TSP201SB.40;حذاء امان شاموا ( سفتي ) حماية امامية نمرة 40 TOTAL;20.53;https://hawarastore.com/wp-content/uploads/2025/05/TSP201SB.40.png;no
TSP201SB.41;حذاء امان شاموا ( سفتي ) حماية امامية نمرة 41 TOTAL;20.53;https://hawarastore.com/wp-content/uploads/2025/08/TSP201SB.41.png;no
TSP201SB.42;حذاء امان شاموا ( سفتي ) حماية امامية نمرة 42 TOTAL;20.53;https://hawarastore.com/wp-content/uploads/2025/05/TSP201SB.42.png;no
TSP201SB.43;حذاء امان شاموا ( سفتي ) حماية امامية نمرة 43 TOTAL;20.53;https://hawarastore.com/wp-content/uploads/2025/05/TSP201SB.43.png;no
TSP201SB.44;حذاء امان شاموا ( سفتي ) حماية امامية نمرة 44 TOTAL;20.53;https://hawarastore.com/wp-content/uploads/2025/05/TSP201SB.44.png;no
TSP201SB.45;حذاء امان شاموا ( سفتي ) حماية امامية نمرة 45 TOTAL;20.53;https://hawarastore.com/wp-content/uploads/2025/05/TSP201SB.45.png;no
TSP201SB.46;حذاء امان شاموا ( سفتي ) حماية امامية نمرة 46 TOTAL;20.53;https://hawarastore.com/wp-content/uploads/2025/08/TSP201SB.46.png;yes
TSP202S1P.38;حذاء امان جلد ( سفتي ) حماية كاملة نمرة 38 TOTAL;22.18;https://hawarastore.com/wp-content/uploads/2025/08/TSP202S1P.38.png;no
TSP202S1P.39;حذاء امان جلد ( سفتي ) حماية كاملة نمرة 39 TOTAL;20.53;https://hawarastore.com/wp-content/uploads/2025/08/TSP202S1P.39.png;yes
TSP202S1P.40;حذاء امان جلد ( سفتي ) حماية كاملة نمرة 40 TOTAL;22.18;https://hawarastore.com/wp-content/uploads/2025/08/TSP202S1P.40.png;no
TSP202S1P.41;حذاء امان جلد ( سفتي ) حماية كاملة نمرة 41 TOTAL;20.53;https://hawarastore.com/wp-content/uploads/2025/08/TSP202S1P.41.png;no
TSP202S1P.42;حذاء امان جلد ( سفتي ) حماية كاملة نمرة 42 TOTAL;20.53;https://hawarastore.com/wp-content/uploads/2025/08/TSP202S1P.42.png;no
TSP202S1P.43;حذاء امان جلد ( سفتي ) حماية كاملة نمرة 43 TOTAL;20.53;https://hawarastore.com/wp-content/uploads/2025/08/TSP202S1P.43.png;no
TSP202S1P.44;حذاء امان جلد ( سفتي ) حماية كاملة نمرة 44 TOTAL;20.53;https://hawarastore.com/wp-content/uploads/2025/08/TSP202S1P.44.png;no
TSP202S1P.45;حذاء امان جلد ( سفتي ) حماية كاملة نمرة 45 TOTAL;20.53;https://hawarastore.com/wp-content/uploads/2025/08/TSP202S1P.45.png;yes
TSP202S1P.46;حذاء امان جلد ( سفتي ) حماية كاملة نمرة 46 TOTAL;20.53;https://hawarastore.com/wp-content/uploads/2025/08/TSP202S1P.46.png;yes
TSP202SB.39;حذاء امان جلد ( سفتي ) حماية امامية نمرة 39 TOTAL;18.43;https://hawarastore.com/wp-content/uploads/2025/08/TSP202SB.39.png;yes
TSP202SB.40;حذاء امان جلد ( سفتي ) حماية امامية نمرة 40 TOTAL;18.43;https://hawarastore.com/wp-content/uploads/2025/08/TSP202SB.40.png;no
TSP202SB.41;حذاء امان جلد ( سفتي ) حماية امامية نمرة 41 TOTAL;18.43;https://hawarastore.com/wp-content/uploads/2025/05/TSP202SB.41.png;no
TSP202SB.42;حذاء امان جلد ( سفتي ) حماية امامية نمرة 42 TOTAL;18.43;https://hawarastore.com/wp-content/uploads/2025/05/TSP202SB.42.png;no
TSP202SB.43;حذاء امان جلد ( سفتي ) حماية امامية نمرة 43 TOTAL;18.43;https://hawarastore.com/wp-content/uploads/2025/05/TSP202SB.43.png;no
TSP202SB.44;حذاء امان جلد ( سفتي ) حماية امامية نمرة 44 TOTAL;18.43;https://hawarastore.com/wp-content/uploads/2025/05/TSP202SB.44.png;no
TSP202SB.45;حذاء امان جلد ( سفتي ) حماية امامية نمرة 45 TOTAL;18.43;https://hawarastore.com/wp-content/uploads/2025/05/TSP202SB.45.png;no
TSP202SB.46;حذاء امان جلد ( سفتي ) حماية امامية نمرة 46 TOTAL;18.43;https://hawarastore.com/wp-content/uploads/2025/08/TSP202SB.46.png;yes
TSP203SB.40;حذاء امان شاموا ( سفتي ) حماية امامية نمرة 40 صناعي TOTAL;22.46;https://hawarastore.com/wp-content/uploads/2025/05/TSP203SB.40.png;no
TSP203SB.41;حذاء امان شاموا ( سفتي ) حماية امامية نمرة 41 صناعي TOTAL;22.46;https://hawarastore.com/wp-content/uploads/2025/05/TSP203SB.41.png;no
TSP203SB.42;حذاء امان شاموا ( سفتي ) حماية امامية نمرة 42 صناعي TOTAL;22.92;https://hawarastore.com/wp-content/uploads/2025/08/TSP203SB.42.png;no
TSP203SB.43;حذاء امان شاموا ( سفتي ) حماية امامية نمرة 43 صناعي TOTAL;22.46;https://hawarastore.com/wp-content/uploads/2025/05/TSP203SB.43.png;no
TSP203SB.44;حذاء امان شاموا ( سفتي ) حماية امامية نمرة 44 صناعي TOTAL;22.46;https://hawarastore.com/wp-content/uploads/2025/05/TSP203SB.44.png;no
TSP203SB.45;حذاء امان شاموا ( سفتي ) حماية امامية نمرة 45 صناعي TOTAL;22.46;https://hawarastore.com/wp-content/uploads/2025/05/TSP203SB.45.png;no
TSP203SB.46;حذاء امان شاموا ( سفتي ) حماية امامية نمرة 46 صناعي TOTAL;22.92;https://hawarastore.com/wp-content/uploads/2025/08/TSP203SB.46.png;yes
TSP205SB.40;حذاء امان شاموا (سفتي ) حماية امامية نمرة 40 حديث ماركة TOTAL;26.56;https://hawarastore.com/wp-content/uploads/2025/08/TSP205SB.40.png;no
TSP205SB.41;حذاء امان شاموا (سفتي ) حماية امامية نمرة 41 حديث ماركة TOTAL;26.56;https://hawarastore.com/wp-content/uploads/2025/08/TSP205SB.41.png;no
TSP205SB.42;حذاء امان شاموا (سفتي ) حماية امامية نمرة 42 حديث ماركة TOTAL;26.56;https://hawarastore.com/wp-content/uploads/2025/08/TSP205SB.42.png;no
TSP205SB.43;حذاء امان شاموا (سفتي ) حماية امامية نمرة 43 حديث ماركة TOTAL;26.56;https://hawarastore.com/wp-content/uploads/2025/08/TSP205SB.43.png;no
TSP205SB.44;حذاء امان شاموا (سفتي ) حماية امامية نمرة 44 حديث ماركة TOTAL;26.56;https://hawarastore.com/wp-content/uploads/2025/08/TSP205SB.44.png;no
TSP205SB.45;حذاء امان شاموا (سفتي ) حماية امامية نمرة 45 حديث ماركة TOTAL;26.56;https://hawarastore.com/wp-content/uploads/2025/08/TSP205SB.45.png;no
TSP207IDSB.39;حذاء امان جلد ( سفتي ) مع حماية امامية للقدم معزول كهرباء 6 KV نمرة 39 ماركة TOTAL;19.15;https://hawarastore.com/wp-content/uploads/2025/08/TSP207IDSB.39.png;yes
TSP207IDSB.40;حذاء امان جلد ( سفتي ) مع حماية امامية للقدم معزول كهرباء 6 KV نمرة 40 ماركة TOTAL;19.15;https://hawarastore.com/wp-content/uploads/2025/08/TSP207IDSB.40.png;no
TSP207IDSB.41;حذاء امان جلد ( سفتي ) مع حماية امامية للقدم معزول كهرباء 6 KV نمرة 41 ماركة TOTAL;19.15;https://hawarastore.com/wp-content/uploads/2025/05/TSP207IDSB.41.png;no
TSP207IDSB.42;حذاء امان جلد ( سفتي ) مع حماية امامية للقدم معزول كهرباء 6 KV نمرة 42 ماركة TOTAL;19.15;https://hawarastore.com/wp-content/uploads/2025/05/TSP207IDSB.42.png;no
TSP207IDSB.43;حذاء امان جلد ( سفتي ) مع حماية امامية للقدم معزول كهرباء 6 KV نمرة 43 ماركة TOTAL;19.15;https://hawarastore.com/wp-content/uploads/2025/05/TSP207IDSB.43.png;no
TSP207IDSB.44;حذاء امان جلد ( سفتي ) مع حماية امامية للقدم معزول كهرباء 6 KV نمرة 44 ماركة TOTAL;19.15;https://hawarastore.com/wp-content/uploads/2025/05/TSP207IDSB.44.png;no
TSP207IDSB.45;حذاء امان جلد ( سفتي ) مع حماية امامية للقدم معزول كهرباء 6 KV نمرة 45 ماركة TOTAL;19.15;https://hawarastore.com/wp-content/uploads/2025/05/TSP207IDSB.45.png;no
TSP207IDSB.46;حذاء امان جلد ( سفتي ) مع حماية امامية للقدم معزول كهرباء 6 KV نمرة 46 ماركة TOTAL;19.15;https://hawarastore.com/wp-content/uploads/2025/08/TSP207IDSB.46.png;no
TSP208SB.39;حذاء امان ( سفتي ) ساق قصير نمرة 39 TOTAL;19.6;https://hawarastore.com/wp-content/uploads/2025/08/TSP208SB.39.png;yes
TSP208SB.40;حذاء امان ( سفتي ) ساق قصير نمرة 40 TOTAL;19.6;https://hawarastore.com/wp-content/uploads/2025/08/TSP208SB.40.png;no
TSP208SB.41;حذاء امان ( سفتي ) ساق قصير نمرة 41 TOTAL;19.01;https://hawarastore.com/wp-content/uploads/2025/05/TSP208SB.41.png;no
TSP208SB.42;حذاء امان ( سفتي ) ساق قصير نمرة 42 TOTAL;19.6;https://hawarastore.com/wp-content/uploads/2025/08/TSP208SB.42.png;yes
TSP208SB.43;حذاء امان ( سفتي ) ساق قصير نمرة 43 TOTAL;19.6;;no
TSP208SB.44;حذاء امان ( سفتي ) ساق قصير نمرة 44 TOTAL;19.01;;no
TSP208SB.45;حذاء امان( سفتي ) ساق قصير نمرة 45 TOTAL;19.01;;no
TSP208SB.46;حذاء امان ( سفتي ) ساق قصير نمرة 46 TOTAL;20.18;;no
TSP209SB.39;حذاء امان جلد ( سفتي ) حماية امامية نمرة 39 بدون رباطات صناعي TOTAL;24.44;https://hawarastore.com/wp-content/uploads/2025/08/TSP209SB.39.png;yes
TSP209SB.40;حذاء امان جلد ( سفتي ) حماية امامية نمرة 40 بدون رباطات صناعي TOTAL;24.44;;no
TSP209SB.41;حذاء امان جلد ( سفتي ) حماية امامية نمرة 41 بدون رباطات صناعي TOTAL;24.44;;no
TSP209SB.42;حذاء امان جلد ( سفتي ) حماية امامية نمرة 42 بدون رباطات صناعي TOTAL;24.44;;no
TSP209SB.43;حذاء امان جلد ( سفتي ) حماية امامية نمرة 43 بدون رباطات صناعي TOTAL;24.44;;no
TSP209SB.44;حذاء امان جلد ( سفتي ) حماية امامية نمرة 44 بدون رباطات صناعي TOTAL;24.44;;no
TSP209SB.45;حذاء امان جلد ( سفتي ) حماية امامية نمرة 45 بدون رباطات صناعي TOTAL;24.44;;no
TSP209SB.46;حذاء امان جلد ( سفتي ) حماية امامية نمرة 46 بدون رباطات صناعي TOTAL;24.44;;no
TSP2601;خوذة (اخضر ) لون توتال وزن 380 غ PE صناعي ماركة TOTAL;2.64;https://hawarastore.com/wp-content/uploads/2025/08/TSP2601.png;yes
TSP2602;خوذة امان لون ابيض PE مهندسين TOTAL موديل حديث صناعي;2.64;https://hawarastore.com/wp-content/uploads/2025/08/TSP2602.png;yes
TSP2603;خوذة امان لون اصفر وزن 380 غرام TOTAL;2.64;;no
TSP2605;خوذة امان حديثة لون برتقالي وزن 330 غرام TOTAL;2.71;;no
TSP2608;خوذة امان لون ازرق ( أخضر ) وزن 330 غرام TOTAL موديل حديث;2.06;https://hawarastore.com/wp-content/uploads/2025/08/TSP2608.png;yes
TSP2609;خوذة امان لون ابيض وزن 330 غرام TOTAL موديل حديث;2.06;https://hawarastore.com/wp-content/uploads/2025/08/TSP2609.png;yes
TSP2610;خوذة امان لون ازرق وزن 330 غ TOTAL موديل حديث;2.4;https://hawarastore.com/wp-content/uploads/2025/08/TSP2610.png;yes
TSP2611;خوذة امان حديثة لون احمر وزن 330 غرام TOTAL;2.71;;no
TSP2612;خوذة امان لون اصفر وزن 330 غرام TOTAL موديل حديث;1.99;https://hawarastore.com/wp-content/uploads/2025/08/TSP2612.png;yes
TSP301;نظارة امان للعين شفافة موديل 301 TOTAL;0.96;https://hawarastore.com/wp-content/uploads/2024/06/TSP342.png;no
TSP302;نظارة امان مرنة شفافة مع مطاطة خلفية TOTAL;0.76;https://hawarastore.com/wp-content/uploads/2025/08/TSP302SB.46.png;yes
TSP302L.39;حذاء مزارعين ضد التزحلق قياس 39 ارتفاع 39 سم لون اخضر بدون حماية TOTAL;6.91;;no
TSP302L.40;حذاء مزارعين ضد التزحلق قياس 40 ارتفاع 39 سم لون اخضر بدون حماية TOTAL;6.91;https://hawarastore.com/wp-content/uploads/2025/08/TSP302L.40.png;yes
TSP302L.41;حذاء مزارعين ضد التزحلق قياس 41 ارتفاع 39 سم لون اخضر بدون حمايةTOTAL;6.91;;no
TSP302L.42;حذاء مزارعين ضد التزحلق قياس 42 ارتفاع 39 سم لون اخضر بدون حماية TOTAL;6.91;;no
TSP302L.43;حذاء مزارعين ضد التزحلق قياس 43 ارتفاع 39 سم لون اخضر بدون حماية TOTAL;6.91;;no
TSP302L.44;حذاء مزارعين ضد التزحلق قياس 44 ارتفاع 39 سم لون اخضر بدون حماية TOTAL;6.91;;no
TSP302L.45;حذاء مزارعين ضد التزحلق قياس 45 ارتفاع 39 سم لون اخضر بدون حماية TOTAL;6.91;;no
TSP302L.46;حذاء مزارعين ضد التزحلق قياس 46 ارتفاع 39 سم لون اخضر بدون حمايةTOTAL;6.91;https://hawarastore.com/wp-content/uploads/2025/08/TSP302L.46.png;yes
TSP302LAB.42;حذاء مزارعين ضد التزحلق ارتفاع 37 سم نمرة 42 لون اسود بدون حماية TOTAL;6.4;;no
TSP302LAB.43;حذاء مزارعين ضد التزحلق ارتفاع 37 سم نمرة 43 لون اسود بدون حماية TOTAL;6.4;;no
TSP302LAB.44;حذاء مزارعين ضد التزحلق ارتفاع 37 سم نمرة 44 لون اسود بدون حمايةTOTAL;6.4;;no
TSP302S1P.39;حذاء مزارعين قياس 39 ارتفاع 39 سم مع حماية امامية + سفلية كاملة للقدم TOTAL;10.32;https://hawarastore.com/wp-content/uploads/2025/08/TSP302S1P.39.png;yes
TSP302S1P.40;حذاء مزارعين قياس 40 ارتفاع 40 سم مع حماية امامية + سفلية كاملة للقدم TOTAL;10.32;https://hawarastore.com/wp-content/uploads/2025/08/TSP302S1P.40.png;yes
TSP302S1P.41;حذاء مزارعين قياس 41 ارتفاع 41 سم مع حماية امامية + سفلية كاملة للقدم TOTAL;10.32;;no
TSP302S1P.42;حذاء مزارعين قياس 42 ارتفاع 42 سم مع حماية امامية + سفلية كاملة للقدم TOTAL;10.32;;no
TSP302S1P.43;حذاء مزارعين قياس 43 ارتفاع 43 سم مع حماية امامية + سفلية كاملة للقدم TOTAL;10.32;;no
TSP302S1P.44;حذاء مزارعين قياس 44 ارتفاع 44 سم مع حماية امامية + سفلية كاملة للقدم TOTAL;10.32;;no
TSP302S1P.45;حذاء مزارعين قياس 45 ارتفاع 45 سم مع حماية امامية + سفلية كاملة للقدم TOTAL;10.32;;no
TSP302S1P.46;حذاء مزارعين قياس 46 ارتفاع 46 سم مع حماية امامية + سفلية كاملة للقدم TOTAL;10.32;;no
TSP302SB.40;حذاء مزارعين قياس 40 ارتفاع 40 سم مع حماية امامية TOTAL;9.35;;no
TSP302SB.41;حذاء مزارعين قياس 41 ارتفاع 40 سم مع حماية امامية TOTAL;9.35;;no
TSP302SB.42;حذاء مزارعين قياس 42 ارتفاع 40 سم مع حماية امامية TOTAL;9.35;;no
TSP302SB.43;حذاء مزارعين قياس 43 ارتفاع 40 سم مع حماية امامية TOTAL;9.35;;no
TSP302SB.44;حذاء مزارعين قياس 44 ارتفاع 40 سم مع حماية امامية TOTAL;9.35;;no
TSP302SB.45;حذاء مزارعين قياس 45 ارتفاع 40 سم مع حماية امامية TOTAL;9.35;;no
TSP302SB.46;حذاء مزارعين قياس 46 ارتفاع 40 سم مع حماية امامية TOTAL;9.35;https://hawarastore.com/wp-content/uploads/2025/08/TSP302SB.46.png;yes
TSP303;نظارة امان ضد اللحام والنثر قلاب عيار 8 TOTAL;0.97;https://hawarastore.com/wp-content/uploads/2025/08/TSP303L.46.png;yes
TSP303L.39;حذاء مزارعين قياس 39 ارتفاع 20 سم بدون حماية TOTAL;5.27;https://hawarastore.com/wp-content/uploads/2025/08/TSP303L.39.png;yes
TSP303L.40;حذاء مزارعين قياس 40 ارتفاع 20 سم بدون حماية TOTAL;4.61;https://hawarastore.com/wp-content/uploads/2025/08/TSP303L.40.png;yes
TSP303L.41;حذاء مزارعين قياس 41 ارتفاع 20 سم بدون حماية TOTAL;5.27;https://hawarastore.com/wp-content/uploads/2025/08/TSP303L.41.png;yes
TSP303L.42;حذاء مزارعين قياس 42 ارتفاع 20 سم بدون حماية TOTAL;5.27;;no
TSP303L.43;حذاء مزارعين قياس 43 ارتفاع 20 سم بدون حماية TOTAL;5.27;https://hawarastore.com/wp-content/uploads/2025/08/TSP303L.43.png;yes
TSP303L.44;حذاء مزارعين قياس 44 ارتفاع 20 سم بدون حماية TOTAL;5.27;;no
TSP303L.45;حذاء مزارعين قياس 45 ارتفاع 20 سم بدون حماية TOTAL;5.27;;no
TSP303L.46;حذاء مزارعين قياس 46 ارتفاع 20 سم بدون حماية TOTAL;4.75;https://hawarastore.com/wp-content/uploads/2025/08/TSP303L.46.png;yes
TSP304;نظارة امان ضد النثر TOTAL;1.05;https://hawarastore.com/wp-content/uploads/2025/08/TSP304.png;no
TSP305;نظارة امان عين لون اسود عيار 4 TOTAL;0.96;https://hawarastore.com/wp-content/uploads/2025/08/TSP305.png;yes
TSP306;نظارة امان عيار 4 ماركة TOTAL;1.49;https://hawarastore.com/wp-content/uploads/2025/08/TSP306.png;yes
TSP307;نظارة امان لحام TOTAL عيار 5;0.96;https://hawarastore.com/wp-content/uploads/2025/08/TSP307.png;yes
TSP308LYB.39;حذاء مزارعين ضد التزحلق ارتفاع 37 سم نمرة 39 لون اسود بدون حماية TOTAL موديل حديث;7.21;;no
TSP308LYB.40;حذاء مزارعين ضد التزحلق ارتفاع 37 سم نمرة 40 لون اسود بدون حماية TOTAL موديل حديث;7.21;;no
TSP308LYB.41;حذاء مزارعين ضد التزحلق ارتفاع 37 سم نمرة 41 لون اسود بدون حماية TOTAL موديل حديث;7.21;;no
TSP308LYB.42;حذاء مزارعين ضد التزحلق ارتفاع 37 سم نمرة 42 لون اسود بدون حماية TOTAL موديل حديث;7.21;;no
TSP308LYB.43;حذاء مزارعين ضد التزحلق ارتفاع 37 سم نمرة 43 لون اسود بدون حماية TOTAL موديل حديث;7.21;;no
TSP308LYB.44;حذاء مزارعين ضد التزحلق ارتفاع 37 سم نمرة 44 لون اسود بدون حماية TOTAL موديل حديث;7.21;;no
TSP308LYB.45;حذاء مزارعين ضد التزحلق ارتفاع 37 سم نمرة 45 لون اسود بدون حماية TOTAL موديل حديث;7.21;;no
TSP308LYB.46;حذاء مزارعين ضد التزحلق ارتفاع 37 سم نمرة 46 لون اسود بدون حماية TOTAL موديل حديث;7.21;;no
TSP309;نظارة امان موديل حديث ماركة TOTAL;1.82;https://hawarastore.com/wp-content/uploads/2024/10/TSP309.png;no
TSP342;نظارة امان عين لون ابيض موديل 342 TOTAL;0.76;https://hawarastore.com/wp-content/uploads/2024/06/TSP342.png;no
TSP401;كمامة ضد الغبار موديل FFP2 ماركة TOTAL;0.29;https://hawarastore.com/wp-content/uploads/2025/08/TSP401.png;yes
TSP402;كمامة بيضاء مع صمام كربون 4 طبقات TOTAL;0.42;https://hawarastore.com/wp-content/uploads/2025/08/TSP402.png;yes
TSP403;كمامة ضد الغبار قابلة للتعديل عند الانف ماركة TOTAL;0.08;https://hawarastore.com/wp-content/uploads/2025/08/TSP403.png;yes
TSP406;كمامة رمادية مع صمام مع كربون 3 قطع في كيس واحد 4 طبقات TOTAL;2;;no
TSP408;كمامة مع فلتر انتي فايروس FFP2 صناعي ماركة TOTAL;0.48;https://hawarastore.com/wp-content/uploads/2025/08/TSP408.png;yes
TSP412;كمامة انتي فيروس FFP2 صناعي ماركة TOTAL;0.13;https://hawarastore.com/wp-content/uploads/2025/08/TSP412.png;yes
TSP413;كمامة قماش TOTAL;0.03;;no
TSP502;صدرية عاكس لون اصفر نيون قياس XL ماركة TOTAL;2.35;;no
TSP503;صدرية عاكس لون برتقالي قياس XL ماركة TOTAL;2.35;;no
TSP602;خوذة امان مهندسين ABS لون ابيض TOTAL صناعي;3.81;;no
TSP605;خوذة امان لون برتقاليPP لحامين TOTAL موديل حديث;3.1;;no
TSP608;خوذة امان كهربائيين PP لون ازرق TOTAL;2.8;;no
TSP609;خوذة امان مهندسين PP لون ابيض TOTAL;2.8;;no
TSP610;حماية وجه شفافة صناعي TOTAL;3.54;https://hawarastore.com/wp-content/uploads/2025/08/TSP610.png;yes
TSP612;خوذة امان PP لون اصفر TOTAL;3.1;;no
TSP62XL;صدرية عاكس لون برتقالي 4 خطوط قياس XL ماركة TOTAL;2.81;;no
TSP63XL;صدرية عاكس لون اصفر 4 خطوط قياس XL ماركة TOTAL;2.81;;no
TSP701;سماعة حماية من الضجيج TOTAL;2.67;https://hawarastore.com/wp-content/uploads/2025/08/TSP701.png;yes
TSP707;سدادة اذن لتخفيف الضوضاء ماركة TOTAL;0.21;https://hawarastore.com/wp-content/uploads/2025/08/TSP707.png;yes
TSP8601;خوذة امان حديثة لون اصفر وزن 380 غرام TOTAL;2.58;https://hawarastore.com/wp-content/uploads/2026/02/TSP8601.png;yes
TSP8602;خوذة امان لون ابيض وزن 380 غ TOTAL;2.58;https://hawarastore.com/wp-content/uploads/2026/02/TSP8602.png;yes
TSP8603;خوذة امان لون ازرق وزن 380 غرام ماركة TOTAL;2.58;;no
TSP8604;خوذة امان لون احمر PP إطفاء TOTAL;2.58;https://hawarastore.com/wp-content/uploads/2026/02/TSP8604.png;yes
TSP9102;وجه لحام قياس البلورة 108*50 مم سماكة 3 مم موديل A صناعي TOTAL;2.01;https://hawarastore.com/wp-content/uploads/2025/08/TSP9102.png;yes
TSP9103;خوذة لحام صناعي TOTAL Auto Darkening100*49mm;27.73;https://hawarastore.com/wp-content/uploads/2025/08/TSP9103.png;no
TSP9201;وجه لحام قياس البلورة 108*50 مم سماكة 3 مم مع مثبت على الرأس موديل B صناعي TOTAL;2.67;https://hawarastore.com/wp-content/uploads/2025/08/TSP9201.png;no
TSP9216;وجه لحام قلاب 110*90 مم صناعي ماركة TOTAL;2.82;https://hawarastore.com/wp-content/uploads/2026/06/TSP9216.png;yes
TSP9306;خوذة لحام ارغون 42 × 92 مم Auto Darkening ماركة TOTAL;17.06;https://hawarastore.com/wp-content/uploads/2025/08/TSP9306.png;yes
TSP9309;خوذة لحام ارغون اتوماتيكية قياس 90*35مم ماركة TOTAL;12.33;https://hawarastore.com/wp-content/uploads/2025/08/TSP9309.png;yes
TSP9401;نظارة امان لحام اوتو داركين ماركة TOTAL;7.61;https://hawarastore.com/wp-content/uploads/2024/06/TSP9401.png;no
TSP9402;نظارة امان لحام اوتو داركين TOTAL بديل TSP9403;8.17;;no
TSP9403;نظارة امان لحام اوتو داركين خلفية مطاط ماركة TOTAL;7.21;https://hawarastore.com/wp-content/uploads/2025/08/TSP9403.png;no
TSP9405;نظارة امان لحام اوتو داركين ON-OF ماركة TOTAL;7.21;https://hawarastore.com/wp-content/uploads/2025/08/TSP9405.png;yes
TSPLI2001;مرش زراعي بطارية 20 فولت 16 ليتر على الظهر بدون بطارية وشاحن TOTAL;50.36;https://hawarastore.com/wp-content/uploads/2025/08/TSPLI2001.png;no
TSPLI2016;مرش زراعي بطارية 20 فولت 16 ليتر بدون بطارية وشاحن TOTAL;58.91;https://hawarastore.com/wp-content/uploads/2025/08/TSPLI2016.png;yes
TSPLI20162;مرش مبيدات ومطهرات بطارية 20 فولت 16 ليتر + بطارية 2 امبير + شاحن TOTAL;75.13;https://hawarastore.com/wp-content/uploads/2025/05/TSPLI20162.png;yes
TSPNF01;كف مطاطي XL للاعمال اليدوية TOTAL مقوى;1.75;https://hawarastore.com/wp-content/uploads/2025/08/TSPNF01.png;yes
TSPP3701;مرش مبيدات بطارية 4 فولت زراعي يدوي 1 ليتر حديث ماركة TOTAL;12.71;;no
TSPTG01;كف مطاطي XL للزيوت والاعمال اليدوية مع خاصية اللمس TOTAL;1.09;https://hawarastore.com/wp-content/uploads/2025/08/TSPTG01.png;yes
TSPUG01;كف عمل مطاطي صناعي XL ماركة TOTAL;0.46;;no
TSPUG02;كف عمل مطاطي XL ماركة TOTAL;0.35;https://hawarastore.com/wp-content/uploads/2025/08/TSPUG02.png;yes
TSPUG62;كف عمل مطاطي XL ماركة TOTAL;0.35;;no
TSPWA03;مريول عمل مخصص للحام (90×60 ) سم مصنوع من جلد البقر معزول من الحراره TOTAL;14.42;https://hawarastore.com/wp-content/uploads/2025/08/TSPWA03.png;yes
TSSLI162582;مقص كساح 16 فولت قطع 2.5 مم مع بطارييتين 2 امبير وشاحن TOTAL;69.42;https://hawarastore.com/wp-content/uploads/2025/08/TSSLI162582.png;yes
TSSLI20308;مقص كساح بطارية 20 فولت بدون بطارية وشاحن TOTAL;57.47;https://hawarastore.com/wp-content/uploads/2025/08/TSSLI20308.png;yes
TSSLI203083;مقص كساح مستويين 20+30مم بدون فحمات بطارية 20 فولت + بطارية 2 امبير + شاحن ضمن حقيبة بلاستيك TOTAL;75.53;https://hawarastore.com/wp-content/uploads/2025/08/TSSLI203083.png;yes
TSTLI2001;قصاصة سور 20 فولت بدون بطارية وشاحن TOTAL;32.81;https://hawarastore.com/wp-content/uploads/2025/08/TSTLI20018.png;no
TSTLI20018;قصاصة عشب بطارية 40 فولت BL + ديسك قص + بكرة لطاشة بدون بطارية وشاحن TOTAL;82.69;https://hawarastore.com/wp-content/uploads/2025/08/TSTLI20018.png;yes
TSTLI200285;قصاصة عشب بطارية 40 فولت BL + ديسك قص + بكرة لطاشة مع بطارية 4 امبير عدد 2 + وشاحن TOTAL;145.11;;no
TSTLI2040386;مجموعة العناية بالحدائق-40 فولت 4 في 1 لطاشة ( دسك - بكرة )+ مقص سور + منشار بطاريتين 4 امبير وشاحن مزدوج ماركة TOTAL;267.99;;no
TSWP3701;غاطس ستانلس 0.5 حصان 1 انش رفع 72 م غزارة 1.5 م مكعب مع 9 م كبل ماركة TOTAL;54.59;;no
TSWP7501;غاطس ستانلس 1 حصان 1 انش رفع 103 م غزارة 1.98 م مكعب مع 9 م كبل ماركة TOTAL;65.89;https://hawarastore.com/wp-content/uploads/2025/08/TSWP7501.png;yes
TT001116;فرد سيليكون 12 واط ( 100 واط ) مع قطعتين سيليكون سماكة 7 مم TOTAL;2.54;https://hawarastore.com/wp-content/uploads/2025/08/TT001116.png;no
TT1006;فرد بخ دهان كهربائي 100 واط حجرة دهان 800 مل بلاستيك TOTAL (( صناعي ));16.57;;no
TT101116;فرد سيليكون حامي 20W(100W) TOTAL مع قطعتين سيليكون 11.2 مم;3.85;https://hawarastore.com/wp-content/uploads/2025/08/TT101116.png;yes
TT201116;فرد سيليكون حراري 25-150 واط مع 4 قطع سيلكون TOTAL;8.09;https://hawarastore.com/wp-content/uploads/2025/08/TT201116.png;no
TT301111;فرد سيليكون حامي 220 واط TOTAL (( صناعي )) مع قطعتين سيليكون قياس 11*200mm;11.08;https://hawarastore.com/wp-content/uploads/2025/08/TT301111.png;yes
TT301116;فرد سيليكون حراري 30W (220W) مع 8 قطع سيليكون TOTAL;9.84;https://hawarastore.com/wp-content/uploads/2024/03/TT301116.png;no
TT328151;كاوي لحام بواري 1500 واط مجال العمل من 20 مم الى 63 مم TOTAL;35.33;https://hawarastore.com/wp-content/uploads/2025/08/TT328151.png;yes
TT3506;فرد بخ دهان كهربائي 450 واط TOTAL;17.5;https://hawarastore.com/wp-content/uploads/2025/08/TT3506.png;yes
TT401116;فرد سيليكون حراري 45-250 واط مع 8 أصابع سيليكون TOTAL;7.13;;no
TT4506;فرد بخ دهان كهربائي 530 واط طاسة بلاستيك TOTAL حديث;18.5;https://hawarastore.com/wp-content/uploads/2026/02/TT4506.png;yes
TT45061;فرد بخ دهان 530 واط طاسة ستانلس سعة 1 لتر ماركة TOTAL;21.22;;no
TT5006;فرد بخ دهان كهربائي 550 واط TOTAL (( صناعي ));23.51;https://hawarastore.com/wp-content/uploads/2025/08/TT5006-2.png;yes
TT5006-2;فرد بخ دهان كهربائي 550 واط مع وعاء دهان ستانلس ستيل 800 ملم TOTAL;24.92;https://hawarastore.com/wp-content/uploads/2025/08/TT5006-2.png;no
TTAC1401;كمبرسور ضاغط هواء سيارة 12 فولت تدفق 35 لتر / د 10 بار TOTAL بسطون واحد;0;;no
TTAC1406;كمبرسور ضاغط هواء سيارة 12 فولت تدفق 35 لتر/د 10 بار TOTAL بسطون واحد وصلة قداحة حديث;16.89;https://hawarastore.com/wp-content/uploads/2025/08/TTAC1406.png;yes
TTAC1601;كمبرسور ضاغط هواء سيارة 12 فولت تدفق 35 لتر/د 11 بار TOTAL بسطون واحد;26.64;https://hawarastore.com/wp-content/uploads/2025/08/TTAC1601.png;yes
TTAC2506;كمبرسور ضاغط هواء سيارة 12 فولت تدفق لتر /د 8 بار TOTAL بسطونين مع ملاقط بطارية مع 5 متر خرطوم مع حقيبة قماش ((صناعي));27.53;https://hawarastore.com/wp-content/uploads/2025/08/TTAC2506.png;yes
TTCK250716;طقم 3 قطع فرد سيليكون حامي 45 واط + كاوي لحام قصدير 120 واط + افومتر 600 فولت على كرت بلاستيك TOTAL;15.27;https://hawarastore.com/wp-content/uploads/2026/02/TTCK250716.png;yes
TTKP15001;رابوب كهربائي 1500 واط عرض 31.8 سم لزوم نجارين صناعي TOTAL;240.46;https://hawarastore.com/wp-content/uploads/2025/08/TTKP15001.png;no
TTPLI2001;"مضخة بطارية 20 فولت (ماء-مازوت-كاز)- غير مخصصة (للفيول والكحول) غزارة 45 ل/د ""3/4 بدون بطارية وشاحن TOTAL حديث";52.04;https://hawarastore.com/wp-content/uploads/2025/08/TTPLI2001.png;yes
TTVLI2001;رجاج سيراميك 20 فولت 60 كغ بدون بطارية وشاحن TOTAL;22.75;https://hawarastore.com/wp-content/uploads/2025/08/TTVLI20015.png;yes
TTVLI20018;رجاج سيراميك 20 فولت 6 مستويات 60 كغ + بطارية 2 امبير + شاحن + حماية ركب ضمن حقيبة بلاستيك TOTAL;41.78;https://hawarastore.com/wp-content/uploads/2026/02/TTVLI20018-878x1024.png;yes
TTVLI20101;رجاج سيراميك 20 فولت مع حماية ركب + بطارية + شاحن ماركة TOTAL;44.1;https://hawarastore.com/wp-content/uploads/2024/05/TTVLI20101-2.png;no
TTVT1601;سترة 12 جيب عدة صناعي ماركة TOTAL;10.99;;no
TTVT16025;سترة 17 جيب عدة حمل 3 كغ صناعي ماركة TOTAL;10.48;;no
TUCLI2001;شاحن جهاز خليوي 20 فولت بدون بطارية TOTAL;4.94;;no
TUCLI2022;شاحن جهاز خليوي 20 فولت حديث بدون بطارية TOTAL;6.84;https://hawarastore.com/wp-content/uploads/2025/08/TUCLI2022.png;yes
TVC14122;مكنسة صناعي 1200 واط سعة 12 لتر رطب+ جاف + اكسسوارات ماركة TOTAL;34.25;;no
TVC14301;مكنسة صناعي 1400 واط 30 لتر TOTAL;67.17;;no
TVC20258;مكنسة صناعي 2000 واط شفط غبار TOTAL;65.95;https://hawarastore.com/wp-content/uploads/2024/05/TVC20258.png;no
TVC24751;مكنسة صناعي رطب 2 × 1200 واط 75 لتر TOTAL;188.23;;no
TVCAIHP02;فلتر هواء لزوم المكنسة TOTAL TVC14122+TVC14301 Air-inlet HEPA;1.97;;no
TVCAIHP03;فلتر هواء لزوم المكنسة TOTAL TVC24751 Air-inlet HEPA;5.94;https://hawarastore.com/wp-content/uploads/2025/08/TVCAIHP03.png;no
TVCH22091;مكنسة صناعي 0.8 ليتر 120 واط قابل للشحن TOTAL;69.97;;no
TVCRG30261;مكنسة على البطارية قطر 30 سم ضغط 1000 باسكال صناعي TOTAL;115.84;;no
TVCRR30201;مكنسة على البطارية قطر 30 سم ضغط 800 باسكال TOTAL;75.86;https://hawarastore.com/wp-content/uploads/2024/05/TVCRR30201.png;no
TVLI2001;مكنسة صناعية 20 فولت 0.7 لتر TOTAL;28.51;;no
TVLI2005;مكنسة صناعية 20 فولت 20 لتر بدون بطارية وشاحن ماركة TOTAL;51.53;https://hawarastore.com/wp-content/uploads/2024/05/TVLI2005png.png;no
TVLI2006;مكنسة سيارة بطارية 20 فولت 120 واط محرك نحاس سعة 0.8 ليتر + بطارية 2 امبير + شاحن +اكسسوارات TOTAL;54.64;https://hawarastore.com/wp-content/uploads/2025/08/TVLI2006.png;yes
TVLI20126;مكنسة سيارة بطارية 20 فولت 0.5 ليتر+ بطارية 2 امبير + شاحن TOTAL;33.41;;no
TVLI201261;مكنسة سيارة بطارية 20 فولت 0.5 ليتر بدون بطارية وشاحن TOTAL;13.67;;no
TVLI2026;مكنسة سيارة 12 فولت 0.5 ليتر بطارية داخلية TYPE-C وشاحن TOTAL;23.57;https://hawarastore.com/wp-content/uploads/2025/08/TVLI2026.png;yes
TW213028;طرنس لحام الكتروني 130 امبير ماركة TOTAL;55.89;;no
TW213049;طرنس لحام 130 امبير حديث TOTAL ميني;49.79;https://hawarastore.com/wp-content/uploads/2024/05/TW213049.png;yes
TW213059;طرنس لحام الكتروني 130 امبير ماركة TOTAL موديل حديث;60.56;https://hawarastore.com/wp-content/uploads/2026/02/TW213059-788x1024.png;yes
TW216049;طرنس لحام 160 امبير حديث TOTAL ميني;63.84;https://hawarastore.com/wp-content/uploads/2025/08/TW216049.png;no
TW216059;طرنس لحام 160 امبير شاشة LED سيخ لحام 4 -1.6 مم TOTAL;68.4;;no
TW216069;طرنس لحام 160 امبير سيخ لحام 1.6 - 4 مم شاشة ليد TOTAL صناعي محترفين;80.2;https://hawarastore.com/wp-content/uploads/2026/02/TW216069-788x1024.png;yes
TW218028;طرنس لحام 180 امبير حديث TOTAL;77.17;https://hawarastore.com/wp-content/uploads/2024/10/TW218028.png;no
TW218049;طرنس لحام 180امبير ميني حديث ماركة TOTAL;73.66;https://hawarastore.com/wp-content/uploads/2026/02/TW218049-878x1024.png;yes
TW218059;طرنس لحام 180 امبير حديث شاشة LED ماركة TOTAL;75.46;;no
TW22005;طرنس لحام 200 امبير TOTAL;165.66;https://hawarastore.com/wp-content/uploads/2025/08/TW22005.png;no
TW220069;طرنس لحام 200 امبير حديث TOTAL للمحترفين;88.15;https://hawarastore.com/wp-content/uploads/2025/08/TW220069.png;no
TW2200691;طرنس لحام 200 امبير TIG-MMA سيخ لحام 1.6-4 مم مانع التصاق LCD للمحترفين TOTAL;107.3;;no
TW22506;طرنس لحام 250 امبير TOTAL;185.83;https://hawarastore.com/wp-content/uploads/2024/05/TW22506.png;no
TW225069;طرنس لحام 250 امبير TOTAL حديث للمحترفين;130.94;https://hawarastore.com/wp-content/uploads/2025/08/TW225069.png;no
TW225089;طرنس لحام الكتروني محترفين 250 امبير 380 / 220 فولت صناعي ماركة TOTAL موديل حديث;180.05;https://hawarastore.com/wp-content/uploads/2025/10/TW225089.png;yes
TW24003;طرنس لحام 400 امبير 3 فاز TOTAL;325.72;https://hawarastore.com/wp-content/uploads/2025/08/TW24003.png;no
TW25005;طرنس لحام 500 امبير 3 فاز TOTAL;392.83;https://hawarastore.com/wp-content/uploads/2025/08/TW25005.png;yes
TW26305;طرنس لحام 630 امبير 3 فاز TOTAL;517.68;https://hawarastore.com/wp-content/uploads/2025/08/TW26305.png;no
TWAH10006;بانسة لحام 1000 امبير نحاس TOTAL موديل جديد;4.96;https://hawarastore.com/wp-content/uploads/2025/08/TWAH10006.png;yes
TWAH3006;بانسة لحام 300 امبير نحاس TOTAL;2.81;https://hawarastore.com/wp-content/uploads/2025/08/TWAH3006.png;no
TWAH5006;بانسة لحام 500 امبير نحاس TOTAL;3.66;https://hawarastore.com/wp-content/uploads/2025/08/TWAH5006.png;yes
TWAH8006;بانسة لحام 800 امبير نحاس TOTAL;3.79;https://hawarastore.com/wp-content/uploads/2025/08/TWAH8006.png;yes
TWL3600LI;لمبة عمل ليد مع علاقة ((صناعي)) 170+350 لومينزبطارية 3600 ميلي امبير مع USB CHARGER +USB CAR CHARGER TOTAL;23.65;https://hawarastore.com/wp-content/uploads/2025/08/TWL3600LI.png;yes
TWLC1256;حفارة تيب 1500 واط مع ازميل مع ديسك قص عدد 4 هدية 125 مم TOTAL;80.43;https://hawarastore.com/wp-content/uploads/2025/08/TWLC1256.png;no
TWLC1301;حفارة تيب 3000 واط 130 مم + انبوب ومضخة ماء + ازميل + ديسك قص عدد 5 +رنش ومفتاح مسدس ضمن صندوق معدنيTOTAL;160.85;https://hawarastore.com/wp-content/uploads/2024/05/TWLC1301.png;no
TWLI043006;لمبة عمل بطارية 4 فولت 300 لومينز مجال 10 متر مربع شاحن TYPE-C ماركة TOTAL;12.74;https://hawarastore.com/wp-content/uploads/2025/09/TWLI043006.jpg;yes
TWLI1201;مصباح يدوي ليثيوم ليد 12 فولت بدون بطارية وشاحن TOTAL;3.59;https://hawarastore.com/wp-content/uploads/2024/05/TWLI1201.png;no
TWLI1223;مصباح يدوي ليثيوم ليد 12 فولت بدون بطارية وشاحن TOTALموديل حديث;2.77;https://hawarastore.com/wp-content/uploads/2025/08/TWLI1223.png;yes
TWLI2001;مصباح ليد 20 فولت 225 لومينز بدون بطارية وشاحن TOTAL IP20;19.18;https://hawarastore.com/wp-content/uploads/2024/05/TWLI2001.png;no
TWLI2023;لمبة عمل 20 فولت 150 لومينز بدون بطارية وشاحن TOTAL IP20;4.91;https://hawarastore.com/wp-content/uploads/2025/08/TWLI2023.png;yes
TWLI2025;مصباح بنجكتور بطارية 20 فولت 20 واط 1800 لومينز بدون بطارية و شاحن TOTAL حديث;17.89;https://hawarastore.com/wp-content/uploads/2024/10/TWLI2025.png;yes
TWLI20258;مصباح بنجكتور بطارية 20 فولت 20 واط + بطارية 2 امبير + شاحن TOTAL سوبر توتال;35.43;https://hawarastore.com/wp-content/uploads/2025/08/TWLI20258.png;yes
TWLI2038;مصباح ليد 20 فولت 5 واط 270 لومينز بدون بطارية وشاحن TOTAL IP20;7.56;https://hawarastore.com/wp-content/uploads/2025/08/TWLI2038.png;yes
TWLI2058;لمبة عمل بطارية 20 فولت 450 لومينز مدى 100 متر بدون بطارية وشاحن TOTAL;8.39;https://hawarastore.com/wp-content/uploads/2025/10/TWLI2058.webp;yes
TWLI2088;لمبة عمل 20 فولت 2000 لومينز بدون بطارية وشاحن TOTAL;26.64;https://hawarastore.com/wp-content/uploads/2026/02/TWLI20885.png;yes
TWLI20885;لمبة عمل كشاف 20 فولت 2500 لومينز بدون بطارية وشاحن TOTAL;23.14;https://hawarastore.com/wp-content/uploads/2026/02/TWLI20885.png;yes
TWLI20887;لمبة عمل كشاف 20 فولت 2500 لومينز + بطارية 2 امبير عدد 2 + وشاحن ماركةTOTAL;49.18;https://hawarastore.com/wp-content/uploads/2026/03/TWLI20887.png;yes
TWLI35261;لمبة عمل ليد خط واحد 3.6 فولت 300 لومينز مع علاقة TOTAL;13.46;https://hawarastore.com/wp-content/uploads/2025/08/TWLI35261.png;yes
TWP103702;مضخة 0.5 حصان حرامي سحب ذاتي بروانة نحاس رفع 35 م غزارة 35 ل/د 1 انش 220 فولت TOTAL;45.21;https://hawarastore.com/wp-content/uploads/2024/05/TWP103702.png;no
TWP103706;مضخة 0.5 حصان حرامي سحب ذاتي بروانة نحاس رفع 32 م غزارة 35 ل/د 1 انش 220 فولت TOTAL;39.13;https://hawarastore.com/wp-content/uploads/2025/08/TWP103706.png;yes
TWP105506;مضخة 0.75 حصان حرامي سحب ذاتي رفع 45 م غزارة 45 م/د 1 نش 220 فولت TOTAL موديل حديث -قصير-;62.41;;no
TWP107506;مضخة 1 حصان حرامي سحب ذاتي رفع 52 م غزارة 50م/د 1 انش 220 فولت TOTAL موديل حديث - قصير -;68.73;;no
TWP113706;مضخة 0.5 حصان حرامي سحب ذاتي مع خزان هيدروفورم و اتوماتيك ذكي TOTAL;49.52;https://hawarastore.com/wp-content/uploads/2025/08/TWP113706.png;no
TWP137026;مضخة فراش 0.5 حصان TOTAL موديل حديث;26.4;https://hawarastore.com/wp-content/uploads/2024/05/TWP137026.png;no
TWP13706;مضخة فراش 0.5 حصان ملف نحاس TOTAL;28.13;https://hawarastore.com/wp-content/uploads/2025/08/TWP13706.png;no
TWP15506;مضخة فراش 0.75 حصان TOTAL;42.48;https://hawarastore.com/wp-content/uploads/2025/08/TWP15506.png;yes
TWP17506;مضخة فراش 1 حصان TOTAL;44.97;https://hawarastore.com/wp-content/uploads/2025/08/TWP17506.png;yes
TWP215002;مضخة 2 حصان تحرير بروانة ستانلس رفع 18 م غزارة 450 ل/د 2 انش 220 فولت TOTAL;110.48;https://hawarastore.com/wp-content/uploads/2024/05/TWP215002.png;no
TWP2150026;مضخة 2 حصان تحرير زراعي بروانة نحاس رفع 18 م غزارة 450 ل/د 2 انش 220 فولت TOTAL;92.27;https://hawarastore.com/wp-content/uploads/2025/08/TWP2150026.png;yes
TWP215006;مضخة 2 حصان تحرير بروانة ستانلس رفع 25 م غزارة 7.8 ل/د 1 انش 220 فولت TOTAL;101.18;https://hawarastore.com/wp-content/uploads/2025/08/TWP215006.png;no
TWP222002;مضخة 3 حصان تحرير زراعي بروانة نحاس رفع 15 م غزارة 800 ل/د 3 انش 220 فولت TOTAL;121.45;https://hawarastore.com/wp-content/uploads/2025/08/TWP222002.png;yes
TWP23706;مضخة 0.5 حصان تحرير بروانة ستانلس رفع 18 م غزارة 80ل/د 1 انش 220 فولت TOTAL;42.66;https://hawarastore.com/wp-content/uploads/2024/05/TWP215006-1.png;no
TWP25506;مضخة 0.75 حصان تحرير بروانة ستانلس رفع 25 م غزارة 100 ل/د 1 انش 220 فولت TOTAL;57.04;https://hawarastore.com/wp-content/uploads/2025/08/TWP25506.png;no
TWP27506;مضخة 1حصان تحرير بروانة ستانلس رفع 30 م غزارة 110 ل/ د 1 انش 220فولت TOTAL;61.01;https://hawarastore.com/wp-content/uploads/2024/05/TWP215006-1.png;no
TWP311006;مضخة 1.5 حصان جت حرامي سحب ذاتي رفع 60 م غزارة 70 ل/د 1 انش 220 فولت TOTAL;69.79;https://hawarastore.com/wp-content/uploads/2025/08/TWP311006.png;no
TWP315006;مضخة 2 حصان جت حرامي سحب ذاتي رفع 60 غزارة 100 ل/د 1 انش 220 فولت TOTAL;117.43;https://hawarastore.com/wp-content/uploads/2025/08/TWP315006.png;no
TWP37506;مضخة 1 حصان جت حرامي سحب ذاتي رفع 51 م غزارة 55 م/د 1انش 220 فولت TOTAL;64.3;https://hawarastore.com/wp-content/uploads/2025/08/TWP37506.png;yes
TWP511001;غاطس 1.5 حصان 1.25 انش رفع 112 م غزارة 6 م مكعب مع 20 م كبل صناعي ماركة TOTAL;133.92;https://hawarastore.com/wp-content/uploads/2025/08/TWP511001-SB.png;yes
TWP511001-SB;لوحة تحكم غاطس 1.5 حصان صناعي ماركة TOTAL-بلاستيك;11.95;https://hawarastore.com/wp-content/uploads/2024/05/TWP57501-SB.png;no
TWP511006;غاطس 1.5 حصان 1.25 انش رفع 112 م غزارة 6.7 م مكعب مع 20 م كبل صناعي مع لوحة ماركة TOTAL;143.03;;no
TWP515001;غاطس 2 حصان 1.25 انش رفع 135 م غزارة 6 م مكعب 220 فولت مع كبل 20 م بدون لوحة صناعي ماركة TOTAL;161.71;https://hawarastore.com/wp-content/uploads/2025/08/TWP515001-SB.png;yes
TWP515001-SB;لوحة تحكم غاطس 2 حصان صناعي ماركة TOTAL-بلاستيك;12.49;https://hawarastore.com/wp-content/uploads/2025/08/TWP515001-SB.png;no
TWP515006;غاطس 2 حصان 1.25 انش رفع 135 م غزارة 6.7 م مكعب 220 فولت مع كبل 20 م مع لوحة صناعي ماركة TOTAL موديل حديث;167.7;;no
TWP522001;غاطس 3 حصان 1.25 انش رفع 180 م غزارة 6 م مكعب 220 فولت مع كبل 20 م بدون لوحة صناعي ماركة TOTAL;221.47;https://hawarastore.com/wp-content/uploads/2025/08/TWP522001-SB.png;yes
TWP522001-SB;لوحة تحكم غاطس 3 حصان صناعي ماركة TOTAL-بلاستيك;14.73;https://hawarastore.com/wp-content/uploads/2025/08/TWP522001-SB.png;no
TWP522001-SP22/48;محرك غاطس 3 حصان مع كبل 20 م ماركة TOTAL;129.4;;no
TWP522006;غاطس 3 حصان 1.25 انش رفع 180 م غزارة 6.7 م مكعب 220 فولت مع كبل 20 م مع لوحة صناعي ماركة TOTAL;209.81;;no
TWP53701;غاطس 0.5 حصان 1.25 انش رفع 48 م غزارة 6.7 م مكعب مع 20 م كبل صناعي ماركة TOTAL;111.66;https://hawarastore.com/wp-content/uploads/2025/08/TWP53701-SB.png;yes
TWP53701-SB;لوحة تحكم غاطس 0.5 حصان صناعي ماركة TOTAL-بلاستيك;10.03;https://sp-ao.shortpixel.ai/client/to_webp,q_glossy,ret_img/https://hawarastore.com/wp-content/uploads/woocommerce-placeholder-600x600.png;no
TWP55501;غاطس 0.75 حصان 1.25 انش رفع 64 م غزارة 6.7 م مكعب مع 20 م كبل صناعي ماركة TOTAL;114.5;https://hawarastore.com/wp-content/uploads/2024/05/TWP522001-2.png;yes
TWP55501-SB;لوحة تحكم غاطس 0.75 حصان صناعي ماركة TOTAL-بلاستيك;10.38;https://hawarastore.com/wp-content/uploads/2025/08/TWP55501-SB.png;no
TWP57501;غاطس 1 حصان 1.25 انش رفع 80 م غزارة 6.7 م مكعب مع 20 م كبل صناعي ماركة TOTAL;117.18;https://hawarastore.com/wp-content/uploads/2025/08/TWP57501-SB.png;yes
TWP57501-SB;لوحة تحكم غاطس 1 حصان صناعي ماركة TOTAL-بلاستيك;11.43;https://hawarastore.com/wp-content/uploads/2024/05/TWP57501-SB.png;no
TWP63701;قاذورة 0.5 حصان ستانلس مع فواشة رفع 17 م غزارة 25 ل/د فتحة 1 انش TOTAL ملف نحاس;53.4;;no
TWP63706;قاذورة 0.5 حصان مع فواشة رفع 17 م غزارة 100 ل/د فتحة 1 انش TOTAL ملف نحاس;48.03;https://hawarastore.com/wp-content/uploads/2025/08/TWP63706.png;no
TWP64001;قاذورة 400 واط بلاستيك مع فواشة رفع 8 م غزارة 116 ل/د فتحة 1 انش TOTAL ملف نحاس;34.8;;no
TWP64006;قاذورة 400 واط بلاستيك مع فواشة رفع 8 م غزارة 117 ل/د فتحة 1 انش TOTAL ملف نحاس;34.03;https://hawarastore.com/wp-content/uploads/2025/08/TWP64006.png;yes
TWP65501;قاذورة 0.75 حصان ستانلس مع فواشة رفع 25 م غزارة 1.5 م3 TOTAL ملف نحاس;66.96;https://hawarastore.com/wp-content/uploads/2024/05/TWP65501.png;no
TWP65506;قاذورة 0.75 حصان مع فواشة رفع 25 م غزارة 117 ل/د فتحة 1 انش ماركة TOTAL ملف نحاس;62.63;https://hawarastore.com/wp-content/uploads/2025/08/TWP65506.png;no
TWP67501;قاذورة 1 حصان ستانلس مع فواشة رفع 32 م غزارة 1.5 م3 TOTAL ملف نحاس;76.67;;no
TWP67506;قاذورة 1 حصان مع فواشة رفع 32 م غزارة 120 ل/دفتحة 1 انش ماركة TOTAL ملف نحاس;73.51;https://hawarastore.com/wp-content/uploads/2025/08/TWP67506.png;no
TWP711001;قاذورة 1.5حصان ستانلس ستيل مع فواشة رفع 15م غزارة 366 ل/د فتحة 2 انش TOTAL ملف نحاس;107.4;https://hawarastore.com/wp-content/uploads/2024/05/TWP711001.png;no
TWP7110016;قاذورة 1.5 حصان ستانلس ستيل مع فواشة رفع 15 متر غزارة 366 ل/د فتحة 2 انش ماركة TOTAL ملف نحاس;103.06;;no
TWP715001;قاذورة 2 حصان ستانلس ستيل فرامة مع فواشة رفع 14.5 م غزارة 20 م فتحة 2 انش TOTAL ملف نحاس;127.56;https://hawarastore.com/wp-content/uploads/2024/05/TWP715001.png;no
TWP715001-SB;لوحة قاذورة ستانلس فرامة 2 حصان TOTAL رفع 14.5 م غزارة 20 م فتحة 2 انش + 9 متر كبل مياه قذرة;10.04;;no
TWP7150026;قاذورة 2 حصان ستانلس ستيل مع فواشة فرامة رفع 14.5 م غزارة 350 ل/د فتحة 2 انش TOTAL ملف نحاس مع لوحة تحكم;143.22;https://hawarastore.com/wp-content/uploads/2025/08/TWP7150026.png;no
TWP722001;قاذورة 3 حصان ستانلس ستيل مع فواشة فرامة رفع 13م غزارة 633 ل/د فتحة 2 انش TOTAL ملف نحاس;204.23;https://hawarastore.com/wp-content/uploads/2024/05/TWP722001.png;no
TWP7220026;قاذورة 3 حصان ستانلس ستيل فرامة مع فواشة رفع 13 متر غزارة 633 ل/د فتحة 3 انش + لوحة تحكم 220 فولط TOTAL ملف نحاس;204.3;https://hawarastore.com/wp-content/uploads/2025/08/TWP7220026.png;yes
TWP77501;قاذورة 1 حصان ستانلس مع فواشة رفع 13 م غزارة 350 ل/د فتحة 2 انش مياه قذرة TOTAL ملف نحاس;92.4;https://hawarastore.com/wp-content/uploads/2024/05/TWP77501png.png;no
TWP775016;قاذورة 1 حصان ستانلس ستيل مع فواشة رفع 13 م غزارة 350 ل/د فتحة 2 انش TOTAL ملف نحاس;95.63;https://hawarastore.com/wp-content/uploads/2025/08/TWP775016.png;no
TWP810001;قاذورة 1.4 حصان 1000 واط بلاستيك مع فواشة رفع 9 م غزارة 333 ل/د فتحة 2 انش TOTAL ملف نحاس;60.61;https://hawarastore.com/wp-content/uploads/2025/08/TWP810001.png;no
TWP87501;قاذورة 1 حصان بلاستيك مع فواشة رفع 8 م غزارة 216 ل/د فتحة 1 انش مياه قذرة TOTAL ملف نحاس;38.33;https://hawarastore.com/wp-content/uploads/2025/08/TWP87501.png;no
TWP87506;قاذورة 1 حصان بلاستيك مع فواشة رفع 8متر غزارة 217 ل/د فتحة 1 انش مع فواشة ماركة TOTAL ملف نحاس;40.1;https://hawarastore.com/wp-content/uploads/2025/08/TWP87506.png;yes
TWP92505;مضخة 0.33 حصان حرامي سحب ذاتي مع خزان هيدرفورم و اتوماتيك بروانة نحاس رفع 28 م غزارة 33 ل/د 1 انش 220 فولت TOTAL;85.89;https://hawarastore.com/wp-content/uploads/2024/05/TWP92505.png;no
TWP93701;مضخة 0.5 حصان حرامي سحب ذاتي مع خزان هيدرفورم و اتوماتيك TOTAL بديل TWP93706;53.12;https://hawarastore.com/wp-content/uploads/2024/05/TWP93701.png;no
TWP93706;مضخة 0.5 حصان حرامي سحب ذاتي مع خزان هيدرفورم و اتوماتيك TOTAL موديل حديث;39.43;https://hawarastore.com/wp-content/uploads/2025/08/TWP93706.png;no
TWP97505;مضخة 1 حصان حرامي سحب ذاتي مع خزان هيدروفورم و اتوماتيك TOTAL;81.21;https://hawarastore.com/wp-content/uploads/2024/05/TWP97505.png;yes
TWP97506;مضخة 1 حصان حرامي موديل حديث قصير رفع 52 متر غزارة 50 ليتر /د ماركة TOTAL مع هيدفورم;58.03;https://hawarastore.com/wp-content/uploads/2026/02/TWP97506-878x1024.png;yes
TWPM501;مضخة بحرة 50 واط رفع 2.5 م ملف نحاس مع كبل 10 م مع اكسسوارات ماركة TOTAL;28.79;https://hawarastore.com/wp-content/uploads/2024/05/TWPM501-1.png;no
TWPS101;هيدروفورم 1.5 بار موديل إيطالي TOTAL;15.24;https://hawarastore.com/wp-content/uploads/2025/08/TWPS101.png;yes
TWPS102;هيدروفورم 1.5 بار موديل اسباني TOTAL;15.24;https://hawarastore.com/wp-content/uploads/2025/08/TWPS102.png;yes
TWPS375062;مضخة 1 حصان جت حرامي سحب ذاتي ستانلس ستيل غذائية رفع 40 م غزارة 55 ل/د 1 انش 220 فولت TOTAL;67.24;https://hawarastore.com/wp-content/uploads/2025/08/TWPS375062.png;no
TWS10501;حفافة جدران دائرية 1050 واط مع كيس غبار 8.5 انش نوع total ((صناعي));84.77;https://hawarastore.com/wp-content/uploads/2024/05/TWS10501.png;yes
TWTLI2018;كاوي لحام بواري بطارية 20 فولت + لقم 20-25-32 مم بدون بطارية وشاحن TOTAL;16.59;;no
TWTLI20182;كاوي لحام بواري بطارية 20 فولت + لقم 20-25-32 مم + بطارية 4 امبير عدد 2 + شاحن 4 امبير TOTAL;55.92;;no
UWDN35181;لمبة ليد 18 واط WADFOW;1.45;https://hawarastore.com/wp-content/uploads/2025/08/UWDN35181-.png;yes
UWDN35281;لمبة ليد 28 واط WADFOW;2.08;https://hawarastore.com/wp-content/uploads/2025/08/UWDN35281.png;yes
UWDN35381;لمبة ليد 38 واط WADFOW;3;https://hawarastore.com/wp-content/uploads/2025/10/UWDN35381.png;yes
UWDN35481;لمبة ليد 48 واط WADFOW;3.64;https://hawarastore.com/wp-content/uploads/2025/08/UWDN35481.png;yes
WAAC501;كمبرسور سيارة 12 فولت تدفق 9 ليتر في الدقيقة 11 بار ماركة WADFOW;16.57;https://hawarastore.com/wp-content/uploads/2025/08/WAAC501.png;yes
WAAC561;كمبرسور ضاغط هواء سيارة 12 فولت تدفق 35 لتر/د 10 بار بسطون واحد وصلة قداحة WADFOW;16.44;https://sp-ao.shortpixel.ai/client/to_webp,q_glossy,ret_img/https://hawarastore.com/wp-content/uploads/woocommerce-placeholder-600x600.png;yes
WAAC562;كمبرسور ضاغط هواء سيارة 12 فولت تدفق 45 لتر /د 8 بار TOTAL بسطونين مع ملاقط بطارية مع 3 متر خرطوم مع حقيبة قماش WADFOW;23.84;https://sp-ao.shortpixel.ai/client/to_webp,q_glossy,ret_img/https://hawarastore.com/wp-content/uploads/woocommerce-placeholder-600x600.png;yes
WAAM572;ضاغط هواء بطارية 8 فولت TYPE-C بطارية داخلية + اكسسوارات ماركة WADFOW;23.41;https://hawarastore.com/wp-content/uploads/2025/08/WAAM572.png;yes
WAB15401;كور هواء 400 واط WADFOW;10.69;https://hawarastore.com/wp-content/uploads/2025/05/WAB15401.png;yes
WAB15601;كور هواء 600 واط WADFOW;12.03;;no
WAC1314;حجر قص معدن شلة 355 مم سماكة 2.5 مم WADFOW;1.52;https://hawarastore.com/wp-content/uploads/2025/08/WAC1314.png;yes
WAC1345;حجر قص معدن 4.5 انش سماكة 1 مم WADFOW;0.2;;no
WAC1346;حجر جلخ معدن 4.5 انش سماكة 6 مم WADFOW;0.5;;no
WAC1347;حجر جلخ معدن 4.5 انش سماكة 6 مم ماركة WADFOW;0.41;;no
WAC1351;حجر قص معدن 5 انش سماكة 1 مم WADFOW;0.22;;no
WAC1353;حجر جلخ معدن 5 انش سماكة 6 مم WADFOW;0.6;https://hawarastore.com/wp-content/uploads/2025/08/WAC1353.png;yes
WAC1361;حجر قص معدن 3 انش سماكة 1.2 مم WADFOW;0.2;https://hawarastore.com/wp-content/uploads/2025/08/WAC1361.png;yes
WAC1362;حجر قص معدن 3 انش سماكة 4 مم WADFOW;0.29;https://hawarastore.com/wp-content/uploads/2025/08/WAC1362.png;yes
WAC1371;حجر قص معدن 7 انش سماكة 1.6مم WADFOW;0.58;https://hawarastore.com/wp-content/uploads/2025/08/WAC1371.png;yes
WAC1373;حجر جلخ معدن 7 انش سماكة 6 مم WADFOW;1.11;https://hawarastore.com/wp-content/uploads/2025/08/WAC1373.png;yes
WAC1391;حجر قص معدن 9 انش Flat centre سماكة 1.9 ملم WADFOW;0.78;https://hawarastore.com/wp-content/uploads/2025/08/WAC1391.png;yes
WAC1392;حجر قص معدن 9 انش سماكة 3 مم WADFOW;0.81;https://hawarastore.com/wp-content/uploads/2025/08/WAC1392.png;yes
WAC1393;حجر قص معدن 9 انش Depressed center سماكة 1.9 مم WADFOW;0.82;https://hawarastore.com/wp-content/uploads/2025/08/WAC1393.png;yes
WAC1394;حجر قص معدن 9 انش سماكة 1.6 مم WADFOW;0.77;https://hawarastore.com/wp-content/uploads/2025/08/WAC1394.png;yes
WAC1395;حجر جلخ معدن 9 انش سماكة 6 مم WADFOW;1.59;;no
WAC2345;حجر قص معدن 4.5 انش سماكة 1.2 مم WADFOW;0.21;https://hawarastore.com/wp-content/uploads/2025/09/WAC2345-2.png;yes
WAC2351;حجر قص معدن 5 انش سماكة 1.2 مم WADFOW;0.23;https://hawarastore.com/wp-content/uploads/2025/10/WAC2351.jpg;yes
WAC2L06;طقم احجار 3 انش 76 مم 6 قطع ماركة WADFOW;1.45;https://hawarastore.com/wp-content/uploads/2025/08/WAC2L06.png;yes
WAC3314;حجر قص معدن شلة 355 مم سماكة 3 مم طبقة واحدة فيبر WADFOW;1.63;;no
WAC9314;حجر قص معدن شلة 355 مم سماكة 3 مم طبقتين فيبر WADFOW;1.4;;no
WACC1528;ملزمة جمع زوايا المنيوم 70 مم ماركة WADFOW;7.29;https://hawarastore.com/wp-content/uploads/2025/08/WACC1528.png;yes
WACC2528;ملقط زاوية المنيوم موديل B مع كبسة تحرير سريعة ماركة WADFOW;7.64;https://hawarastore.com/wp-content/uploads/2025/08/WACC2528.png;yes
WACC4504;طقم زاوية 4 قطع جمع زوايا 75 مم WADFOW;4.87;https://hawarastore.com/wp-content/uploads/2025/08/WACC4504.png;yes
WACC453;ملقط زاوية المنيوم موديل A ماركة WADFOW;1.58;https://hawarastore.com/wp-content/uploads/2025/08/WACC453.png;yes
WACTA20;طرنس لحام 200 امبير WADFOW MMA-TIG-AC/ DC VOLT 220;357.31;;no
WADS1509;قاعدة مثقب عامودية اكبر قطر 43 مم و اقصى ارتفاع 60 مم ماركة WADFOW;11.29;https://hawarastore.com/wp-content/uploads/2025/08/WADS1509.png;yes
WADS2543;قاعدة مثقب عامودية اكبر قطر 43 مم و اقصى ارتفاع 125 مم ماركة WADFOW;0;;no
WAE1512001;جلخ بوليش 7 انش 1200 واط متسارع WADFOW;44.11;https://hawarastore.com/wp-content/uploads/2025/05/WAE1512001.png;yes
WAG15761;جلخ صاروخ 4.5 انش 710 واط WADFOW;17.77;https://hawarastore.com/wp-content/uploads/2025/08/WAG15761.png;yes
WAG15851;جلخ صاروخ 5 انش 850 واط WADFOW;18.63;https://hawarastore.com/wp-content/uploads/2025/08/WAG15851.png;yes
WAG851801;جلخ صاروخ 7 انش 1800 واط WADFOW;48.32;https://hawarastore.com/wp-content/uploads/2025/08/WAG851801.png;yes
WAG852001;جلخ صاروخ 9 انش 2000 واط WADFOW;49.03;https://hawarastore.com/wp-content/uploads/2025/08/WAG852001.png;yes
WAG852401;جلخ صاروخ 9 انش 2400 واط WADFOW;60.43;https://hawarastore.com/wp-content/uploads/2025/05/WAG852401.png;yes
WAJ1L01;مجموعة قلووظ 12 قطعة ماركة WADFOW;12.7;;no
WAJ1L02;مجموعة قلووظ +حدايات 20 قطعة ماركة WADFOW;17.85;;no
WAL1A12;مشحمة على الهواء سعة 12 ليتر مع خرطوم 5 متر ماركة WADFOW;103.7;https://hawarastore.com/wp-content/uploads/2025/08/WAL1A12.png;yes
WAL2A30;مشحمة على الهواء سطل 30 لتر 24 كغ مع خرطوم 5 متر ماركة WADFOW;0;;no
WAP2R41;كمبرسور ضاغط هواء 100 ليتر 3.2 حصان صامت محركين ملف المنيوم 1200 واط ماركة WADFOW;259.22;https://hawarastore.com/wp-content/uploads/2025/08/WAP2R41.png;yes
WAP3A50;كمبرسور ضاغط هواء 50 لتر 2.5 حصان 220 فولت ملف المنيوم WADFOW;99.36;https://hawarastore.com/wp-content/uploads/2025/05/WAP3A50.png;yes
WAP4R11;كمبرسور ضاغط هواء 100 ليتر 3 حصان ملف المنيوم ماركة WADFOW;263.11;https://hawarastore.com/wp-content/uploads/2025/05/WAP4R11.png;yes
WAP4R22;كمبرسور ضاغط هواء 200 ليتر 4 حصان فازونتر ملف نحاس ماركة WADFOW;368.24;;no
WAP4R33;كمبرسور ضاغط هواء 300 ليتر 5.5 حصان 3فاز ملف نحاس ماركة WADFOW;580.46;https://hawarastore.com/wp-content/uploads/2025/05/WAP4R33.png;yes
WAP4R35;كمبرسور ضاغط هواء 500 ليتر 7.5 حصان 3 فاز ملف نحاس ماركة WADFOW;789.14;https://hawarastore.com/wp-content/uploads/2025/05/WAP4R35.png;yes
WART1408;شفرات عيار كوليات WADFOW;2.78;https://hawarastore.com/wp-content/uploads/2025/09/WART1408.png;yes
WART1738;أداة فك مكبس الكاليبر من اجل كوليات السيارة WADFOW;1.91;https://hawarastore.com/wp-content/uploads/2025/09/WART1738.png;yes
WART1766;ملزمة كبس مكبس الكوليات WADFOW;4.68;https://hawarastore.com/wp-content/uploads/2025/10/WART1766.jpeg;yes
WART1D05;طقم استخراج البراغي المتآكلة 1/2 انش 5 قطع من 8 - 16 مم WADFOW;9.9;https://hawarastore.com/wp-content/uploads/2025/09/WART1D05.png;yes
WART1D06;طقم استخراج البراغي المتآكلة 3/8 انش 6 قطع من 2 - 10 مم WADFOW;9.66;https://hawarastore.com/wp-content/uploads/2025/09/WART1D06.png;yes
WART1D08;طقم كماشة / ملزمة / راصور كوليات WADFOW;19.3;;no
WART1D14;طقم فك زجاج أمامي للسيارة 14 قطعة WADFOW;73.04;;no
WART1L88;طقم اصلاح قلووظ 88 قطعة WADFOW;19.05;https://hawarastore.com/wp-content/uploads/2025/09/WART1L88.png;yes
WART2504;ضاغط حلقات البستون 4 انش للسيارة WADFOW;3.04;;no
WART8537;زوج ضاغط اتماسور 1/2 انش 2 قطعة تركيب خارجي طول 370 مم WADFOW;7.4;https://hawarastore.com/wp-content/uploads/2025/09/WART8537.png;yes
WAS1410;مقص صاج يسار 250 مم 10 انش ماركة WADFOW;2.57;https://hawarastore.com/wp-content/uploads/2025/08/WAS1410.png;yes
WAS2410;مقص صاج ساوي ثلاث إتجهات 250 مم 10 أنش ماركة WADFOW;2.57;https://hawarastore.com/wp-content/uploads/2025/05/WAS2410.png;yes
WAS3410;مقص صاج يمين 250 مم 10 انش ماركة WADFOW;2.57;https://hawarastore.com/wp-content/uploads/2025/08/WAS3410.png;yes
WASA1A09;كبين بخ رمل 25 غالون WADFOW;114.29;;no
WASC1251;قاعدة جلخ 45 درجة ماركة WADFOW;13.03;;no
WASC2560;طقم قاعدة جلخ 45 درجة + قاعدة مثقب محموري 2 قطعة WADFOW;20.87;;no
WAT1501;فرد شد هواء 1 انش 2800 نيوتن ماركة WADFOW;144.5;;no
WAT1512;فرد شد هواء 1/2 انش 610 نيوتن مطرقتين ماركة WADFOW;36.44;https://hawarastore.com/wp-content/uploads/2025/08/WAT1512.png;yes
WAT1513;فرد شد هواء 1/2 انش 1600 نيوتن مطرقتين ماركة WADFOW;43.52;https://hawarastore.com/wp-content/uploads/2025/09/WAT1513.png;yes
WAT1514;فرد شد هواء 1/2 انش 610 نيوتن متر وزن 1.6 كغ WADFOW;37.2;https://hawarastore.com/wp-content/uploads/2025/08/WAT1514.png;yes
WAT1534;فرد شد هواء 3/4 انش 2200 نيوتن وزن 7 كغ ماركة WADFOW;107.72;;no
WAT2505;حفافة على الهواء 6 انش حديث ماركة WADFOW;25.8;;no
WAT3512;فرد طقطاق هواء 1/2 انش 61 نيوتن ماركة WADFOW;19.7;;no
WAT4515;فرد ازميل هواء مع 4 ازاميل ماركة WADFOW;12.13;https://hawarastore.com/wp-content/uploads/2025/05/WAT4515.png;yes
WAT5514;جلخ محوري على الهواء صناعي ماركة WADFOW;11.74;;no
WAT6517;بانسة تباشيم هواء ماركة WADFOW قياس التباشيم 2.4-3.2-4-4.8;31.02;https://hawarastore.com/wp-content/uploads/2025/05/WAT6517.png;yes
WAT8505;جلخ على الهواء 5 انش 6.3 بار 1/4 انش WADFOW;27.99;;no
WATV1528;ملزمة المنيوم ثابتة 70 مم ماركة WADFOW;3.83;https://hawarastore.com/wp-content/uploads/2025/08/WATV1528.png;yes
WAW1106;مفتاح اموليت انكليزي 6 انش اقصى قطر 19 مم ماركة WADFOW;1.28;https://hawarastore.com/wp-content/uploads/2025/08/WAW1106.png;yes
WAW1108;مفتاح اموليت انكليزي 8 انش اقصى قطر 24 مم ماركة WADFOW;1.74;https://hawarastore.com/wp-content/uploads/2025/05/WAW1108.png;yes
WAW1110;مفتاح اموليت انكليزي 10 انش اقصى قطر 30 مم ماركة WADFOW;2.47;;no
WAW1112;مفتاح اموليت انكليزي 12 انش اقصى قطر 35 مم ماركة WADFOW;3.34;;no
WAW1115;مفتاح اموليت انكليزي 15 انش اقصى قطر 43 مم ماركة WADFOW;6.55;https://hawarastore.com/wp-content/uploads/2025/08/WAW1115.png;yes
WAW1118;مفتاح اموليت انكليزي طول 18 انش اقصى قطر 53 مم ماركة WADFOW;10.31;https://hawarastore.com/wp-content/uploads/2025/08/WAW1118.png;yes
WAW1130;مفتاح اموليت انكليزي 30 انش اقصى قطر مجال 30-80 مم ماركة WADFOW;88.69;https://hawarastore.com/wp-content/uploads/2025/08/WAW1130.png;yes
WAW123K;طقم 3 قطع مفتاح اموليت إنكليزي (8+10+12) انش ماركة WADFOW;6.61;https://sp-ao.shortpixel.ai/client/to_webp,q_glossy,ret_img/https://hawarastore.com/wp-content/uploads/woocommerce-placeholder-600x600.png;yes
WAW1309;رنش جنزير قياس 9 انش مجال 60-150 مم طول الجنزير 520 مم ماركة WADFOW;3.49;https://hawarastore.com/wp-content/uploads/2025/08/WAW1309.png;yes
WAW1312;رنش جنزير قياس 12 انش مجال 60 -110 طول الجنزير 420 مم ماركة WADFOW;6.06;https://hawarastore.com/wp-content/uploads/2025/08/WAW1312.png;yes
WAW174K;طقم 4 قطع مفاتيح اموليت انكليزي (6-8-10-12) انش WADFOW;8.89;https://hawarastore.com/wp-content/uploads/2025/08/WAW174K.png;yes
WAW2206;مفتاح اموليت انكليزي مكوشك 6 انش اقصى قطر 24 مم ماركة WADFOW;1.91;https://hawarastore.com/wp-content/uploads/2025/08/WAW2206.png;yes
WAW2208;مفتاح اموليت انكليزي مكوشك 8 انش اقصى قطر 30 مم ماركة WADFOW;2.59;;no
WAW2210;مفتاح اموليت انكليزي مكوشك 10 انش اقصى قطر 35 مم ماركة WADFOW;3.46;;no
WAW2212;مفتاح اموليت انكليزي مكوشك 12 انش اقصى قطر 41 مم ماركة WADFOW;4.87;;no
WAW3106;مفتاح اموليت انكليزي مكوشك 5.5 انش اقصى قطر 19 مم ماركة WADFOW;1.56;https://hawarastore.com/wp-content/uploads/2025/08/WAW3106.png;yes
WAW3309;مفتاح مصفاة زيت اشاط 9 انش ماركة WADFOW;3.59;https://hawarastore.com/wp-content/uploads/2025/05/WAW3309.png;yes
WAW3311;مفتاح لقط مصافي زيت قشاط ماركة WADFOW;5.66;https://hawarastore.com/wp-content/uploads/2025/05/WAW3311.png;yes
WAX1505;طقم هواء 5 قطع فرد بخ دهان خزان بلاستيك ماركة WADFOW;15.07;https://hawarastore.com/wp-content/uploads/2025/08/WAX1505.png;yes
WAY1A10;فرد بخ دهان+مواد عزل كهربائي 1200 واط AIRLESS لا يحتاج الى هواء + اكسسوارات كاملة WADFOW;151.48;https://hawarastore.com/wp-content/uploads/2025/05/WAY1A10.png;yes
WAZ3515;بكرة خرطوم هواء راصور 1/4 انش طول 14 م +1 م مع اكسسوارات مع قاعدة للتثبيت على الجدار WADFOW;29.9;;no
WBA1512001;حفافة - دبابة قشاط 1200 واط ماركة WADFOW موديل حديث;65.45;https://hawarastore.com/wp-content/uploads/2025/08/WBA1512001.png;yes
WBA15921;حفافة - دبابة 920 واط مع كيس غبار واشاط حفافة ماركة WADFOW;41.15;https://hawarastore.com/wp-content/uploads/2025/08/WBA15921.png;yes
WBC02540;ازميل SDS MAX كسارة ( 25× 400×18) مبسط WADFOW;2.24;;no
WBC03540;ازميل SDS MAX كسارة ( 35× 400×30) مبسط WADFOW;4.09;;no
WBC1112;قطاعة قضبان 12 انش قطع 5 مم ماركة WADFOW;3.38;https://hawarastore.com/wp-content/uploads/2025/08/WBC1112.png;yes
WBC1114;قطاعة قضبان 14 انش 350 مم قطع 7 مم ماركة WADFOW;3.59;https://hawarastore.com/wp-content/uploads/2025/08/WBC1114.png;yes
WBC1118;قطاعة قضبان 18 انش قطع 8 مم ماركة WADFOW;4.71;https://hawarastore.com/wp-content/uploads/2025/08/WBC1118.png;yes
WBC1124;قطاعة قضبان 24 انش قياس 600 مم قطع 10 مم WADFOW;6.53;https://hawarastore.com/wp-content/uploads/2025/05/WBC1124.png;yes
WBC1130;قطاعة قضبان 30 انش قطع 13 مم ماركة WADFOW;9.42;https://hawarastore.com/wp-content/uploads/2025/05/WBC1130.png;yes
WBC1208;قطاعة قضبان 8 انش 200 مم قطع 3.5 مم ماركة WADFOW;1.68;https://hawarastore.com/wp-content/uploads/2025/08/WBC1208.png;yes
WBC2012;قطاعة قضبان 12 انش قياس 300 مم CR-V قطع 5 مم WADFOW;3.91;https://hawarastore.com/wp-content/uploads/2025/08/WBC2012.png;yes
WBC2014;قطاعة قضبان 14 انش 350 مم CR-V قطع 7 مم WADFOW;4.27;https://hawarastore.com/wp-content/uploads/2025/08/WBC2014.png;yes
WBC2018;قطاعة قضبان 18 انش CR-V قياس 450 مم قطع 8 مم WADFOW;5.72;https://hawarastore.com/wp-content/uploads/2025/08/WBC2018.png;yes
WBC2024;قطاعة قضبان 24 انش CR-V قطع 10 مم قياس 600 مم WADFOW;7.51;https://hawarastore.com/wp-content/uploads/2025/08/WBC2024.png;yes
WBC2030;قطاعة قضبان 30 انش قياس 750 مم CR-V قطع 13 مم WADFOW;10.34;https://hawarastore.com/wp-content/uploads/2025/08/WBC2030.png;yes
WBC2036;قطاعة قضبان 36 انش 900 مم CR-V قطع 16 مم WADFOW;13.3;https://hawarastore.com/wp-content/uploads/2025/08/WBC2036.png;yes
WBC2042;قطاعة قضبان 42 انش 1050 مم CR-V قطع 19 مم WADFOW;19.41;https://hawarastore.com/wp-content/uploads/2025/05/WBC2042.png;yes
WBC2048;قطاعة قضبان 48 انش قياس 1200 مم CR-V قطع 22 مم WADFOW;21.17;https://hawarastore.com/wp-content/uploads/2025/08/WBC2048.png;yes
WBC6008;قطاعة سلك معدني 8 انش 200 مم اقصى قطع 5 مم WADFOW;3.57;https://hawarastore.com/wp-content/uploads/2025/08/WBC6008.png;yes
WBC6024;قطاعة سلك معدني 24 انش 600 مم اقصى قطع 10 مم WADFOW;12.96;https://hawarastore.com/wp-content/uploads/2025/08/WBC6024.png;yes
WBC6042;قطاعة سلك معدني 42 انش 1050 مم اقصى قطع 16 مم WADFOW;28.96;https://hawarastore.com/wp-content/uploads/2025/08/WBC6042.png;yes
WBD1510;جهاز فحص بطاريات v12 تيار حمل 100 A ماركة WADFOW;20.76;;no
WBD1514;جهاز اختبار بطارية ديجيتال 1.5-17 فولت مع طابعة ماركة WADFOW;88.9;;no
WBF1732;مفتاح بي ديه للأماكن الضيقة 8-32 مم ماركة WADFOW;3.73;;no
WBG1551;مسن كهربائي 65 واط ماركة WADFOW;17.84;;no
WBG1A1501;جلخ ثابت 200 واط قطر 15 سم WADFOW;24.24;https://hawarastore.com/wp-content/uploads/2025/08/WBG1A1501.png;yes
WBH1101;فرشاة حديد طولية قياس 250 مم 10 انش ماركة WADFOW;0.52;https://hawarastore.com/wp-content/uploads/2025/08/WBH1101.png;yes
WBH1103;فرشاة حديد طولية يدوية 4 صفوف 260 مم WADFOW;0.9;https://hawarastore.com/wp-content/uploads/2025/08/WBH1103.png;yes
WBH3607;مجموعة فرشاة تنظيف دقيقة 3 قطع WADFOW;0.6;https://hawarastore.com/wp-content/uploads/2025/08/WBH3607.png;yes
WBH3609;طقم فرشاة تنظيفات دقيقة 3 قطع 9 انش على كرت WADFOW;1.17;https://hawarastore.com/wp-content/uploads/2025/08/WBH3609.png;yes
WBH3611;فرشاة حديد طولية يدوية 6 صفوف 290 مم مع سكين مجرفة على الرأس WADFOW;1.1;;no
WBH4501;طقم فراشي تنظيف حديد يدوية قياسات مختلفة دقيقة + خشنة 5 قطع ماركة WADFOW;0;;no
WBK1108;قفل دراجة 12 ملم طول 80 سم مع مفتاح جوزة نحاس ماركة WADFOW;1.85;https://hawarastore.com/wp-content/uploads/2025/08/WBK1108.png;yes
WBK1112;قفل دراجة 12 مم طول 120 سم مزودة بمفتاح عدد 2 ماركة WADFOW;2.06;https://hawarastore.com/wp-content/uploads/2025/08/WBK1112.png;yes
WBK1115;قفل دراجة 15 ملم طول 120 سم مع مفتاح جوزة نحاس ماركة WADFOW;2.75;https://hawarastore.com/wp-content/uploads/2025/08/WBK1115.png;yes
WBK2108;قفل دراجة رقمي ديجتال 4 ارقام قطر 5 مم طول 1000 مم ماركة WADFOW;2.02;https://hawarastore.com/wp-content/uploads/2025/08/WBK2108.png;yes
WBK2110;قفل دراجة رقمي 4 خانات 10 مم طول 120 سم ماركة WADFOW;2.42;https://hawarastore.com/wp-content/uploads/2025/08/WBK2110.png;yes
WBK3110;كبل قفل مزدوج 1500 × 10 مم ماركة WADFOW;2.37;https://hawarastore.com/wp-content/uploads/2025/08/WBK3110.png;yes
WBK3112;قفل دراجة رأس حلقة 12 ملم طول 180 سم ماركة WADFOW;2.88;https://hawarastore.com/wp-content/uploads/2025/08/WBK3112.png;yes
WBK4109;قفل دراجة سلسلة مغلفة بقماش 5.3 ملم طول 90 سم مع مفتاح جوزة نحاس ماركة WADFOW;3.84;https://hawarastore.com/wp-content/uploads/2025/08/WBK4109.png;yes
WBK5108;قفل دراجة حلقية 18 ملم طول 80 سم مع مفتاح جوزة نحاس ماركة WADFOW;3.49;https://hawarastore.com/wp-content/uploads/2025/05/WBK5108.png;yes
WBL1525;كور هواء بوز طويل 20 فولت 13000rpm بدون بطارية وشاحن ماركة WADFOW;17.94;https://hawarastore.com/wp-content/uploads/2025/08/WBL1525.png;yes
WBLP510;كور هواء 20 فولت 18500rpm بدون بطارية وشاحن ماركة WADFOW;11.33;;no
WBLP511;كور هواء بطارية 20 فولت + بطارية 1.5 امبير + شاحن WADFOW;25.34;;no
WBLP512;كور هواء 20 فولت 18000rpm بدون بطارية وشاحن ماركة WADFOW;9.91;;no
WBLP522;كور هواء 20 فولت + بطارية 2 امبير+ وشاحن WADFOW;24.42;;no
WBLP552;كور هواء 20 فولت سرعة واحدة 2.7m³/min بدون بطارية وشاحن WADFOW;9.58;https://hawarastore.com/wp-content/uploads/2026/02/WBLP552.png;yes
WBLP5521;كور هواء 20 فولت 2.7m³/min + بطارية 2 امبير + شاحن موديل حديث WADFOW;22.12;https://hawarastore.com/wp-content/uploads/2025/10/WBLP5521.webp;yes
WBN1502;كباسة كبسات على الهواء 16-40مم + مسامير 15-50 مم موديل حديث ماركة WADFOW;0;;no
WBN1550;كباسة مسامير على الهواء قياس 15-50 مم ماركة WADFOW;21.01;;no
WBN2540;كباسة كبسات على الهواء 16-40مم + مسامير 15-50 مم ماركة WADFOW;18.67;;no
WBN3530;كباسة مسامير على الهواء 10-30 مم ماركة WADFOW;15.3;https://hawarastore.com/wp-content/uploads/2025/08/WBN3530.png;yes
WBN3564;كباسة مسامير باطون على الهواء 18-64 مم ماركة WADFOW;33.71;https://hawarastore.com/wp-content/uploads/2025/08/WBN3564.png;yes
WBP1101;مبردة خشب + جبسمبورد يدوية طول 250 مم ماركة WADFOW;3.21;https://hawarastore.com/wp-content/uploads/2025/08/WBP1101.png;yes
WBP1102;فارة يدوية 250 مم ماركة WADFOW;1.88;https://hawarastore.com/wp-content/uploads/2025/08/WBP1102.png;yes
WBQ4601;زلاطة ومكبس شريط اتوماتيك 3 في واحد WADFOW;4.4;;no
WBQ8401;زلاطة اتوماتيك امامية 0.5-WADFOW 6MM;2.99;;no
WBS1601;مجموعة راس شد 11 قطعة مصالب+شق+مسدس+مشرشر مع حامل طول 50 مم ماركة WADFOW;1.57;https://hawarastore.com/wp-content/uploads/2025/08/WBS1601.png;yes
WBS1602;مجموعة راس شد مصالب 11 قطعة مع حامل ماركة WADFOW;1.57;https://hawarastore.com/wp-content/uploads/2025/08/WBS1602.png;yes
WBS2601;مجموعة راس شد 12 قطعة مع حامل طول 25 مم ماركة WADFOW;1.44;https://hawarastore.com/wp-content/uploads/2025/08/WBS2601.png;yes
WBS2602;مجموعة راس شد PH 2 طول 25 مم مع حامل علبة 12 قطعة ماركة WADFOW;2.03;https://hawarastore.com/wp-content/uploads/2025/08/WBS2602.png;yes
WBS3B32;مجموعة راس شد 32 قطعة مع حامل ماركة WADFOW;2.21;https://hawarastore.com/wp-content/uploads/2025/08/WBS3B32.png;yes
WBS3B36;مجموعة راس شد 36 قطعة مع حامل ماركة WADFOW;3.65;https://hawarastore.com/wp-content/uploads/2025/08/WBS3B36.png;yes
WBS3B62;مجموعة راس شد 62 قطعة مع حامل طول 25 مم ماركة WADFOW;4.24;https://hawarastore.com/wp-content/uploads/2025/08/WBS3B62.png;yes
WBS4B98;طقم 2علبة رؤوس شد + مختلفة مصالب + شق + نجمة علبتنين 36 قطعة + علبة 62 قطعة ماركة WADFOW;0;;no
WBSY3701;مرش مبيدات زراعي يدوي 1 لتر ماركة WADFOW;8.99;;no
WBT9306;مسطريل قياس 150مم (6 انش) اكس 7.5 مم WADFOW;0.85;;no
WBTC1902;طقم كبل ملحمة 600 امبير 3 متر WADFOW;8.36;;no
WBV1A02;ملزمة 50 ملم 2 انش عصفورة 360 درجة ماركة WADFOW;7.46;https://hawarastore.com/wp-content/uploads/2025/08/WBV1A02.png;yes
WBV1A04;ملزمة 100 مم 4 انش برم 360 درجة وزن 4.7 كغ ماركة WADFOW;18.77;;no
WBV1A05;ملزمة 125 مم 5 انش برم 360 درجة وزن 7 كغ ماركة WADFOW;23.27;https://hawarastore.com/wp-content/uploads/2025/08/WBV1A05.png;yes
WBV1A06;ملزمة 150 مم 6 انش برم 360 درجة وزن 11.5 كغ ماركة WADFOW;34.04;https://hawarastore.com/wp-content/uploads/2025/05/WBV1A06.png;yes
WBV1A08;ملزمة 200 مم 8 انش برم 360 درجة وزن 18 كغ ماركة WADFOW;51.98;https://hawarastore.com/wp-content/uploads/2025/08/WBV1A08.png;yes
WCB1904;رول دهان داخلي اكريليك مع خرطوش قياس 4 انش سماكة 12 مم اكس 6 مم WADFOW;0;;no
WCB1909;#N/A;0;;no
WCB1929;رول دهان داخلي اكريليك مع خرطوش قياس 9 انش سماكة 7 مم اكس 6 مم يد بلاستيك ماركة WADFOW;0;;no
WCB3312;سطل دهان سعة 12 لتر قياس 357*257*250 مم وزن 700 غرام ماركة WADFOW;0;;no
WCB3904;صينية دهان 61×293×405 فارغة وزن 260 غ WADFOW;1.12;https://hawarastore.com/wp-content/uploads/2026/03/WCB3904-1024x785.png;yes
WCB3909;صينية دهان 42×297×145 فارغة وزن 103 غ WADFOW;0.41;https://hawarastore.com/wp-content/uploads/2026/03/WCB3909-1024x785.png;yes
WCB3H13;مجموعة رول دهان 14 ب 1 حامل رول + رول دهان 9 انش عدد 3 + رول 4 انش عدد 7 + فرشاية دهان + صينية دهان قياس 405*293 مم ماركة WADFOW;0;;no
WCB3H34;مجموعة رول دهان 4 ب 1 حامل رول + رول دهان 4 انش سماكة 12 مم عدد 2 + صينية دهان قياس 297*145 مم ماركة WADFOW;0;;no
WCB3H39;مجموعة رول دهان 3 ب 1 حامل رول + رول دهان 9 انش سماكة 12 مم عدد 1 + صينية دهان قياس 405*293 مم ماركة WADFOW;0;;no
WCB3H51;مجموعة رول دهان 7 ب 1 حامل رول + رول دهان 9 انش سماكات ( 7+12+18) عدد 5 + صينية دهان قياس 405*293 مم ماركة WADFOW;0;;no
WCB3H62;مجموعة رول دهان 6 ب 1 حامل رول + رول دهان 9 انش سماكة 12 مم عدد 2 +فراشي دهان 1 انش+ 2 انش + صينية دهان قياس 405*293 مم ماركة WADFOW;0;;no
WCB3H71;مجموعة رول دهان 7 ب 1 حامل رول عدد2 + رول دهان 4 انش سماكة 12 مم عدد 2 + رول 2 انش عدد 2 + صينية دهان قياس 297*145 مم ماركة WADFOW;0;;no
WCB8904;رول دهان داخلي اكريليك مع خرطوش قياس 4 انش سماكة 12 مم اكس 6 مم يد فيبر ماركة WADFOW;0;;no
WCB8912;رول دهان داخلي اكريليك مع خرطوش قياس 9 انش سماكة 12 مم اكس 6 مم يد فيبر ماركة WADFOW;0;;no
WCB8918;رول دهان داخلي اكريليك مع خرطوش قياس 9 انش سماكة 18 مم اكس 8 مم يد فيبر ماركة WADFOW;0;;no
WCC0301;ازميل حجر مبسط 25 مم طول 30 سم WADFOW;1.17;https://hawarastore.com/wp-content/uploads/2025/08/WCC0301.png;yes
WCC0302;ازميل حجر شوكة طول 30 سم WADFOW;1.17;https://hawarastore.com/wp-content/uploads/2025/08/WCC0302.png;yes
WCC1301;ازميل حجر مكوشك مبسط عرض 22 ملم طول 25 سم WADFOW;1.13;https://hawarastore.com/wp-content/uploads/2025/08/WCC1301.png;yes
WCC1302;ازميل حجر مكوشك مبسط 25 مم طول 30 سم WADFOW;1.44;https://hawarastore.com/wp-content/uploads/2025/05/WCC1302.png;yes
WCC1303;ازميل حجر مكوشك شوكة طول 25 سم WADFOW;1.13;https://hawarastore.com/wp-content/uploads/2025/08/WCC1303.png;yes
WCC1304;ازميل حجر مكوشك شوكة طول 30 سم WADFOW;1.44;https://hawarastore.com/wp-content/uploads/2025/08/WCC1304.png;yes
WCC7509;ثقابة جلد ظنبه 9 رؤوس من 2.5مم - 10 مم WADFOW;2.6;https://hawarastore.com/wp-content/uploads/2025/08/WCC7509.png;yes
WCC8306;طقم سنابك 6 قطع ماركة WADFOW;4.32;;no
WCC8312;طقم سنابك 12 قطعة ماركة WADFOW;8.63;https://hawarastore.com/wp-content/uploads/2025/08/WCC8312.png;yes
WCC8395;طقم سنابك 5 قطع ماركة WADFOW;4.24;https://hawarastore.com/wp-content/uploads/2025/08/WCC8395.png;yes
WCC9273;طقم 27 قطعة احرف دق 3 مم طول 6 سم WADFOW;3.73;https://hawarastore.com/wp-content/uploads/2025/08/WCC9273.png;yes
WCC9276;طقم 27 قطع احرف دق 6 مم طول 60 مم WADFOW;5.9;https://hawarastore.com/wp-content/uploads/2025/05/WCC9276.png;yes
WCC9593;طقم 9 قطع ارقام دق 3 مم طول 60 مم WADFOW;1.33;https://hawarastore.com/wp-content/uploads/2025/08/WCC9593.png;yes
WCC9596;طقم 9 قطع ارقام دق 6 مم طول 60 مم WADFOW;2.04;https://hawarastore.com/wp-content/uploads/2025/08/WCC9596.png;yes
WCCD1K05;ديسك قص خشب مع مسامير + انابيب PVC قياس 5 انش 125 مم WADFOW;2.4;https://hawarastore.com/wp-content/uploads/2025/08/WCCD1K05.png;yes
WCCD1K07;ديسك قص خشب مع مسامير + انابيب PVC قياس 7 انش 180 مم WADFOW;5.83;https://hawarastore.com/wp-content/uploads/2025/08/WCCD1K07.png;yes
WCCD1K09;ديسك قص خشب مع مسامير + انابيب PVC قياس 9 انش 230 مم WADFOW;7.89;https://hawarastore.com/wp-content/uploads/2025/08/WCCD1K09.png;yes
WCCD1K45;ديسك قص خشب مع مسامير + انابيب PVC قياس 4.5 انش WADFOW;1.88;;no
WCCP0365;زحافة سيارة 36 انش قياس 90×40 ×10 وزن 3.45 كغ WADFOW;15.27;;no
WCD1512;فرد شد بطارية 20 فولت متسارع بدون فحمات 1/2 انش لشد الجوز مع بطاريتين 1.5 A و شاحن عزم 300 نيوتن لزوم كومجي ماركة WADFOW;56.6;;no
WCD1B128;فرد شد بطارية 20 فولت 3/4 انش 1280 نيوتن + بطارية 5 امبيرعدد 2 + شاحن + اكسسوارات ضمن حقيبة بلاستيك WADFOW;165.56;https://hawarastore.com/wp-content/uploads/2025/08/WCD1B128.png;yes
WCD1B1285;فرد شد بطارية 20 فولت 3/4 انش 1280 نيوتن + بطارية 5 امبير عدد 2 + شاحن + اكسسوارات ضمن حقيبة بلاستيك WADFOW;162.68;;no
WCD1B33;فرد شد بطارية 20 فولت 1/2 انش 330 نيوتن BL + بطارية 2 امبير عدد 2 + شاحن + اكسسوارات ضمن حقيبة بلاستيك WADFOW;44.24;;no
WCD1B40;فرد شد 1/2 انش بطارية 20 فولت 400 نيوتن BL + بطارية 2 امبير عدد 2 + شاحن + اكسسوارات ضمن حقيبة بلاستيك ماركة WADFOW;47.94;https://sp-ao.shortpixel.ai/client/to_webp,q_glossy,ret_img/https://hawarastore.com/wp-content/uploads/woocommerce-placeholder-600x600.png;yes
WCD1B483;فرد شد بطارية 20 فولت 1/2 انش 480 نيوتن + بطارية 4 امبير عدد 2 + شاحن + اكسسوارات ضمن حقيبة بلاستيكWADFOW;76.46;;no
WCD1B78;فرد شد بطارية 20 فولت 1/2 انش 780 نيوتن BL + بطارية 4 امبيرعدد 2 + شاحن + اكسسوارات ضمن حقيبة بلاستيك WADFOW;99.11;;no
WCD2512;فرد شد بطارية 20 فولت متسارع بدون فحمات 1/4 انش لشد الجوز مع بطاريتين 1.5 A و شاحن عزم 170 نيوتن ماركة WADFOW;59.13;;no
WCD2B21;فرد شد بطارية 20 فولت 1/4 انش 210 نيوتن BL + بطارية 2 امبير عدد 2 + شاحن +اكسووارات ضمن حقيبة بلاستيك WADFOW;46.09;https://hawarastore.com/wp-content/uploads/2025/08/WCD2B21.png;yes
WCD3B21;فرد شد رجاج بطارية 20 فولت متسارع بدون فحمات 2 في 1 (1/2 +1/4) انش لشد الجوز مع بطاريتين 1.5 A و شاحن عزم 210 نيوتن حقيبة بلاستيك ماركة WADFOW;56.22;https://hawarastore.com/wp-content/uploads/2026/03/WCD3B21-878x1024.jpg;yes
WCDP16281;مثقب بطارية 20 فولت 162 نيوتن BL +بطارية 4 امبير عدد 2 + شاحن + اكسسوارات ضمن حقيبة بلاستيك WADFOW;114.29;https://hawarastore.com/wp-content/uploads/2026/03/WCDP16281.png;yes
WCDP1815;مثقب بطارية 18 فولت 30 نيوتن + بطارية 1.5 امبير + شاحن + اكسسوارات ماركة WADFOW;15.86;https://hawarastore.com/wp-content/uploads/2026/03/WCDP1815-768x1024.png;yes
WCDP4561;مثقب بطارية 20 فولت 45 نيوتن BL + بطارية 1.5 امبير + شاحن + اكسسوارات ماركة WADFOW;26.09;https://sp-ao.shortpixel.ai/client/to_webp,q_glossy,ret_img/https://hawarastore.com/wp-content/uploads/woocommerce-placeholder-600x600.png;yes
WCDP511;مثقب بطارية 20 فولت 35 نيوتن مع بطارية 1.5 امبير وشاحن WADFOW;26.87;;no
WCDP512;مثقب بطارية 20 فولت 35 نيوتن 10 ملم عزم 1 + بطارية 1.5 امبير و شاحن ماركة WADFOW;36.33;;no
WCDP5281;مثقب بطارية 20 فولت رجاج 52 نيوتن BL كوان بلاستيك 13 مم + بطارية 2 امبير عدد 2 + شاحن + اكسسوارات ضمن حقيبة بلاستيك WADFOW;44.05;https://hawarastore.com/wp-content/uploads/2025/08/WCDP5281.png;yes
WCDP5282;مثقب بطارية 20 فولت رجاج 52 نيوتن رجاج BL كوان بلاستيك 13 مم مع بطارية واحدة 2 امبير وشاحن واكسسوار WADFOW;32.46;https://hawarastore.com/wp-content/uploads/2026/02/WCDP5282-768x1024.png;yes
WCDP552;مثقب بطارية 20 فولت 50 نيوتن 13 مم BL + بطارية 1.5 امبير عدد 2 + شاحن + اكسسوارات ضمن حقيبة بلاستيك WADFOW;40.38;https://hawarastore.com/wp-content/uploads/2025/05/WCDP552.png;yes
WCDP6281;مثقب بطارية 20 فولت رجاج 62 نيوتن جوزة معدن + بطارية 2 امبير عدد 2 + شاحن + اكسسوارات ضمن حقيبة بلاستيك WADFOW;48.85;https://hawarastore.com/wp-content/uploads/2026/02/WCDP6281-768x1024.png;yes
WCDP7281;مثقب بطارية 20 فولت رجاج 72 نيوتن جوزة معدن محرك بدون فحمات مع بطاريتين 2 امبير وشاحن WADFOW;53.09;;no
WCDP8285;مثقب بطارية 20 فولت 82 نيوتن رجاج BL + بطارية 2 امبير عدد 2 + شاحن + اكسسوارات ضمن حقيبة بلاستيك WADFOW;53.09;https://hawarastore.com/wp-content/uploads/2026/02/WCDP8285.png;yes
WCDP9281;مثقب بطارية 20 فولت 92 نيوتن BL + بطارية 4 امبيرعدد 2 + شاحن + اكسسوارات ضمن حقيبة بلاستيكWADFOW;75.22;https://hawarastore.com/wp-content/uploads/2025/08/WCDP9281.png;yes
WCDS2088;مقدمة مثقب جبسنبورد 1/4 انش تركب على الراس مجال من 25-55 مم ماركة WADFOW;12.14;https://hawarastore.com/wp-content/uploads/2026/03/WCDS2088.png;yes
WCDS518;مثقب بطارية 12 فولت 10 مم 20 نيوتن + بطارية 1.5 امبير TYPE-C + اكسسوارات جسم بلاستيك WADFOW;12.17;;no
WCDS525;مثقب بطارية 12 فولت 10 ملم 20 نيوتن TYPE-C + بطارية1.5 امبير عدد 2 + اكسسوارات ضمن حقيبة بلاستيك WADFOW;30.25;https://hawarastore.com/wp-content/uploads/2025/08/WCDS525.png;yes
WCDS565;مثقب بطارية 12 فولت 10 مم 20 نيوتن مع بطارية 1.5 امبير منفذ شحن TYPE.C جسم مكوشك WADFOW;15.86;https://hawarastore.com/wp-content/uploads/2026/02/WCDS565.png;yes
WCDS5681;مثقب بطارية 12 فولت رجاج 10 مم رجاج 20 نيوتن + بطارية 1.5 امبير TYPE.C + اكسسوارات جسم مكوشك WADFOW;18.8;https://hawarastore.com/wp-content/uploads/2026/02/WCDS5681.png;yes
WCE1401;فرشاة جلخ حديد ناعمة كوب قياس 75 مم ماركة WADFOW;0.9;https://hawarastore.com/wp-content/uploads/2025/08/WCE1401.png;yes
WCE1402;فرشاة جلخ حديد ناعمة كوب قياس 4 انش 100 مم ماركة WADFOW;1.35;https://hawarastore.com/wp-content/uploads/2025/08/WCE1402.png;yes
WCE2401;فرشاة جلخ حديد خشنة كوب قياس 3 انش 75مم ماركة WADFOW;1.07;https://hawarastore.com/wp-content/uploads/2025/08/WCE2401.png;yes
WCE2402;فرشاة جلخ حديد خشنة كوب قياس 4 انش 100 مم ماركة WADFOW;1.64;https://hawarastore.com/wp-content/uploads/2025/08/WCE2402.png;yes
WCE3401;فرشاة مثقب حديد ناعمة كوب قياس 75 مم سلك 0.3 ملم 1/4 انش ماركة WADFOW;0.55;;no
WCE4401;فرشاة حديد دولاب 3 انش 75 مم ماركة WADFOW;0.52;https://hawarastore.com/wp-content/uploads/2025/08/WCE4401.png;yes
WCE4402;فرشاة مثقب حديد دولاب قطر 4 انش 100 مم سلك 0.3 ماركة WADFOW;0.62;https://hawarastore.com/wp-content/uploads/2025/08/WCE4402.png;yes
WCE5401;فرشاة مثقب حديد ناعمة قلم 1 انش 25 مم سلك 0.3مم ماركة WADFOW;0.4;https://hawarastore.com/wp-content/uploads/2025/08/WCE5401.png;yes
WCF153551;قصاصة حديد 2200 واط ماركة WADFOW;69.44;;no
WCF153558;قصاصة حديد 2200 واط ديسك 25.4 × 355 مم ماركة WADFOW موديل حديث;71.36;https://hawarastore.com/wp-content/uploads/2025/08/WCF153558.png;yes
WCG1309;مكبس سيليكون 9 انش سماكة 0.6 مم ماركة WADFOW;0.97;https://hawarastore.com/wp-content/uploads/2025/08/WCG1309.png;yes
WCG2309;مكبس سيليكون 9 انش مع وظيفة القطع ماركة WADFOW;1.83;;no
WCG3109;مكبس سيليكون 9 انش سماكة 1.7 مم ماركة WADFOW;1.16;https://hawarastore.com/wp-content/uploads/2025/08/WCG3109.png;yes
WCG4109;مكبس سيليكون 9 انش دوران 360 درجة ماركة WADFOW;2.92;https://hawarastore.com/wp-content/uploads/2025/08/WCG4109.png;yes
WCG5309;مكبس سيليكون + ايبوكسي المنيوم 9 انش ماركة WADFOW;3.87;https://hawarastore.com/wp-content/uploads/2025/08/WCG5309.png;yes
WCG5312;مكبس سيليكون + ايبوكسي المنيوم 12 انش ماركة WADFOW;4.22;;no
WCG5315;مكبس سيليكون + ايبوكسي المنيوم 15 انش ماركة WADFOW;4.57;;no
WCJ3501;الماسة قص لزوم قصاصة سيراميك 120 + 180 سم WADFOW;3.91;https://hawarastore.com/wp-content/uploads/2025/10/WCJ3501.png;yes
WCK2016;كومبو 2 قطعة فرد شد 1/4 انش 170 نيوتن + مثقب 20 فولت 35 نيوتن + بطارية 1.5 امبير عدد 2 + شاحن + اكسسوارات ماركة WADFOW;65.88;https://hawarastore.com/wp-content/uploads/2025/05/WCK2016.png;yes
WCK2017;كومبو 2 قطعة فرد شد 1/2 انش 300 نيوتن BL + مثقب 20 فولت 35 نيوتن + بطارية 1.5 امبير عدد 2 + شاحن + اكسسوارات ماركة WADFOW;65.88;;no
WCK20273;كومبو 2 قطعة مثقب 62 نيوتن BL + جلخ 950 واط BL + بطارية 4 امبير عدد 2 + شاحن + اكسسوارات ضمن حقيبة بلاستيك WADFOW;87.11;;no
WCK20275;كومبو 2 قطعة 20 فولت مثقب 62 نيوتن BL +فرد شد 1/2 انش 330 نيوتن BL + بطارية 2 امبير عدد 2 + شاحن + اكسسوارات من حقيبة بلاستيك WADFOW;67.82;https://hawarastore.com/wp-content/uploads/2026/02/WCK20275-817x1024.png;yes
WCK20512;كومبو 2 قطعة مثقب 35 نيوتن BL + جلخ 4.5 انش BL + بطارية 3 امبير عدد 2 + شاحن + اكسسوارات ضمن حقيبة بلاستيك WADFOW;83.63;https://hawarastore.com/wp-content/uploads/2025/08/WCK20512.png;yes
WCK2079;كومبو 7 قطع كسارة 22مم+جلخ 4.5 انش+مثقب بطارية 52 نيوتن+فرد شد 1/2 انش 330 نيوتن+لمبة عمل+طقم بانسات 3 قطع+طقم مفكات6 قطع ضمن حقيبة عرباية WADFOW;157.51;;no
WCK2581;بلنكو 1 طن ارتفاع 2.8 متر وزن 8.6 كغ ماركة WADFOW;0;;no
WCK2582;بلنكو 2 طن ارتفاع 2.9 متر وزن 11.9 كغ ماركة WADFOW;0;;no
WCK2583;بلنكو 3 طن ارتفاع 3 متر وزن 19.5 كغ ماركة WADFOW;0;;no
WCK4510;رافعة بناء سحابة 1 طن تثبت على جسر مجال عرض 68-100 مم وزن 6.6 كغ ماركة WADFOW;0;;no
WCK4520;رافعة بناء سحابة 2 طن تثبت على جسر مجال عرض 94-124 مم وزن 11.7 كغ ماركة WADFOW;0;;no
WCK4530;رافعة بناء سحابة 3 طن تثبت على جسر مجال عرض 116-140 مم وزن 18.2 كغ ماركة WADFOW;0;;no
WCLP5121;منشار شجر بطارية 20 فولت 12 انش BL + بطاريتين 4 امبير + شاحن + اكسسوارات WADFOW;88.49;https://hawarastore.com/wp-content/uploads/2026/02/WCLP5121.png;yes
WCLP556;منشار شجر بطارية 20 فولت 5 انش + بطارية 2 امبير + شاحن WADFOW;38.36;https://hawarastore.com/wp-content/uploads/2025/08/WCLP556.png;yes
WCLP562;منشار شجر بطارية 20 فولت 6 انش + بطارية 2 امبير + شاحن WADFOW;50.89;https://hawarastore.com/wp-content/uploads/2025/08/WCLP562.png;yes
WCLP580;منشار شجر بطارية 20 فولت 8 انش بدون بطارية وشاحن ماركة WADFOW;37.98;https://sp-ao.shortpixel.ai/client/to_webp,q_glossy,ret_img/https://hawarastore.com/wp-content/uploads/woocommerce-placeholder-600x600.png;yes
WCLP581;منشار شجر بطارية 20 فولت 8 انش BL + بطارية 2 امبير عدد 2 + شاحن ماركة WADFOW;53.83;https://sp-ao.shortpixel.ai/client/to_webp,q_glossy,ret_img/https://hawarastore.com/wp-content/uploads/woocommerce-placeholder-600x600.png;yes
WCP1103;برغي شد معدن 3 انش WADFOW;1.63;https://hawarastore.com/wp-content/uploads/2025/08/WCP1103.png;yes
WCP1104;برغي شد معدن 4 انش WADFOW;2.13;https://hawarastore.com/wp-content/uploads/2025/08/WCP1104.png;yes
WCP1105;برغي شد معدن 5 انش WADFOW;3.01;https://hawarastore.com/wp-content/uploads/2025/08/WCP1105.png;yes
WCP1106;برغي شد معدن 6 انش WADFOW;3.54;https://hawarastore.com/wp-content/uploads/2025/08/WCP1106.png;yes
WCP1108;برغي شد معدن 8 انش WADFOW;4.41;https://hawarastore.com/wp-content/uploads/2025/08/WCP1108.png;yes
WCP1609;مكبس راس شريط عاري من 0.5 لغاية 6 مم طول 9 انش ماركة WADFOW;5.31;https://hawarastore.com/wp-content/uploads/2025/08/WCP1609.png;yes
WCP2121;برغي شد نجارين طول 30 سم عرض 12 سم قبضة بلاستيك قوة ضغط 170 كغ ماركة WADFOW;0;;no
WCP2123;برغي شد نجارين طول 50 سم عرض 12 سم قبضة بلاستيك قوة ضغط 170 كغ ماركة WADFOW;0;;no
WCP2124;برغي شد نجارين طول 80 سم عرض 12 سم قبضة بلاستيك قوة ضغط 170 كغ ماركة WADFOW;0;;no
WCP2125;برغي شد نجارين طول 100 سم عرض 12 سم قبضة بلاستيك قوة ضغط 170 كغ ماركة WADFOW;0;;no
WCP2151;برغي شد نجارين طول 15 سم عرض 5 سم قبضة بلاستيك قوة ضغط 120 كغ ماركة WADFOW;0;;no
WCP2152;برغي شد نجارين طول 20 سم عرض 5 سم قبضة بلاستيك قوة ضغط 120 كغ ماركة WADFOW;0;;no
WCP2153;برغي شد نجارين طول 15 سم عرض 5 سم قبضة بلاستيك قوة ضغط 120 كغ ماركة WADFOW;0;;no
WCP2181;برغي شد نجارين طول 30 سم عرض 8 سم قبضة بلاستيك قوة ضغط 150 كغ ماركة WADFOW;0;;no
WCP2609;مكبس راس شريط عاري من 1.5 لغاية 6 مم طول 9 انش صناعي ماركة WADFOW;5.31;https://hawarastore.com/wp-content/uploads/2025/05/WCP2609.png;yes
WCP3609;مكبس راس شريط من 0.5 لغاية 6 مم 9 انش ماركة WADFOW;5.31;https://hawarastore.com/wp-content/uploads/2025/08/WCP3609.png;yes
WCP4024;كباسة وقطاعة كابلات 24 انش 600 مم فولاذ لربط الكبلات اقصى قطع 6 مم + والربط من 1.5 -5 مم ماركة WADFOW;0;;no
WCP4306;ملزمة كبس 6 انش 60 كغ ماركة WADFOW;1.66;;no
WCP4312;ملزمة كبس 12 انش 60 كغ صناعي ماركة WADFOW;1.98;;no
WCP4318;ملزمة كبس 18 انش 60 كغ ماركة WADFOW;2.23;https://hawarastore.com/wp-content/uploads/2025/08/WCP4318.png;yes
WCP4324;ملزمة كبس 24 انش 60 كغ ماركة WADFOW;2.51;https://hawarastore.com/wp-content/uploads/2025/08/WCP4324.png;yes
WCP4374;ملزمة كبس 4 انش 12 كغ ماركة WADFOW;0.62;https://hawarastore.com/wp-content/uploads/2025/08/WCP4374.png;yes
WCP4376;ملزمة كبس 6 انش 12 كغ صناعي ماركة WADFOW;0.67;https://hawarastore.com/wp-content/uploads/2025/08/WCP4376.png;yes
WCP4386;ملزمة كبس 6 انش 28 كغ ماركة WADFOW;1.13;;no
WCP4388;ملزمة كبس 8 انش 28 كغ ماركة WADFOW;1.21;;no
WCP5103;دليل حفر قياس 6-8-10 ماركة WADFOW;2.61;https://hawarastore.com/wp-content/uploads/2025/08/WCP5103.png;yes
WCP5373;ملقط 3 انش ماركة WADFOW;0;;no
WCP5374;ملقط 4 انش ماركة WADFOW;0;;no
WCP5376;ملقط 6 انش ماركة WADFOW;0;;no
WCP5379;ملقط 9 انش ماركة WADFOW;0;;no
WCP5396;ملقط 6 انش قابل للتعديل طرف واحد فتح 120 مم WADFOW;0.73;https://hawarastore.com/wp-content/uploads/2025/09/WCP5396.png;yes
WCP5396D;ملقط 6 انش قابل للتعديل طرفين فتح 180 مم WADFOW;0.87;https://hawarastore.com/wp-content/uploads/2025/09/WCP5396D.png;yes
WCP6404;حزام تجميع طول 4 متر ماركة WADFOW;3.59;https://hawarastore.com/wp-content/uploads/2025/08/WCP6404.png;yes
WCR1D12;قطاعة كابلات هيدروليك 4-12 ملم عزم 45KN ماركة WADFOW;31.21;https://hawarastore.com/wp-content/uploads/2025/08/WCR1D12.png;yes
WCR1D22;قطاعة كابلات هيدروليك 4-22 مم عزم 100KN ماركة WADFOW;48.14;https://hawarastore.com/wp-content/uploads/2025/08/WCR1D22.png;yes
WCR1K12;شفرات قاطع هيروليك 4-22 مم لزوم WCR1D12 ماركة WADFOW;5.08;https://hawarastore.com/wp-content/uploads/2025/08/WCR1K12.png;yes
WCR1K22;شفرات قاطع كابلات هيدروليك 22-4 مم ماركة WADFOW;7.48;https://hawarastore.com/wp-content/uploads/2025/08/WCR1K22.png;yes
WCR2D55;قطاعة كبل بطارية 20 فولت اقصى قطر قطع 55 مم + بطارية 4 امبير عدد 2 + شاحن ضمن حقيبة بلاستيك WADFOW;460.86;https://hawarastore.com/wp-content/uploads/2025/10/WCR2D55.webp;yes
WCR2D85;قطاعة كبل بطارية 20 فولت اقصى قطر قطع 85 مم + بطارية 4 امبير عدد 2 + شاحن ضمن حقيبة بلاستيك WADFOW;460.86;https://hawarastore.com/wp-content/uploads/2025/10/WCR2D85.webp;yes
WCR2M50;قطاعة كبل بطارية 20 فولت اقصى قطر قطع 50 مم + بطارية 2 امبير عدد 2 + شاحن ضمن حقيبة بلاستيك WADFOW;398.25;https://hawarastore.com/wp-content/uploads/2025/10/WCR2M50.webp;yes
WCS1A13;عرباية عدة معدن متحركة 3 رفوف وزن 12 كغ ماركة WADFOW;40.82;https://hawarastore.com/wp-content/uploads/2026/02/WCS1A13.png;yes
WCS2A03;صندوق عدة متحرك 3 طبقات فارغ WADFOW;134.42;https://hawarastore.com/wp-content/uploads/2026/02/WCS2A03.png;yes
WCS2A05;صندوق عدة متحرك 5 طبقات فارغ WADFOW;152.84;https://hawarastore.com/wp-content/uploads/2026/02/WCS2A05.png;yes
WCS2A07;صندوق عدة متحرك 7 طبقات فارغ WADFOW;173.09;https://hawarastore.com/wp-content/uploads/2026/02/WCS2A07.png;yes
WCS3A06;مجموعة خزن لتنظيم عدة ورشة 6 قطع 1925*472*2700 WADFOW;728.27;https://sp-ao.shortpixel.ai/client/to_webp,q_glossy,ret_img/https://hawarastore.com/wp-content/uploads/woocommerce-placeholder-600x600.png;yes
WCS3A08;مجموعة خزن لتنظيم عدة ورشة 8 قطع WADFOW 3300*472*1925;872.21;https://sp-ao.shortpixel.ai/client/to_webp,q_glossy,ret_img/https://hawarastore.com/wp-content/uploads/woocommerce-placeholder-600x600.png;yes
WCS3A10;مجموعة خزن لتنظيم عدة ورشة 10 قطع WADFOW 3900*472*1925;1020.44;https://sp-ao.shortpixel.ai/client/to_webp,q_glossy,ret_img/https://hawarastore.com/wp-content/uploads/woocommerce-placeholder-600x600.png;yes
WCS4221;فنجان بوجية 1/2 انش 21 مم ماركة WADFOW;0.85;https://hawarastore.com/wp-content/uploads/2025/05/WCS4221.png;yes
WCS4A08;صندوق عدة متحرك 6 طبقات قابل للفصل الى جزئين WADFOW;86.55;https://hawarastore.com/wp-content/uploads/2026/02/WCS4A08.png;yes
WCSA1522;منشار شجر كهربائي 2200 واط 16 انش WADFOW;55.15;https://hawarastore.com/wp-content/uploads/2025/08/WCSA1522.png;yes
WCSA1524;منشار شجر كهربائي 2400 واط 18 انش 430 مم ماركة WADFOW;57.53;https://sp-ao.shortpixel.ai/client/to_webp,q_glossy,ret_img/https://hawarastore.com/wp-content/uploads/woocommerce-placeholder-600x600.png;yes
WCSK3601;سكين جيب 210 مم سماكة 3 مم WADFOW;1.74;https://hawarastore.com/wp-content/uploads/2025/08/WCSK3601.png;yes
WCSK3602;سكين معكوفة قابلة للطي يد خشب WADFOW;1.74;https://hawarastore.com/wp-content/uploads/2025/08/WCSK3602.png;yes
WCT1436;قطاعة كبل طقطاق 36-300 مم2 ماركة WADFOW;30.43;https://hawarastore.com/wp-content/uploads/2025/10/WCT1436.webp;yes
WCT1460;قطاعة كبل طقطاق 60-400 مم2 ماركة WADFOW;35.65;https://hawarastore.com/wp-content/uploads/2025/10/WCT1460.jpg;yes
WCT1606;قطاعة كبل 6 انش 160 مم ماركة WADFOW;1.38;https://hawarastore.com/wp-content/uploads/2025/08/WCT1606.png;yes
WCT1608;قطاعة كبل 8 انش 200 مم ماركة WADFOW;1.81;https://hawarastore.com/wp-content/uploads/2025/08/WCT1608.png;yes
WCT1610;قطاعة كبل 10 انش 250 مم ماركة WADFOW;2.34;https://hawarastore.com/wp-content/uploads/2025/08/WCT1610.png;yes
WCT1616;Cable cutter جديد;1.44;;no
WCT1618;قطاعة كبل 8 انش 200 مم ماركة WADFOW;1.81;;no
WCT1620;Cable cutter جديد;2.31;;no
WCT2610;قطاعة كبل 10 انش 250 مم صناعي ماركة WADFOW;2.66;https://hawarastore.com/wp-content/uploads/2025/08/WCT2610.png;yes
WCT2620;Cable cutter جديد;2.51;;no
WCV4404;مفك شد براغي بطارية 4 فولت نوع TYPE-C بدون شاحن ماركة WADFOW;6.73;;no
WCV4415;مفك براغي 4 فولت بطارية داخلية عزم 4 نيوتن قياس 1/4 انش موديل TYPE-C ماركة WADFOW;8.63;;no
WCW1512001;قصاصة خشب 1200 واط 20 × 185 مم WADFOW;34.99;https://hawarastore.com/wp-content/uploads/2025/08/WCW1512001.png;yes
WCZ4E21;طقم 4 قطع ملزمة كبس طقم 4 انش + طقم 6 انش صناعي ماركة WADFOW;0;;no
WCZ5510;مجموعة ملقط نجاري 6 قطع 4 انش +4 قطع 6 انش WADFOW;2.79;https://hawarastore.com/wp-content/uploads/2025/08/WCZ5510.png;yes
WCZ6E01;زاوية خشب 90 درجة ماركة 4 قطع بالمجموعة WADFOW;2.62;https://hawarastore.com/wp-content/uploads/2025/08/WCZ6E01.png;yes
WDB1D45;كسارة دق 1300 واط 38 -HEX + اكسسوارات ضمن حقيبة بلاستيكية WADFOW;66.79;;no
WDB1D80;كسارة دق 1600 واط 45 جول + اكسسوارات (ازميل شوكة) ضمن حقيبة بلاستيك WADFOW;104.39;https://hawarastore.com/wp-content/uploads/2025/05/WDB1D80.png;yes
WDB1D90;كسارة دق زيت 1700 واط 50 جول 65 - HEX + اكسسوارات (ازميل شوكة) ضمن حقيبة بلاستيك WADFOW;104.58;https://hawarastore.com/wp-content/uploads/2025/08/WDB1D90.png;yes
WDB2D95;كسارة دق 1950 واط 80 جول + اكسسوارات ( ازميل شوكة+مبسط) ضمن حقيبة بلاستيك WADFOW;223.55;https://hawarastore.com/wp-content/uploads/2025/05/WDB2D95.png;yes
WDC1K01;ديسك قص الماس باطون 4 انش WADFOW رطب+جاف;1.05;https://hawarastore.com/wp-content/uploads/2025/08/WDC1K01.png;yes
WDC1K02;ديسك قص الماس باطون 4.5 انش 115 مم ماركة WADFOW رطب+ جاف;1.07;https://hawarastore.com/wp-content/uploads/2025/05/WDC1K02.png;yes
WDC1K03;ديسك قص الماس باطون قطر 5 انش WADFOW رطب + جاف;1.4;https://hawarastore.com/wp-content/uploads/2025/08/WDC1K03.png;yes
WDC1K04;ديسك قص باطون 7 انش 180 مم ماركة WADFOW رطب+ جاف;2.96;https://hawarastore.com/wp-content/uploads/2025/05/WDC1K04.png;yes
WDC1K05;ديسك قص الماس باطون قطر 9 انش WADFOW رطب + جاف;4.4;https://hawarastore.com/wp-content/uploads/2025/08/WDC1K05.png;yes
WDC1K07;ديسك قص الماس باطون 159 مم لزوم حفارة تيب 1400 واط WADFOW رطب+جاف;3.95;;no
WDC3345;حجر قص معدن 4.5 انش سماكة 1.6 مم WADFOW;0.23;https://hawarastore.com/wp-content/uploads/2025/08/WDC3345.png;yes
WDC3K02;ديسك قص الماس تيربو 4.5 انش 7.5 مم WADFOW رطب+جاف;1.15;https://hawarastore.com/wp-content/uploads/2025/05/WDC3K02.png;yes
WDC3K03;ديسك قص الماس 5 انش تيربو WADFOW رطب+جاف;1.45;https://hawarastore.com/wp-content/uploads/2025/05/WDC3K03.png;yes
WDC4K02;ديسك قص الماس رقيق 4.5 انش سماكة 1 مم (السيراميك، البلاط، الرخام، الطوب) فتحة 22.2 مم WADFOW رطب مع صحن فلنج;2.51;https://hawarastore.com/wp-content/uploads/2025/08/WDC4K02.png;yes
WDC4K03;ديسك قص الماس شامل 5 انش سماكة 1 مم فتحة 22.2 مم WADFOW رطب;2.96;https://hawarastore.com/wp-content/uploads/2025/08/WDC4K03.png;yes
WDC4K04;ديسك قص الماس رقيق 7 انش سماكة 1.4 مم (السيراميك، البلاط، الرخام، الطوب) فتحة 22.2 مم WADFOW رطب مع فلنج;5.2;https://hawarastore.com/wp-content/uploads/2025/08/WDC4K04.png;yes
WDC4K05;ديسك قص الماس رقيق 9 انش سماكة 1.6 مم (السيراميك، البلاط، الرخام، الطوب) فتحة 22.2 ممWADFOW رطب;10.4;https://hawarastore.com/wp-content/uploads/2025/08/WDC4K05.png;yes
WDC4K06;"ديسك قص الماس رخام رقيق 4 انش (""3/8-4) انش سماكة 1 مم ماركة WADFOW";2.35;https://hawarastore.com/wp-content/uploads/2026/03/WDC4K06-1024x1024.png;yes
WDC5K02;ديسك قص الماس رخام 4.5 انش الماسة 1.4 مم WADFOW;2.43;https://hawarastore.com/wp-content/uploads/2026/03/WDC5K02.png;yes
WDC5K03;ديسك قص الماس رخام 5 انش الماسة 1.4 مم WADFOW;2.87;https://hawarastore.com/wp-content/uploads/2026/03/WDC5K03.png;yes
WDC5K04;ديسك قص الماس رخام 7 انش الماسة 1.4 مم WADFOW;5.17;https://hawarastore.com/wp-content/uploads/2026/03/WDC5K04.png;yes
WDC5K05;ديسك قص الماس رخام 9 انش الماسة 1.4 مم WADFOW;10.37;https://hawarastore.com/wp-content/uploads/2026/03/WDC5K05.png;yes
WDC65230;طقم ديسك الماس 3 قطع 9 انش (باطون + رخام + سيراميك ) WADFOW;14.73;https://hawarastore.com/wp-content/uploads/2025/05/WDC65230-1.png;yes
WDC8K81;حجر قص + جلخ رش بفلنج قياس 4.5 انش - 2.3 مم لزوم بورسلان , جرانيت ,باطون WADFOW;8.93;;no
WDC8K82;حجر قص + جلخ رش بفلنج قياس 5 انش - 2.5 مم لزوم بورسلان , جرانيت ,باطون WADFOW;10.42;;no
WDC9K05;ديسك قص زجاج 5 انش 125 مم WADFOW;2.35;https://hawarastore.com/wp-content/uploads/2025/08/WDC9K05.png;yes
WDC9K45;ديسك قص زجاج 4.5 انش 115 مم WADFOW;2.16;https://hawarastore.com/wp-content/uploads/2025/08/WDC9K45.png;yes
WDCP1B15;بياكوليس ساعة مع ذيل 15 سم ضمن علبة بلاستيك WADFOW;13.44;https://hawarastore.com/wp-content/uploads/2025/05/WDCP1B15.png;yes
WDCP1B20;بياكوليس ساعة مع ذيل 20 سم ضمن علبة بلاستيك WADFOW;18.77;https://hawarastore.com/wp-content/uploads/2025/05/WDCP1B20-1.png;yes
WDCP1B30;بياكوليس ساعة مع ذيل 30 سم ضمن علبة بلاستيك WADFOW;29.71;https://hawarastore.com/wp-content/uploads/2025/05/WDCP1B30.jpg;yes
WDD2305;راصور تنظيف مجاري يدوي 9 مم طول 5 متر قبضة بلاستيك ماركة WADFOW;3.83;https://hawarastore.com/wp-content/uploads/2025/08/WDD2305.png;yes
WDD2310;راصور تنظيف مجاري يدوي 9 مم طول 10 متر قبضة بلاستيك ماركة WADFOW;6.97;https://hawarastore.com/wp-content/uploads/2025/08/WDD2310.png;yes
WDD3345;راصور تنظيف مجاري يدوي 6 ملم طول 4.5 متر ماركة WADFOW;3.3;https://hawarastore.com/wp-content/uploads/2025/08/WDD3345.png;yes
WDD9301;راصور تنظيف مجاري يدوي 5 قطع طول 4.5 م ماركة WADFOW;6.07;https://hawarastore.com/wp-content/uploads/2025/05/WDD9301.png;yes
WDG2A100;مولدة ديزل كاتمة 8000 واط مرش ماركة WADFOW فاز ونتر ملف نحاس;0;;no
WDG2A50;مولدة ديزل كاتمة 5000 واط ماركة WADFOW ملف نحاس;768.21;https://hawarastore.com/wp-content/uploads/2025/05/WDG2A50.png;yes
WDG2A80;مولدة ديزل كاتمة 6500 واط مرش ماركة WADFOW فاز ونتر ملف نحاس;0;;no
WDL1504;متر ليزر احمر 40- 0.05 متر WADFOW;12.04;https://sp-ao.shortpixel.ai/client/to_webp,q_glossy,ret_img/https://hawarastore.com/wp-content/uploads/woocommerce-placeholder-600x600.png;yes
WDL15045;متر ليزر 45 متر لون احمر ماركة WADFOW;11.72;https://sp-ao.shortpixel.ai/client/to_webp,q_glossy,ret_img/https://hawarastore.com/wp-content/uploads/woocommerce-placeholder-600x600.png;yes
WDL1516;متر ليزر احمر 60- 0.05 متر WADFOW;15.38;https://hawarastore.com/wp-content/uploads/2026/06/WDL15167.png;yes
WDL15167;متر ليزر 75 متر لون احمر ماركة WADFOW;15.26;https://hawarastore.com/wp-content/uploads/2026/06/WDL15167.png;yes
WDL1520;متر ليزر احمر 100- 0.05 متر WADFOW;18.42;https://sp-ao.shortpixel.ai/client/to_webp,q_glossy,ret_img/https://hawarastore.com/wp-content/uploads/woocommerce-placeholder-600x600.png;yes
WDL15209;متر ليزر 110 متر لون احمر ماركة WADFOW;18.24;https://sp-ao.shortpixel.ai/client/to_webp,q_glossy,ret_img/https://hawarastore.com/wp-content/uploads/woocommerce-placeholder-600x600.png;yes
WDL1526;متر ليزر اخضر 60- 0.05 متر WADFOW;23.89;https://hawarastore.com/wp-content/uploads/2026/06/WDL15267.png;yes
WDL15267;متر ليزر 75 متر لون اخضر ماركة WADFOW;21.96;https://hawarastore.com/wp-content/uploads/2026/06/WDL15267.png;yes
WDM1501;افومتر ديجيتال 600 فولت DC/AC ماركة WADFOW;4.22;https://hawarastore.com/wp-content/uploads/2025/08/WDM1501.png;yes
WDM1502;افو متر AC/DC ديجتال 4000 عملية 600 فولت مع مقاومة ماركة WADFOW;5.25;https://hawarastore.com/wp-content/uploads/2025/08/WDM1502.png;yes
WDM1503;افومتر ديجيتال 600 فولت DC/AC + مقياس مقاومة + مقياس هرتز ماركة WADFOW;8.44;https://hawarastore.com/wp-content/uploads/2025/08/WDM1503.png;yes
WDM1505;افومتر AC/DC 600 فولت مع مقاومة حتى 1200 اوم WADFOW;14.03;https://hawarastore.com/wp-content/uploads/2025/08/WDM1505.png;yes
WDM1507;افومتر ديجيتال AC/DC مقاومة +مكثف + هرتز 600 فولت ماركة WADFOW;20.13;https://hawarastore.com/wp-content/uploads/2025/08/WDM1507.png;yes
WDM2501;افومتر ديجتال 600 فولت مقاومة +AC+DC + هرتز NCV + زمور ماركة WADFOW;10.73;https://hawarastore.com/wp-content/uploads/2025/08/WDM2501.png;yes
WDM2502;افومتر AC/DC مقاومة +مكثف + هرتز 600 فولت ماركة WADFOW;10.73;https://hawarastore.com/wp-content/uploads/2025/08/WDM2502.png;yes
WDM2506;افو متر 600 فولت +افو متر AC/DCامبير DC مقاومة 10 امبير تعمل على بطارية AAA من WADFOW;4.89;https://hawarastore.com/wp-content/uploads/2025/09/WDM2506.png;yes
WDM2508;افو متر AC/DC 600 فولت امبير DC 10 امبير مقاومة + اختبار بطارية يعمل ببطاريتين AAA من WADFOW;7.57;https://hawarastore.com/wp-content/uploads/2025/09/WDM2508.png;yes
WDM3501;افومتر ديجتال قلم 600 فولت AC+DC مقاومة + مكثف ماركة WADFOW;7.96;https://hawarastore.com/wp-content/uploads/2025/08/WDM3501.png;yes
WDM3502;افو متر AC/DC ديجتال اتوماتيك 2000 عملية 600 فولت مع مقاومة ماركة WADFOW;5.25;https://hawarastore.com/wp-content/uploads/2025/08/WDM3502.png;yes
WDM6501;بانسة كليبس امبير مجال 200 امبير AC ماركة WADFOW;9.54;https://hawarastore.com/wp-content/uploads/2025/08/WDM65015.png;yes
WDM65015;بانسة كليبس امبير DC/AC مجال 200 امبير ماركة WADFOW;16.73;https://hawarastore.com/wp-content/uploads/2025/08/WDM65015.png;yes
WDM6503;بانسة كليبس امبير AC مجال 400 امبير ماركة WADFOW;11.49;https://hawarastore.com/wp-content/uploads/2025/08/WDM65035.png;yes
WDM65035;بانسة كليبس 400 امبير AC/DC مقاومة +مكثف + هرتز 600 فولت ماركة WADFOW;25.34;;no
WDM6505;بانسة كليبس 600 امبير 600 فولت ماركة WADFOW;19.93;https://hawarastore.com/wp-content/uploads/2025/08/WDM6505.png;yes
WDM6508;بانسة كليبس امبير 1000 امبير مقياس مكثف ومقاومة وهرتز WADFOW;23.89;;no
WDM65085;بانسة كليبس امبير AC/DC 1000 امبير مقياس مكثف ومقاومة وهرتز WADFOW;31.5;;no
WDM8201;بانسة كليبس امبير 200 امبير AC ماركة WADFOW;7.29;https://hawarastore.com/wp-content/uploads/2026/02/WDM8201.png;yes
WDM8202;بانسة كليبس امبير 200 امبير AC/DC ماركة WADFOW;16.39;https://hawarastore.com/wp-content/uploads/2026/03/WDM8202.png;yes
WDM8602;بانسة كليبس امبير 600 امبير AC/DC مقياس مكثف ومقاومة صناعي WADFOW;22.12;https://hawarastore.com/wp-content/uploads/2025/08/WDM8602.png;yes
WDM8801;بانسة كليبس 1200 امبير AC + 1000 فولت DC و 750 فولت AC + مقاومة 6000 عملية ماركة WADFOW;24.88;https://sp-ao.shortpixel.ai/client/to_webp,q_glossy,ret_img/https://hawarastore.com/wp-content/uploads/woocommerce-placeholder-600x600.png;yes
WDM8802;بانسة كليبس 1200 امبير AC/DC +و 750 فولت AC , 1000 فولت DC +مقاومة ماركة WADFOW;32.82;https://sp-ao.shortpixel.ai/client/to_webp,q_glossy,ret_img/https://hawarastore.com/wp-content/uploads/woocommerce-placeholder-600x600.png;yes
WDM94011;مجموعة فحص 3 قطع مهنة كهربائي بانسة كليبس 200 امبير + افو متر مع اسلاك + قلم فحص ضوء وصوت ماركة WADFOW;13.51;https://hawarastore.com/wp-content/uploads/2025/08/WDM94011.png;yes
WDM94022;مجموعة قياس 3 قطع بانسة كليبس 600 فولت AC/DC + افومتر 600 فولت AC/DC و 200 امبير AC + قلم فحص 1000 فولت ماركة WADFOW;12.17;https://sp-ao.shortpixel.ai/client/to_webp,q_glossy,ret_img/https://hawarastore.com/wp-content/uploads/woocommerce-placeholder-600x600.png;yes
WDN15051;لمبة ليد 5 واط WADFOW;0.73;https://hawarastore.com/wp-content/uploads/2025/08/WDN15051.png;yes
WDN15071;لمبة ليد 7 واط WADFOW;0.76;https://hawarastore.com/wp-content/uploads/2025/08/WDN15071.png;yes
WDN15091;لمبة ليد 9 واط WADFOW;0.79;https://hawarastore.com/wp-content/uploads/2025/08/WDN15091.png;yes
WDN150913;طقم لمبة ليد 9 واط 3 قطع WADFOW;1.47;https://hawarastore.com/wp-content/uploads/2025/09/WDN150913-2.png;yes
WDN15141;لمبة ليد 14 واط WADFOW;1.12;https://hawarastore.com/wp-content/uploads/2025/08/WDN15141.png;yes
WDP15350;مثقب عامودي 350 واط 13 مم ماركة WADFOW;63.28;;no
WDPA1306;حوض زيت 6.5 ليتر WADFOW;1.13;https://hawarastore.com/wp-content/uploads/2025/08/WDPA1306.png;yes
WDPS1308;حوض زيت 8 ليتر WADFOW;1.58;https://hawarastore.com/wp-content/uploads/2025/08/WDPS1308.png;yes
WDRR3Q1001;مدحلة زفت بنزين محرك 13 حصان وزن 970 كغ عزم 3 كيلو نيوتن محورين دحل خلفي وامامي ماركة WADFOW;6354.67;;no
WDS204285;مثقب جبسنبورد بطارية 20 فولت + بطارية 2 امبير + شاحن + اكسسوارات ضمن حقيبة بلاستيك WADFOW;50.7;https://hawarastore.com/wp-content/uploads/2026/03/WDS204285-878x1024.png;yes
WDS2208;طقم مفاتيح شق-شق 22-6 مم (( 8 قطع )) علاقة بلاستيك ماركة WADFOW;5.58;https://hawarastore.com/wp-content/uploads/2025/08/WDS2208.png;yes
WDS2406;طقم مفاتيح حلق مفتوح 8-24 مم (( 6 قطع )) ماركة WADFOW;7.38;https://hawarastore.com/wp-content/uploads/2025/08/WDS2406.png;yes
WDS2M10;طقم مفاتيح شق-شق 6-32 مم (( 10 قطع )) ماركة WADFOW;10.88;;no
WDSL4935;سكة سحابة درج 35 × 4.5 سم قطعتين ماركة WADFOW;1.48;https://hawarastore.com/wp-content/uploads/2025/08/WDSL4935.png;yes
WDSL4940;سكة سحابة درج 40 × 4.5 سم قطعتين ماركة WADFOW;1.69;https://hawarastore.com/wp-content/uploads/2025/08/WDSL4940.png;yes
WDSL4945;سكة سحابة درج 45 × 4.5 سم قطعتين ماركة WADFOW;1.89;https://hawarastore.com/wp-content/uploads/2025/08/WDSL4945.png;yes
WDT1B119;صندوق عدة بلاستيك 119 قطعة مثقب 20 فولت رجاج 35 نيوتن +عدة يدوية منزلية ماركة WADFOW;58.11;https://hawarastore.com/wp-content/uploads/2025/08/WDT1B119.png;yes
WDT1B77;صندوق عدة بلاستيك 77 قطعة مثقب 12 فولت + بطارية + عدة يدوية ماركة WADFOW;33.71;https://hawarastore.com/wp-content/uploads/2025/05/WDT1B77.png;yes
WDT1B90;حقيبة عدة 91 قطعة مثقب 20 فولت رجاج 35 نيوتن + بطارية 1.5 امبيرعدد 2 + شاحن +عدد يدوية ضمن حقيبة بلاستيك ماركة WADFOW;54.06;;no
WDT4B119;حقيبة عدة 119 قطعة مثقب بطارية 20 فولت رجاج 62 نيوتن BL + بطاريتين 2 امبير + شاحن + عدة شاملة يدوية ضمن حقيبة بلاستيك WADFOW;63.6;https://hawarastore.com/wp-content/uploads/2026/02/WDT4B119-878x1024.png;yes
WDT4B91;حقيبة عدة 91 قطعة مثقب بطارية 20 فولت 62 نيوتن رجاج BL + بطارية 2 امبير عدد 2 + شاحن + اكسسوارات + عدد يدوية ضمن حقيبة بلاستيك WADFOW;58.99;https://hawarastore.com/wp-content/uploads/2025/08/WDT4B91.png;yes
WDTG1P01;مقياس سماكة ديجيتال ميكروميتر 0-20 مم ماركة WADFOW;9.04;https://hawarastore.com/wp-content/uploads/2025/08/WDTG1P01.png;yes
WDZ1A52-1;حفارة ارض زراعية بنزين 52 cc استطاعة 1.4 kw ماركة WADFOW;102.84;;no
WDZ1A52-2;ريشة حفارة ارض زراعية 800 × 120 ماركة WADFOW;13.25;https://hawarastore.com/wp-content/uploads/2025/08/WDZ1A52-2.png;yes
WDZ1A62-1;حفارة ارض زراعية بنزين 62 cc استطاعة 2.4 kw ماركة WADFOW;120.52;;no
WDZ1A62-2;شفرة حفارة ارض زراعية 800 × 300 مم WADFOW;20.46;;no
WEA2824;سدادة اذن لتخفيف الضوضاء ماركة WADFOW;0.13;https://hawarastore.com/wp-content/uploads/2025/08/WEA2824.png;yes
WEA3225;سدادة اذن لتخفيف الضوضاء مع خيط حديث ماركة WADFOW;0.11;;no
WEB1510;خزنة نقود 144 لتر قياس (40*100*45) سم وزن 41 كغ ماركة WADFOW;142.86;https://sp-ao.shortpixel.ai/client/to_webp,q_glossy,ret_img/https://hawarastore.com/wp-content/uploads/woocommerce-placeholder-600x600.png;yes
WEB1535;خزنة نقود 27 لتر قياس (20*43*35cm) وزن 9 كغ قفل الكتروني ماركة WADFOW;45.64;https://hawarastore.com/wp-content/uploads/2025/08/WEB1535.png;yes
WEB1550;خزنة نقود 52 لتر قياس (50*35*33cm) وزن 17 كغ قفل الكتروني ماركة WADFOW;64.94;https://hawarastore.com/wp-content/uploads/2025/08/WEB1550.png;yes
WEB1565;خزنة نقود 72 لتر قياس (65*35*40cm) وزن 23.7 كغ قفل الكتروني ماركة WADFOW;88.44;https://hawarastore.com/wp-content/uploads/2026/02/WEB1565.png;yes
WEB1580;خزنة نقود 90 لتر قياس (35*80*40) سم وزن 28.7 كغ ماركة WADFOW;106.9;https://sp-ao.shortpixel.ai/client/to_webp,q_glossy,ret_img/https://hawarastore.com/wp-content/uploads/woocommerce-placeholder-600x600.png;yes
WEC1503;ميزان الكتروني 30 كغ دقة 2 غ قياس 23.5*19 سم ماركة WADFOW;13.79;https://hawarastore.com/wp-content/uploads/2025/08/WEC1503.png;yes
WEC1504;ميزان 40 كغ مع رقبة ديجيتال دقة 2 غ 220 فولت ماركة WADFOW;24.24;https://hawarastore.com/wp-content/uploads/2025/08/WEC1504.png;yes
WEC1510;ميزان الكتروني 100 كغ دقة 20 غرام قياس 30*40 سم ماركة WADFOW;25.74;https://hawarastore.com/wp-content/uploads/2025/08/WEC1510.png;yes
WEC1520;ميزان الكتروني 30 كغ دقة 2 غ قياس 240 *329 سم ماركة WADFOW;16.52;;no
WEC1531;ميزان الكتروني 300 كغ دقة 50 غ قياس 40*50 سم ماركة WADFOW;34.7;https://hawarastore.com/wp-content/uploads/2025/08/WEC1531.png;yes
WEC1533;مجموعة ميزان الكتروني 3 قطع 10 كغ + 30 كغ + 100 كغ WADFOW;33.04;;no
WEC1550;ميزان الكتروني 500 كغ دقة 100 غرام قياس 45*60 سم ماركة WADFOW;46.48;https://hawarastore.com/wp-content/uploads/2025/08/WEC1550.png;yes
WECV2A15;رجاج باطون كهربائي 1500 واط ملف نحاس WADFOW;72.85;;no
WEE1H30;شريط تحذيري للطرقات والمشاريع لون احمر طول 305 متر عرض 75 مم سماكة 0.04 مم ماركة WADFOW;0;;no
WEE2H90;شريط تحذيري للطرقات والمشاريع (CAUTION) لون اصفر طول 91 متر عرض 76 مم سماكة 0.3 مم ماركة WADFOW;0;;no
WEG1A01;فرد بخ دهان كهربائي 450 واط طاسة بلاستيك ماركة WADFOW;14.6;;no
WEG1A16;فرد بخ دهان 450 واط طاسة بلاستيك + اكسسوارات ماركة WADFOW;13.42;https://sp-ao.shortpixel.ai/client/to_webp,q_glossy,ret_img/https://hawarastore.com/wp-content/uploads/woocommerce-placeholder-600x600.png;yes
WEG1A18;فرد بخ دهان 500 واط طاسة بلاستيك ماركة WADFOW;15.7;https://sp-ao.shortpixel.ai/client/to_webp,q_glossy,ret_img/https://hawarastore.com/wp-content/uploads/woocommerce-placeholder-600x600.png;yes
WEG1A181;فرد بخ دهان 500 واط طاسة ستانلس ماركة WADFOW;17.17;https://sp-ao.shortpixel.ai/client/to_webp,q_glossy,ret_img/https://hawarastore.com/wp-content/uploads/woocommerce-placeholder-600x600.png;yes
WEG2A26;فرد بخ دهان 550 واط طاسة بلاستيك + خرطوم وصل للفرد ماركة WADFOW;19.72;https://sp-ao.shortpixel.ai/client/to_webp,q_glossy,ret_img/https://hawarastore.com/wp-content/uploads/woocommerce-placeholder-600x600.png;yes
WEG2A261;فرد بخ دهان كهربائي 550 واط صناعي + طاسة ستانلس ماركة WADFOW;21.19;https://hawarastore.com/wp-content/uploads/2026/03/WEG2A261.png;yes
WEH1A02;بانسة لحام 200 امبير ماركة WADFOW;1.95;https://hawarastore.com/wp-content/uploads/2025/08/WEH1A02.png;yes
WEH1A03;بانسة لحام 300 امبير ماركة WADFOW;2.49;https://hawarastore.com/wp-content/uploads/2025/08/WEH1A03.png;yes
WEH1A06;بانسة لحام 600 امبير ماركة WADFOW;3.1;https://hawarastore.com/wp-content/uploads/2025/08/WEH1A06.png;yes
WEH1A08;بانسة لحام 800 امبير ماركة WADFOW;3.4;https://hawarastore.com/wp-content/uploads/2025/08/WEH1A08.png;yes
WEH9A03;ملقط لحام بارد 300 امبير ماركة WADFOW;1.15;https://hawarastore.com/wp-content/uploads/2025/08/WEH9A03.png;yes
WEH9A05;ملقط لحام بارد 500 امبير ماركة WADFOW;1.69;https://hawarastore.com/wp-content/uploads/2025/08/WEH9A05.png;yes
WEJ7303;شريط سيار ثلاث مقابس 16 امبير كبل 1.4 متر قياس 1.5 مم نحاس موديل الماني WADFOW;0;;no
WEJ7304;شريط سيار اربع مقابس 16 امبير كبل 1.4 متر قياس 1.5 مم نحاس موديل الماني WADFOW;0;;no
WEJ7305;شريط سيار خمس مقابس 16 امبير كبل 1.4 متر قياس 1.5 مم نحاس موديل الماني WADFOW;0;;no
WEJ7306;شريط سيار ست مقابس 16 امبير كبل 1.4 متر قياس 1.5 مم نحاس موديل الماني WADFOW;0;;no
WEJ8375;شريط سيار بكرة طول 10 متر ماركة WADFOW;14.13;https://hawarastore.com/wp-content/uploads/2025/08/WEJ8375.png;yes
WEJ8380;شريط سيار بكرة طول 25 متر ماركة WADFOW;30.39;;no
WEJAG01;شريط سيار بكرة طول 3 متر قياس 3*1.5 مم 10 امبير ماركة WADFOW;0;;no
WEJAG02;شريط سيار بكرة طول 5 متر قياس 3*1.5 مم 10 امبير ماركة WADFOW;0;;no
WEJAG03;شريط سيار بكرة طول 10 متر قياس 3*1.5 مم 10 امبير ماركة WADFOW;0;;no
WEJAG04;شريط سيار بكرة طول 3 متر قياس 3*1.5 مم 10 امبير ماركة WADFOW;0;;no
WEJAG05;شريط سيار بكرة طول 20 متر قياس 3*1.5 مم 10 امبير ماركة WADFOW;0;;no
WEJAG06;شريط سيار بكرة طول 3 متر قياس 3*1.5 مم 10 امبير ماركة WADFOW;0;;no
WEL1603;كاوي لحام قصدير 30 واط ماركة WADFOW;3.35;;no
WEL1604;كاوي لحام قصدير 40 واط ماركة WADFOW;3.72;;no
WEL1606;كاوي لحام قصدير 60 واط جسم سيليكون ماركة WADFOW;3.88;;no
WEL1608;كاوي لحام قصدير 80 واط ماركة WADFOW;5.02;;no
WEL1610;كاوي لحام قصدير 100 واط ماركة WADFOW;5.26;;no
WEL3606;كاوي لحام قصدير 60 واط ماركة WADFOW;2.64;;no
WEL3608;كاوي لحام قصدير 80 واط ماركة WADFOW حديث;2.97;https://hawarastore.com/wp-content/uploads/2026/02/WEL3608.png;yes
WEL3610;كاوي لحام قصدير 100 واط مع مفتاح تحكم الكتروني WADFOW;4.55;https://hawarastore.com/wp-content/uploads/2026/02/WEL3610.png;yes
WEL3616;كاوي لحام قصدير 60 واط حديث ماركة WADFOW;2.57;;no
WEL4561;كاوي لحام قصدير مع قاعدة تحكم شاشة ديجتال 60 واط + مسدس هواء ساخن احترافي 700 واط WADFOW C* 500-100;29.77;https://sp-ao.shortpixel.ai/client/to_webp,q_glossy,ret_img/https://hawarastore.com/wp-content/uploads/woocommerce-placeholder-600x600.png;yes
WEL5606;كاوي لحام قصدير فرد بكرة 60 واط WADFOW;5.27;https://hawarastore.com/wp-content/uploads/2025/08/WEL5606.png;yes
WEL6575;كاوي لحام قصدير 75 واط مجال ( 200-520 ) ℃ مع قاعدة تحكم الكتروني مفتاح عياري للحرارة حديث ماركة WADFOW;50.61;https://hawarastore.com/wp-content/uploads/2026/03/WEL6575.png;yes
WEL7506;كاوي لحام قصدير مع قاعدة تحكم الكتروني مفتاح عياري للحرارة 60 واط WADFOW;15.64;https://hawarastore.com/wp-content/uploads/2025/08/WEL7506.png;yes
WEL8506;كاوي لحام قصدير مع قاعدة تحكم شاشة ديجتال 60 واط ماركة WADFOW;20.08;https://hawarastore.com/wp-content/uploads/2025/08/WEL8506.png;yes
WEL8943;طقم 5 قطع راس كاوي لحام قصدير مناسب من 60 واط الى 100 واط قطر 4.3 مم ماركة WADFOW;0;;no
WEM2922;سماعة حماية من الضجيج 29 ديسبل WADFOW;1.79;https://hawarastore.com/wp-content/uploads/2026/02/WEM2922.png;yes
WEM3226;سماعة حماية من الضجيج 32 ديسبل WADFOW;3.29;https://hawarastore.com/wp-content/uploads/2025/10/WEM3226.webp;yes
WEN3205;قصاصة عشب عرباية 1300 واط ماركة WADFOW;46.37;https://hawarastore.com/wp-content/uploads/2025/08/WEN3205.png;yes
WEN3805;قصاصة عشب عرباية 1600 واط محرك صناعي + مفتاح عيار منسوب القص ماركة WADFOW;68.49;https://sp-ao.shortpixel.ai/client/to_webp,q_glossy,ret_img/https://hawarastore.com/wp-content/uploads/woocommerce-placeholder-600x600.png;yes
WEN3806;قصاصة عشب عرباية كهربائية 1600 واط محرك صناعي مع مفتاح عيار منسوب القطع ماركة WADFOW;91.3;https://hawarastore.com/wp-content/uploads/2026/06/WEN3806.png;yes
WEP155501;فارة كهربائية خشب 550 واط موديل ماكيتا WADFOW;26.89;;no
WEQ1601;فلتر زيت 1/4 انش ماركة WADFOW;1.51;https://hawarastore.com/wp-content/uploads/2025/08/WEQ1601.png;yes
WER1512001;روتر خشب 1200 واط قياس 6-8 مم WADFOW;38.56;https://hawarastore.com/wp-content/uploads/2025/08/WER1512001.png;yes
WER1516001;روتر خشب 1600 واط قياس 6-8-12 مم WADFOW;53.79;https://hawarastore.com/wp-content/uploads/2025/05/WER1516001-1.png;yes
WERC2121;لحام كهرباء 5 كغ 2.5 مم كربون ستيل E6013 من WADFOW;6.51;https://hawarastore.com/wp-content/uploads/2025/08/WERC2121.png;yes
WERC2221;لحام كهربائي 3.2 مم 5 كغ كربون ستيل E6013 من WADFOW;6.51;https://hawarastore.com/wp-content/uploads/2025/08/WERC2221.png;yes
WERS1112;لحام كهرباء علبة 2 كغ 2.5 مم ستانلس ستيل Item: E308L-16 ماركة WADFOW;0;;no
WET8104;شريط سيار اربع مقابس 16 امبير كبل 1.4 متر قياس 1.5 مم نحاس موديل الماني WADFOW حديث;4.22;;no
WET8105;شريط سيار خمس مقابس 16 امبير كبل 1.4 متر قياس 1.5 مم نحاس موديل الماني WADFOW حديث;4.51;;no
WET8106;شريط سيار ست مقابس 16 امبير كبل 1.4 متر قياس 1.5 مم نحاس موديل الماني WADFOW حديث;4.89;;no
WETH1A01;رافعة بناء 800 واط حبل واحد 250 كغ طول 18 م حبل دبل 500 كغ طول 9 م WADFOW;88.9;;no
WETH1A02;رافعة بناء 1600 واط حبل واحد 500 كغ طول 18 م حبل دبل 999 كغ طول 9 م WADFOW;183.08;;no
WETH1A04;رافعة بناء 450 واط حبل واحد 125 كغ طول 18 م حبل دبل 250 كغ طول 9 م WADFOW;69.03;;no
WETS1A01;قاعدة تثبيت رافعة دوارة 600 كغ 750 مم لزومWADFOW WETH1A04 & WETH1A01;28.06;;no
WETS1A02;قاعدة تثبيت رافعة دوارة 300 كغ 1100 مم لزومWADFOW WETH1A04 & WETH1A01;31.54;;no
WETS1A03;دعامة 1000 كغ قاعدة تثبيت رافعة لزوم WADFOW WETS1A01/WETS1A02;30.88;;no
WEZ2515;بكرة كبل كهربائي طول 15 م +1.5 م 3000 واط 1.5 مم2-220 فولت انثى-ذكر WADFOW;53.17;;no
WFA1501;حفافة خشب مربعة 240 واط قياس 100×110 ماركة WADFOW;22.68;;no
WFA1503;حفافة خشب مربعة 240 واط قياس 100×110 5 ورق حف موديل حديث ماركة WADFOW;20.66;https://hawarastore.com/wp-content/uploads/2026/03/WFA1503.jpg;yes
WFA2501;حفافة خشب مستطيلة 320 واط قياس 180×90 ماركة WADFOW;24.09;;no
WFA2503;حفافة خشب 320 واط مستطيلة 180 × 90 مم + اكسسوارات WADFOW;21.79;;no
WFA3501;حفافة خشب مستطيلة 350 واط قياس 220 × 110 مم ماركة WADFOW;35.15;;no
WFA55350;حفافة خشب دائرية 350 واط 150مم WADFOW;91.43;https://hawarastore.com/wp-content/uploads/2025/08/WFA55350.png;yes
WFCM513;شاحن بطارية 16 فولت اسطوانية 1.3 امبير لزوم WADFOW WLBM520;4.62;https://hawarastore.com/wp-content/uploads/2026/02/WFCM513.png;yes
WFCP502;شاحن بطارية 20 فولت 2 امبير WADFOW;5.47;https://hawarastore.com/wp-content/uploads/2026/02/WFCP502.png;yes
WFCP518;شاحن بطارية 20 فولت شحن 1.8 امبير ماركة WADFOW;5.25;https://hawarastore.com/wp-content/uploads/2025/08/WFCP518.png;yes
WFCP540;شاحن بطارية 20 فولت 4 امبير WADFOW;9.87;https://hawarastore.com/wp-content/uploads/2026/02/WFCP540.png;yes
WFCT552;راسية شاحن 5 فولت 2 امبير USB TYPE -A ماركة WADFOW;1.92;https://hawarastore.com/wp-content/uploads/2025/05/WFCT552-1.png;yes
WFE0501;مبرد المنيوم 14 انش صواج مبسط بلاتيا ماركة WADFOW;12.7;https://hawarastore.com/wp-content/uploads/2025/08/WFE0501.png;yes
WFE3682;مبرد سن منشار شجر 8 انش 5 مم من اجل الجنزير بدون قبضة ماركة WADFOW;0.64;https://hawarastore.com/wp-content/uploads/2025/08/WFE3682.png;yes
WFE7816;مبرد حديد مبسط 150 مم 6 انش ماركة WADFOW;1.18;https://hawarastore.com/wp-content/uploads/2025/08/WFE7816.png;yes
WFE7818;مبرد حديد مبسط 200 مم 8 انش ماركة WADFOW;1.29;https://hawarastore.com/wp-content/uploads/2025/08/WFE7818.png;yes
WFE7826;مبرد حديد ظهر 150 مم 6 انش ماركة WADFOW;1.25;https://hawarastore.com/wp-content/uploads/2025/08/WFE7826.png;yes
WFE7828;مبرد حديد ظهر 200 مم 8 انش ماركة WADFOW;1.41;https://hawarastore.com/wp-content/uploads/2025/08/WFE7828.png;yes
WFE7838;مبرد حديد مربع 200 مم 8 انش ماركة WADFOW;1.12;https://hawarastore.com/wp-content/uploads/2025/08/WFE7838.png;yes
WFE7848;مبرد حديد مبروم 200 مم 8 انش ماركة WADFOW;1.02;https://hawarastore.com/wp-content/uploads/2025/08/WFE7848.png;yes
WFE7856;مبرد حديد مثلث 150 مم 6 انش ماركة WADFOW;1.15;https://hawarastore.com/wp-content/uploads/2025/08/WFE7856.png;yes
WFE7858;مبرد حديد مثلث 200 مم 8 انش ماركة WADFOW;1.23;https://hawarastore.com/wp-content/uploads/2025/08/WFE7858.png;yes
WFE8818;مبرد خشب مبسط 200 مم 8 انش ماركة WADFOW;1.22;https://hawarastore.com/wp-content/uploads/2025/08/WFE8818.png;yes
WFE8828;مبرد خشب ظهر 200 مم 8 انش ماركة WADFOW;1.28;https://hawarastore.com/wp-content/uploads/2025/08/WFE8828.png;yes
WFE8848;مبرد خشب مبروم 200 مم 8 انش ماركة WADFOW;0.98;https://hawarastore.com/wp-content/uploads/2025/08/WFE8848.png;yes
WFE9882;مبرد سن منشار شجر 8 انش 5 مم من اجل الجنزير مع قبضة ماركة WADFOW;0.85;https://hawarastore.com/wp-content/uploads/2025/08/WFE9882.png;yes
WFF2602;مصفاة هواء 1/4 انش 15 CC ماركة WADFOW;2.14;https://hawarastore.com/wp-content/uploads/2025/08/WFF2602.png;yes
WFF3503;منظم مصفاة هواء 1/4 انش مع ساعة عيار ماركة WADFOW;4.37;https://hawarastore.com/wp-content/uploads/2025/08/WFF3503.png;yes
WFF4504;فلتر هواء مع ساعة ضغط ماركة WADFOW;5.89;https://hawarastore.com/wp-content/uploads/2025/08/WFF4504.png;yes
WFF5505;منظم فلتر هواء 1/4 انش 80 CC ماركة WADFOW;8.3;https://hawarastore.com/wp-content/uploads/2025/08/WFF5505.png;yes
WFF6506;وحدة منظم هواء مع ساعة ضغط مصنوعة من النحاس 1/4 انش 80+125 CC ماركة WADFOW;11.92;https://hawarastore.com/wp-content/uploads/2025/08/WFF6506.png;yes
WFG5602;شلمون غاز طول 80 سم ماركة WADFOW;9.96;https://hawarastore.com/wp-content/uploads/2025/08/WFG5602.png;yes
WFL10035;بيل يدوي 35 لومينز 30 متر بدون بطارية WADFOW X3 AAA;1.63;https://hawarastore.com/wp-content/uploads/2025/08/WFL10035.png;yes
WFL20110;بيل يدوي ضوء فلاش 110 لومينز جسم بلاستيك بطارية داخلية وزن 450 غ ماركة WADFOW;9.46;https://hawarastore.com/wp-content/uploads/2025/08/WFL20110.png;yes
WFL2403;بيل يدوي ضوء فلاش 90-300 لومينز جسم بلاستيك ماركة WADFOW;6.17;https://hawarastore.com/wp-content/uploads/2025/08/WFL2403.png;yes
WFL2J03;بيل يدوي جسم بلاستيك 50 لومينيز بدون بطارية ماركة WADFOW;1.71;https://hawarastore.com/wp-content/uploads/2025/08/WFL2J03.png;yes
WFL2J05;بيل يدوي 90 لومينز 40 متر بدون بطارية WADFOW X2 AA;3.27;https://hawarastore.com/wp-content/uploads/2025/08/WFL2J05.png;yes
WFL7508;مصباح ليد 320 لومينز مستويين WADFOW;8.89;;no
WFLLI912;بيل يدوي بطارية 12 فولت ماركة WADFOW;2.25;https://hawarastore.com/wp-content/uploads/2025/08/WFLLI912.png;yes
WFPQ1301;فرد بخ فوم المنيوم فالة نحاسية ماركة WADFOW;0;;no
WFPQ1302;فرد بخ فوم المنيوم فالة نحاسية ماركة WADFOW;0;;no
WFPQ1304;فرد بخ فوم معدني فالة نحاس ماركة WADFOW;0;;no
WFR2404;طقم 4 قطع مفاتيح حلق نجمة 6-24 ماركة WADFOW;6.31;https://hawarastore.com/wp-content/uploads/2025/08/WFR2404.png;yes
WFR3208;طقم مفاتيح حلق 6-22 (( 8 قطع )) علاقة بلاستيك WADFOW;7.23;;no
WFR3405;طقم مفاتيح حلق قمري 8-22 مم (( 5 قطع )) ماركة WADFOW;7.76;https://hawarastore.com/wp-content/uploads/2025/08/WFR3405.png;yes
WFR4405;طقم مفاتيح حلق 8-22 (( 5 قطع )) على كرت شكل حرف S ماركة WADFOW;7.56;https://hawarastore.com/wp-content/uploads/2025/08/WFR4405.png;yes
WFS5M10;طقم مفاتيح حلق 6-32 (( 10 قطع )) حقيبة قماشية ماركة WADFOW;12.76;;no
WGA1501;فرد بخ دهان 0.1 ليتر ظل فالة 0.5 مم خزان علوي ماركة WADFOW;5.15;https://hawarastore.com/wp-content/uploads/2025/08/WGA1501.png;yes
WGA1504;فرد بخ دهان 0.6 لتر فالة 1.5 مم خزان بلاستيك علوي مع عيار ماركة WADFOW;6.28;https://hawarastore.com/wp-content/uploads/2025/08/WGA1504.png;yes
WGA1506;فرد بخ دهان 0.6 لتر فالة 1.4 مم طاسة علوية بلاستيك ماركة WADFOW;10.02;https://hawarastore.com/wp-content/uploads/2025/05/WGA1506-1.png;yes
WGA1510;فرد بخ دهان 1 ليتر فالة 1.5 مم عرض 25-18سم مع وصلات مختلفة ماركة WADFOW;8.17;https://hawarastore.com/wp-content/uploads/2025/05/WGA1510-1.png;yes
WGA1540;فرد بخ دهان 0.4 لتر فالة 1.4مم ستانلس مع عيار ماركة WADFOW;6.94;https://hawarastore.com/wp-content/uploads/2025/08/WGA1540.png;yes
WGA1561;فرد بخ دهان 1 لتر فالة 1.5 مم بدون وصلة طاسة سفلية ماركة WADFOW;7.82;https://hawarastore.com/wp-content/uploads/2025/08/WGA1561.png;yes
WGA1A08;فرد بخ رمل مع خرطوم 1 م فالة 3 مم على كرت WADFOW;10.06;https://hawarastore.com/wp-content/uploads/2026/03/WGA1A08.png;yes
WGA2612;فرد هواء مع ساعة 12 بار ماركة WADFOW;4.68;https://hawarastore.com/wp-content/uploads/2025/08/WGA2612.png;yes
WGA3575;فرد غسيل مازوت 750 مل ماركة WADFOW;4.4;https://hawarastore.com/wp-content/uploads/2025/08/WGA3575.png;yes
WGA4611;فرد هواء بلاستيك قياس 110 مم ماركة WADFOW;1.15;https://hawarastore.com/wp-content/uploads/2025/08/WGA4611.png;yes
WGA4616;فرد هواء فالة قياس 16 مم ماركة WADFOW;0;;no
WGA6434;توربين هواء ساخن ديزل واط مساحة 48 متر مكعب ماركة WADFOW;0;;no
WGB2A22;رجاج باطون بنزين 5.5 حصان 20 كغ WADFOW;142.07;https://hawarastore.com/wp-content/uploads/2025/08/WGB2A22.png;yes
WGC1552;منشار شجر بنزين 18 انش 430 مم 1.8 كيلو واط ماركة WADFOW;65.75;https://hawarastore.com/wp-content/uploads/2025/08/WGC1552.png;yes
WGC2526;قصاصة عشب بنزين + منشار تقليم 750 واط طول 75 سم ماركة WADFOW;115.05;https://hawarastore.com/wp-content/uploads/2025/08/WGC2526.png;yes
WGEAA01;مولدة بنزين 800 واط حبلة ماركة WADFOW ملف المنيوم;81.86;https://hawarastore.com/wp-content/uploads/2025/05/WGEAA01-1.png;yes
WGEAA02;مولدة بنزين 1200 واط حبلة ماركة WADFOW ملف المنيوم;138.94;https://hawarastore.com/wp-content/uploads/2025/05/WGEAA02-1.png;yes
WGEAA026;مولدة بنزين 1200 واط حبلة ماركة WADFOW ملف المنيوم موديل حديث;136.12;;no
WGEAA05;مولدة بنزين 2800 واط حبلة ماركة WADFOW ملف المنيوم;196.86;https://hawarastore.com/wp-content/uploads/2025/08/WGEAA056D.png;yes
WGEAA056;مولدة بنزين 2800 واط حبلة حديث WADFOW ملف المنيوم;178.97;https://hawarastore.com/wp-content/uploads/2025/08/WGEAA056D.png;yes
WGEAA056D;مولدة بنزين 2800 واط مرش WADFOW ملف المنيوم;221.02;https://hawarastore.com/wp-content/uploads/2026/02/WGEAA056D.png;yes
WGEAA05D;مولدة بنزين 2800 واط مرش وحبلة ماركة WADFOW ملف المنيوم;237.37;;no
WGEAA08;مولدة بنزين 5500 واط ماركة WADFOW ملف نحاس;442.94;;no
WGEAA086;مولدة بنزين 5500 واط كبسة مرش + حبلة ماركة WADFOW ملف نحاس;420.07;;no
WGEAA09;مولدة بنزين 7000 واط تشغيل كبسة مرش + حبلة ماركة WADFOW ملف نحاس;472.91;;no
WGEAA096;مولدة بنزين 7000 واط تشغيل كبسة مرش + حبلة WADFOW ملف نحاس حديث;460.23;;no
WGEAA10;مولدة بنزين 8500 واط تشغيل كبسة مرش + حبلة ماركة WADFOW ملف نحاس;500.86;;no
WGEAA106;مولدة بنزين 8500 واط + كبسة مرش + حبلة ماركة WADFOW ملف نحاس;496.75;;no
WGG1412;مشحمة يدوية 120 CC من WADFOW;5.15;https://hawarastore.com/wp-content/uploads/2025/09/WGG1412.png;yes
WGG2540;مشحمة يدوية صناعية حجم 400 CC ماركة WADFOW;6.56;https://hawarastore.com/wp-content/uploads/2025/08/WGG2540.png;yes
WGG3550;مضخة شفط زيت يدوية WADFOW;4.16;https://hawarastore.com/wp-content/uploads/2025/08/WGG3550.png;yes
WGJ5515;سيليكون حراري قطر 11 مم على كرت 7 قطع ماركة WADFOW;0.8;https://hawarastore.com/wp-content/uploads/2025/08/WGJ5515.png;yes
WGJ5815;سيليكون حراري عبوة 1 كغ ماركة WADFOW;5.85;https://hawarastore.com/wp-content/uploads/2025/05/WGJ5815-1.png;yes
WGK2125;سكين عشب طول 25 سم ماركة WADFOW;1.38;https://hawarastore.com/wp-content/uploads/2025/08/WGK2125.png;yes
WGL1407;فرد سيليكون حراري16*100 واط مع 2 قطعة سيليكون 7 مم ماركة WADFOW;2.16;;no
WGL1603;فرد سيليكون حراري 80×8 واط مع 2 قطعة سيليكون 7 مم ماركة WADFOW;1.99;;no
WGL1604;فرد سيليكون حراري 15-90 واط + 2 قطعة سيليكون WADFOW;2.23;;no
WGL1606;فرد سيليكون حراري 20-100 واط مع 2 قطعة سيليكون 11.2 مم WADFOW;3.19;;no
WGL3608;فرد سيليكون حراري 25-150 واط مع 2 قطعة سيليكون 11 مم WADFOW;3.48;;no
WGL4608;فرد سيليكون حراري 45-250 واط مع سيليكون قطعتين 11.2 مم WADFOW;5.68;https://hawarastore.com/wp-content/uploads/2025/08/WGL4608.png;yes
WGLS1401;طقم 4 قطع فرد سيليكون حامي 45+250 واط +كاوي قصدير 100 واط +شفاط قصدير +بكرة قصدير 50 غرام+سيليكون 8 قطع 11.2 مم WADFOW;10.68;https://hawarastore.com/wp-content/uploads/2025/10/WGLS1401.webp;yes
WGM1543;قصاصة عشب بنزين يدوية 1250 واط 42.7 CC ماركة WADFOW;70.61;;no
WGM6A20;قصاصة عشب بنزين عرباية محرك 4 حصان قطر القص 51 سم ماركة WADFOW;0;;no
WGM9A24;قصاصة عشب عرباية بنزين شكل سيارة 24 انش مجال القطع (35-75 ) مم ماركة WADFOW;982.43;;no
WGP2A03;بريسة ثنائية 3 انش ماركة WADFOW;1.51;https://hawarastore.com/wp-content/uploads/2025/08/WGP2A03.png;yes
WGP2A04;بريسة ثنائية 4 انش ماركة WADFOW;2.09;https://hawarastore.com/wp-content/uploads/2025/08/WGP2A04.png;yes
WGP2A06;بريسة ثنائية 6 انش ماركة WADFOW;3.49;https://hawarastore.com/wp-content/uploads/2025/08/WGP2A06.png;yes
WGP2A08;بريسة ثنائية 8 انش ماركة WADFOW;5.31;https://hawarastore.com/wp-content/uploads/2025/08/WGP2A08.png;yes
WGP3A03;بريسة ثلاثية 3 انش ماركة WADFOW;1.78;https://hawarastore.com/wp-content/uploads/2025/08/WGP3A03.png;yes
WGP3A04;بريسة ثلاثية 4 انش ماركة WADFOW;2.69;https://hawarastore.com/wp-content/uploads/2025/08/WGP3A04.png;yes
WGP3A06;بريسة ثلاثية 6 انش ماركة WADFOW;4.4;https://hawarastore.com/wp-content/uploads/2025/08/WGP3A06.png;yes
WGP3A08;بريسة ثلاثية 8 انش ماركة WADFOW;6.86;https://hawarastore.com/wp-content/uploads/2025/08/WGP3A08.png;yes
WGP4A02;بريسة ثنائية سحابة 130 × 100 مم WADFOW;6.96;https://hawarastore.com/wp-content/uploads/2025/09/WGP4A02.png;yes
WGP4A03;بريسة ثنائية سحابة 160 × 150 مم WADFOW;11.92;https://hawarastore.com/wp-content/uploads/2025/09/WGP4A03.png;yes
WGP4A04;بريسة ثنائية سحابة 200 × 150 مم WADFOW;13.49;https://hawarastore.com/wp-content/uploads/2025/09/WGP4A04.png;yes
WGP4A05;بريسة ثنائية سحابة 250 × 200 مم WADFOW;29.56;https://hawarastore.com/wp-content/uploads/2025/08/WGP4A05.png;yes
WGP5704;بريسة فك ذراع مساحة السيارة WADFOW;1.72;;no
WGP5D01;مطرقة لسحب بخاخات الديزل بدون فك محرك WADFOW;8.7;https://hawarastore.com/wp-content/uploads/2025/10/WGP5D01.jpg;yes
WGP5D07;طقم كبس وفك رأس اكس كروي للسيارة 7 قطع WADFOW C-frame;33.56;;no
WGP5D10;طقم بريسة سحب 26 قطعة مع مطرقة جانبية WADFOW;36.52;https://hawarastore.com/wp-content/uploads/2025/08/WGP5D10.png;yes
WGP5D18;مجموعة 18 قطعة لارجاع مكبس كاليبر الفرامل WADFOW;12.44;https://hawarastore.com/wp-content/uploads/2025/09/WGP5D18.png;yes
WGP5D23;طقم فك وتركيب رولمان أمامي للعجلات كربون ستيل 23 قطعة 55-88 مم WADFOW;42.26;;no
WGP6D05;طقم بريسة دوزان 5 قطع WADFOW;26.09;https://hawarastore.com/wp-content/uploads/2025/08/WGP6D05.png;yes
WGP6D06;طقم 6 قطع أدوات فك وتركيب بكرة مضخة التوجيه المعزز (طرمبة الباور) ماركة WADFOW;0;;no
WGP7D02;طقم بريسة سحب خارجي 13 قطعة WADFOW;26.96;https://hawarastore.com/wp-content/uploads/2025/08/WGP7D02.png;yes
WGP8K13;طقم بريسة هارمونيك 13 قطعة WADFOW;4;https://hawarastore.com/wp-content/uploads/2025/08/WGP8K13.png;yes
WGR1601;الماسة قص بلور بلاستيك 160 ملم ماركة WADFOW J تزييت ذاتي;1.06;;no
WGR2601;الماسة قص بلور معدن 173 ملم ماركة WADFOW;1.33;https://hawarastore.com/wp-content/uploads/2025/05/WGR2601-1.png;yes
WGR4605;الماسة قص بللور يدوية 5 انش ماركة WADFOW;1.2;https://hawarastore.com/wp-content/uploads/2025/08/WGR4605.png;yes
WGS1618;شفرة تنظيف 4 انش مع 4 شفرات ماركة WADFOW;0.52;https://hawarastore.com/wp-content/uploads/2025/08/WGS1618.png;yes
WGS1630;مشرط قشط طرق جسم المنيوم طول 30 سم ماركة WADFOW;1.87;https://hawarastore.com/wp-content/uploads/2025/08/WGS1630.png;yes
WGS1660;مشرط قشط طول 60 سم ماركة WADFOW;2.41;https://hawarastore.com/wp-content/uploads/2025/08/WGS1660.png;yes
WGS1690;مشرط قشط طول 90 سم ماركة WADFOW;2.99;https://hawarastore.com/wp-content/uploads/2025/08/WGS1690.png;yes
WGTM1A16;طرنس لحام الكتروني 160 امبير TIG/ MMA/MIG لحام عادي 1.6-4 مم ولحام بكرة 0.6-1 مم ماركة WADFOW;140.11;https://hawarastore.com/wp-content/uploads/2026/02/WGTM1A16.png;yes
WGTP510;قصاصة عشب يدوية لطاشة بطارية 20 فولت بدون (بطارية وشاحن )ماركة WADFOW;19.19;https://hawarastore.com/wp-content/uploads/2025/05/WGTP510-1.png;yes
WGTP511;قصاصة عشب يدوية ( لطاشة ) 20 فولت + بطارية 1.5 امبير + شاحن + اكسسوارات ماركة WADFOW;33.11;;no
WGTP5116;قصاصة عشب يدوية ( لطاشة ) 20 فولت + بطارية+شاحن 2امبير +ديسك +شفرة معدن +5 شفرات بلاستيك اكسسوارات ماركة WADFOW;36.14;;no
WGTQ1203;ملزمة بواري 3 انش مجال 10-89 مم WADFOW;15.13;https://hawarastore.com/wp-content/uploads/2025/08/WGTQ1203.png;yes
WGTQ1204;ملزمة بواري 4 انش مجال 10-114 مم WADFOW;21.39;https://hawarastore.com/wp-content/uploads/2025/08/WGTQ1204.png;yes
WGTQ1206;ملزمة بواري 6 انش مجال 14-168 مم WADFOW;31.3;https://hawarastore.com/wp-content/uploads/2025/09/WGTQ1206.png;yes
WGTS512;قصاصة عشب يدوية ( لطاشة ) 12 فولت مع بطارية واكسسوار بدون شاحن ماركة WADFOW;19.19;https://hawarastore.com/wp-content/uploads/2025/08/WGTS512.png;yes
WGU1608;كباسة يدوية عمق من 4 الى 8 مم ماركة WADFOW;2.28;https://hawarastore.com/wp-content/uploads/2025/08/WGU1608.png;yes
WGU2403;طقم 3 قطع كباسة 3 في 1 + نازعة كبسات + بانسة تثبيت اسافيل WADFOW;6.27;https://hawarastore.com/wp-content/uploads/2025/08/WGU2403.png;yes
WGU2614;كباسة يدوية 3 بـ 1 ( مسمار وحرف U و كبسة ) مع كبسات و مسامير صناعي WADFOW;2.89;https://hawarastore.com/wp-content/uploads/2025/08/WGU2614.png;yes
WGU3614;كباسة عمق 14-4 عرض 11.3 سماكة 0.7 مع عيار قوة ماركة WADFOW;2.89;https://hawarastore.com/wp-content/uploads/2025/08/WGU3614.png;yes
WGU4512;كباسة كبسات طرق قياس من 10-6 مم ماركة WADFOW;4.98;https://hawarastore.com/wp-content/uploads/2025/05/WGU4512-1.png;yes
WGU4B06;كباسة يدوية 3 بـ 1 قياس 4-14مم + نزاعة كبسات+ 3 مجموعات كبسات WADFOW;6.81;https://hawarastore.com/wp-content/uploads/2025/08/WGU4B06.png;yes
WGV2801;كف مطاطي XL مطلي بالنتريل WADFOW;0.41;https://hawarastore.com/wp-content/uploads/2025/05/WGV2801-1.png;yes
WGV2803;كف XL الياف لدنة مطلي رغوة النتريك لاستخدام في البيئة النفطية WADFOW;0.99;https://hawarastore.com/wp-content/uploads/2025/05/WGV2803-1.png;yes
WGV2804;كف قماشي XL مطلي نيتريك لاستخدام البيئة النفطية ( الكثير من الزيت ) WADFOW;1.19;https://hawarastore.com/wp-content/uploads/2025/05/WGV2804.png;yes
WGV2808;كف خيط بوليستر XL مطلي بالنتريك لاستخدام في البيئة النفطية مع خاصية اللمس للشاشة WADFOW;0.99;https://hawarastore.com/wp-content/uploads/2025/08/WGV2808.png;yes
WGW1A21;مضخة بنزين 2 انش محرك 7 حصان رفع اعظمي 30 متر غزارة 550 ل/د WADFOW;98.51;https://hawarastore.com/wp-content/uploads/2025/05/WGW1A21-1.png;yes
WGW1A31;مضخة بنزين 3 انش محرك 7 حصان رفع اعظمي 27 متر غزارة 1000 لتر/د WADFOW;104.77;https://hawarastore.com/wp-content/uploads/2025/08/WGW1A31.png;yes
WGX1K04;التيكو 5 غ ماركة WADFOW;1.46;;no
WGZ1201;ازميل SDS PLUS ( 14 × 0 × 250 ) شوكة WADFOW;0.85;;no
WGZ1202;ازميل SDS PLUS ( 14 × 20 × 250 ) مبسط ماركة WADFOW;0.86;;no
WGZ1203;ازميل SDS PLUS ( 14 × 40 × 250 ) مبسيط عريض ماركة WADFOW;1.2;;no
WGZ1204;ازميل HEX كسارة ( 30 × 0 × 400 ) شوكة لزوم كسارة 1700 واط ماركة WADFOW;4.19;;no
WGZ1205;ازميل HEX كسارة ( 17 × 0 × 280) شوكة لزوم كسارة 1300 واط WADFOW;1.48;;no
WGZ1206;ازميل HEX كسارة ( 17 × 22× 280) مبسط عرض 22 مم لزوم كسارة 1300 واط WADFOW;1.48;;no
WGZ2201;ازميل SDS MAX ( 18× 0× 300) شوكة ماركة WADFOW;1.44;;no
WGZ2202;ازميل SDS MAX ( 18× 25× 300) مبسط ماركة WADFOW;1.48;;no
WGZ2203;ازميل SDS MAX ( 18× 0× 400) شوكة ماركة WADFOW;1.91;;no
WGZ2205;ازميل SDS MAX ( 18× 50× 400) مبسط ماركة WADFOW;2.26;;no
WGZ2206;ازميل SDS MAX ( 18× 0× 600) شوكة ماركة WADFOW;2.78;;no
WGZ3201;ازميل HEX كسارة ( 17× 50 × 280) مبسط عريض 50 مم لزوم كسارة 1300 واط WADFOW;1.53;;no
WGZ3202;ازميل HEX كسارة ( 17× 0× 350) شوكة لزوم كسارة 1300 واط WADFOW;1.53;;no
WGZ3203;ازميل HEX كسارة ( 17× 22× 350) مبسط عرض 22 مم لزوم كسارة 1300 واط WADFOW;1.57;;no
WGZ3204;ازميل HEX كسارة ( 28× 0× 520) شوكة لزوم كسارة 1700 واط ماركة WADFOW;6.26;;no
WGZ3205;ازميل HEX كسارة ( 28× 35× 520) مبسط لزوم كسارة 1700 واط ماركة WADFOW;6.26;;no
WHB1H18;نصلة منشار حديد 18T - 65Mnصناعي WADFOW;0.14;https://hawarastore.com/wp-content/uploads/2025/05/WHB1H18-1.png;yes
WHB1H24;نصلة منشار حديد 24T - 65Mnصناعي WADFOW;0.14;https://hawarastore.com/wp-content/uploads/2025/05/WHB1H24-1.png;yes
WHB1H32;نصلة منشار حديد 32T - 65Mnصناعي WADFOW;0.14;https://hawarastore.com/wp-content/uploads/2025/05/WHB1H32-1.png;yes
WHB2118;نصلة منشار حديد 18 T قياس 300 مم WADFOW;0.88;https://hawarastore.com/wp-content/uploads/2025/08/WHB2118.png;yes
WHB2124;نصلة منشار حديد 24 T قياس 12 انش WADFOW;0.88;https://hawarastore.com/wp-content/uploads/2025/08/WHB2124.png;yes
WHB2H18;نصلة منشار حديد 18 T صناعي M42+D6A ماركة WADFOW;0.41;https://hawarastore.com/wp-content/uploads/2025/05/WHB2H18-1.png;yes
WHB2H24;نصلة منشار حديد T24 طول 12 انش M2 ماركة WADFOW;0.41;https://hawarastore.com/wp-content/uploads/2025/08/WHB2H24.png;yes
WHB2H32;نصلة منشار حديد T32 طول 12 انش M2 ماركة WADFOW;0.41;https://hawarastore.com/wp-content/uploads/2025/08/WHB2H32.png;yes
WHD01026;ريشة WADFOW SDS MAX 10×280;2.52;;no
WHD01226;ريشة WADFOW SDS MAX 12×280;2.61;;no
WHD01426;ريشة WADFOW SDS MAX 14×280;2.66;;no
WHD01626;ريشة WADFOW SDS MAX 16×280;3.04;;no
WHD01834;ريشة WADFOW SDS MAX 18×340;0;;no
WHD01854;ريشة WADFOW SDS MAX 18×500;5.01;;no
WHD02034;ريشة WADFOW SDS MAX 20×340;0;;no
WHD02054;ريشة WADFOW SDS MAX 20×500;5.83;;no
WHD02234;ريشة WADFOW SDS MAX 22×340;0;;no
WHD02254;ريشة WADFOW SDS MAX 22×500;8.27;;no
WHD02554;ريشة WADFOW SDS MAX 25×500;0;;no
WHD02854;ريشة WADFOW SDS MAX 28×500;0;;no
WHD03054;ريشة WADFOW SDS MAX 30×500;0;;no
WHD03260;ريشة WADFOW SDS MAX 32×600;15.83;;no
WHD03280;ريشة WADFOW SDS MAX 32×800;19.3;;no
WHD1201;ريشة WADFOW SDS PLUS 5×110;0.47;;no
WHD1202;ريشة WADFOW SDS PLUS 6×110;0.5;;no
WHD1203;ريشة WADFOW SDS PLUS 8×110;0.52;;no
WHD1204;ريشة WADFOW SDS PLUS 10×110;0.57;;no
WHD1205;ريشة WADFOW SDS PLUS 6×160;0.54;;no
WHD1206;ريشة WADFOW SDS PLUS 8×160;0.57;;no
WHD1207;ريشة WADFOW SDS PLUS 10×160;0.61;;no
WHD1208;ريشة WADFOW SDS PLUS 12×160;0.7;;no
WHD1210;ريشة WADFOW SDS PLUS 6×210;0.66;;no
WHD1211;ريشة WADFOW SDS PLUS 8×210;0.7;;no
WHD1212;ريشة WADFOW SDS PLUS 10×210;0.75;;no
WHD1213;ريشة WADFOW SDS PLUS 12×210;0.89;;no
WHD1218;ريشة WADFOW SDS PLUS 6×260;0.82;;no
WHD1219;ريشة WADFOW SDS PLUS 8×260;0.85;;no
WHD1220;ريشة WADFOW SDS PLUS 10×260;0.89;;no
WHD1221;ريشة WADFOW SDS PLUS 12×260;1.04;;no
WHD1222;ريشة WADFOW SDS PLUS 14×260;1.25;;no
WHD1223;ريشة WADFOW SDS PLUS 16×260;1.53;;no
WHD3201;ريشة WADFOW SDS PLUS 6×160;0.7;;no
WHD3202;ريشة راس رباعي WADFOW SDS PLUS 8×160;0.82;;no
WHD3203;ريشة راس رباعي WADFOW SDS PLUS 10×160;0.9;;no
WHD3204;ريشة راس رباعي WADFOW SDS PLUS 12×160;1.13;;no
WHD3211;ريشة راس رباعي WADFOW SDS PLUS 5×110;0.59;;no
WHD3212;ريشة راس رباعي WADFOW SDS PLUS 6×110;0.66;;no
WHD3213;ريشة راس رباعي WADFOW SDS PLUS 8×110;0.72;;no
WHD3214;ريشة راس رباعي WADFOW SDS PLUS 10×110;0.79;;no
WHD3221;ريشة راس رباعي WADFOW SDS PLUS 6×210;0.82;;no
WHD3222;ريشة راس رباعي WADFOW SDS PLUS 8×210;0.9;;no
WHD3223;ريشة راس رباعي WADFOW SDS PLUS 10×210;1.03;;no
WHD3224;ريشة راس رباعي WADFOW SDS PLUS 12×210;1.22;;no
WHD3231;ريشة راس رباعي WADFOW SDS PLUS 6×260;0.92;;no
WHD3232;ريشة راس رباعي WADFOW SDS PLUS 8×260;1.06;;no
WHD3233;ريشة راس رباعي WADFOW SDS PLUS 10×260;1.18;;no
WHD3234;ريشة راس رباعي WADFOW SDS PLUS 12×260;1.43;;no
WHD3235;ريشة راس رباعي WADFOW SDS PLUS 14×260;1.74;;no
WHD3236;ريشة راس رباعي WADFOW SDS PLUS 16×260;2.26;;no
WHD6B06;طقم ريش باطون 6 قطع ريش SDS PLUS ضمن علبة بلاستيك WADFOW;3.83;;no
WHD7B10;طقم 10 قطع ريش وازاميل SDS ماركة WADFOW;6.27;https://hawarastore.com/wp-content/uploads/2025/09/WHD7B10.png;yes
WHE1526;قصاصة عشب سور بنزين 750 واط 1 حصان ماركة WADFOW;98.43;https://hawarastore.com/wp-content/uploads/2025/08/WHE1526.png;yes
WHF1501;منشار حديد صغير طول 15 سم اطار و يد معدن ماركة WADFOW;0.56;https://hawarastore.com/wp-content/uploads/2025/08/WHF1501.png;yes
WHF2103;منشار حديد صغير هيكل المنيوم طول 6 انش ماركة WADFOW;1.5;https://hawarastore.com/wp-content/uploads/2025/08/WHF2103.png;yes
WHF2105;منشار حديد يدوي صغير 6 انش ماركة WADFOW;0.88;https://hawarastore.com/wp-content/uploads/2025/08/WHF2105.png;yes
WHF3108;منشار حديد 12 انش صناعي مقبض المنيوم ماركة WADFOW;3.24;https://hawarastore.com/wp-content/uploads/2025/05/WHF3108-1.png;yes
WHF3110;منشار حديد قابل للتعديل من 200 مم الى 300 مم مع نصلة واحدة ماركة WADFOW;1.57;;no
WHF3138;منشار حديد ABS يدوي 12 انش ماركة WADFOW;1.34;https://hawarastore.com/wp-content/uploads/2025/05/WHF3138-1.png;yes
WHF3168;منشار حديد 12 انش ( 300 مم ) ماركة WADFOW;1.69;;no
WHF5107;منشار حديد تخريق 7 انش مع 5 نصلات مختلفة ماركة WADFOW;2.23;https://hawarastore.com/wp-content/uploads/2025/05/WHF5107-1.png;yes
WHF5121;منشار شجر قوس 21 انش 530 مم WADFOW;2.71;https://hawarastore.com/wp-content/uploads/2025/09/WHF5121.png;yes
WHG1514;كور هواء ساخن 1800 واط + اكسسوارات WADFOW;10.59;;no
WHG1516;كور هواء ساخن 1600 واط + اكسسوارات WADFOW;9.11;https://hawarastore.com/wp-content/uploads/2025/05/WHG1516-1.png;yes
WHG1520;كور هواء ساخن 2000 واط مع قرص خلفي للتحكم بالحرارة (50-550) + اكسسوارات WADFOW;17.22;https://hawarastore.com/wp-content/uploads/2026/03/WHG1520.png;yes
WHG1530;كور هواء ساخن 2000 واط ديجتال 3 سرعات مجال الحرارة (50-600) مع اكسسوارات WADFOW;22.42;https://hawarastore.com/wp-content/uploads/2026/03/WHG1530.png;yes
WHG2501;كور هواء ساخن مستقيم 350 واط مجال الحرارة (250-400) WADFOW;8.84;https://hawarastore.com/wp-content/uploads/2025/08/WHG2501.png;yes
WHHT2261;الة تثقيب هيدروليكية WADFOW;75.82;https://hawarastore.com/wp-content/uploads/2025/08/WHHT2261.png;yes
WHJ1502;كريكو جاك عامودي 2 طن ماركة WADFOW;8.33;https://hawarastore.com/wp-content/uploads/2025/05/WHJ1502-1.png;yes
WHJ1504;كريكو جاك عامودي 4 طن ماركة WADFOW;9.91;https://hawarastore.com/wp-content/uploads/2025/05/WHJ1504-1.png;yes
WHJ1506;كريكو جاك عامودي 6 طن ماركة WADFOW;12.14;;no
WHJ1510;كريكو جاك عامودي 10 طن ماركة WADFOW;16.32;;no
WHJ1512;كريكو جاك عامودي 12 طن ماركة WADFOW;18.48;https://hawarastore.com/wp-content/uploads/2025/08/WHJ1512.png;yes
WHJ1520;كريكو جاك عامودي 20 طن ماركة WADFOW;25.03;https://hawarastore.com/wp-content/uploads/2025/08/WHJ1520.png;yes
WHJ1532;كريكو جاك عامودي 32 طن ماركة WADFOW;53.71;https://hawarastore.com/wp-content/uploads/2025/08/WHJ1532.png;yes
WHJ1550;كريكو جاك عامودي 50 طن ماركة WADFOW;68.81;;no
WHJ1A02;كريكو تمساح 2 طن طويل وزن 58 كغ اقصى ارتفاع 80 سم ماركة WADFOW;214.23;https://hawarastore.com/wp-content/uploads/2025/08/WHJ1A02.png;yes
WHJ1A03;كريكو تمساح 3 طن طويل وزن 54 كغ اقصى ارتفاع 66.5 سم ماركة WADFOW;219.13;https://hawarastore.com/wp-content/uploads/2025/05/WHJ1A03-1.png;yes
WHJ1D04;مجموعة اصلاح هيدروليكية 4 طن ضمن حقيبة بلاستيك ماركة WADFOW;101.26;;no
WHJ1D10;مجموعة اصلاح هيدروليكية 10 طن ضمن حقيبة بلاستيك ماركة WADFOW;137.78;;no
WHJ2502;كريكو تمساح 2 طن وزن 5.6كغ قائم 6.2 ماركة WADFOW معبأ بكرتونة ملونة;20.36;https://hawarastore.com/wp-content/uploads/2025/08/WHJ2502.png;yes
WHJ2503;كريكو تمساح 3 طن وزن 28.9 كغ اقصى ارتفاع 46.5 سم ماركة WADFOW;91.3;https://hawarastore.com/wp-content/uploads/2025/05/WHJ2503-1.png;yes
WHJ2504;كريكو تمساح 3 طن وزن 30.2 كغ بسطونين اقصى ارتفاع 64.5 سم ماركة WADFOW;97.94;https://hawarastore.com/wp-content/uploads/2025/05/WHJ2504-1.png;yes
WHJ2513;كريكو تمساح 3 طن مع دعسة قدم وزن 28 كغ اقصى ارتفاع 50 سم ماركة WADFOW;91.3;https://hawarastore.com/wp-content/uploads/2025/08/WHJ2513.png;yes
WHJ2522;كريكو تمساح 2 طن وزن 6.8 كغ صافي قائم 7.50 اقصلى ارتفاع 30 سم ماركة WADFOW;23.08;https://hawarastore.com/wp-content/uploads/2025/08/WHJ2522.png;yes
WHJ2523;كريكو تمساح 3 طن وزن 27.5 كغ ماركة WADFOW;105.46;https://hawarastore.com/wp-content/uploads/2025/05/WHJ2523-1.png;yes
WHJ2525;كريكو تمساح 2.5 طن وزن 12.6 كغ اقصى ارتفاع 38 سم ماركة WADFOW;39.54;https://hawarastore.com/wp-content/uploads/2025/05/WHJ2525-1.png;yes
WHJ3502;حمالة محرك سيارة 2 طن طقم 2 قطعة قابل للطي (278-WADFOW (mm 366;12.32;;no
WHJ3503;حمالة محرك سيارة 3 طن طقم 2 قطعة قابل للطي (286-WADFOW (mm 401;15.79;;no
WHJ3D07;طقم ضاغط اتماسور السيارة 7 قطع طول 265 مم واقيات بلاستيكية لحماية طلاء النابض WADFOW;80.87;;no
WHJ4510;كريكو جاك مقص 1 طن وزن 1.65 كغ اقصى ارتفاع 33 سم ماركة WADFOW;8.7;https://hawarastore.com/wp-content/uploads/2025/08/WHJ4510.png;yes
WHJ4515;كريكو جاك مقص 1.5 طن وزن 2.3 كغ اقصى ارتفاع 37 سم ماركة WADFOW;10.56;https://hawarastore.com/wp-content/uploads/2025/08/WHJ4515.png;yes
WHJ4D02;كريكو جاك مقص 2 طن 12 فولت وزن 4.3 كغ اقصى ارتفاع مع محول 42 سم ضمن حقيبة بلاستيك ماركة WADFOW;47.43;https://hawarastore.com/wp-content/uploads/2025/10/WHJ4D02.webp;yes
WHJ6515;كريكو تمساح 1.5 طن اقصى ارتفاع 35.8 سم ماركة WADFOW;86.96;https://hawarastore.com/wp-content/uploads/2025/05/WHJ6515-1.png;yes
WHJ7525;كريكو تمساح 2.5 طن وزن 26.3 كغ اقصى ارتفاع 46.5 سم ماركة WADFOW;114.78;https://hawarastore.com/wp-content/uploads/2025/05/WHJ7525-1.png;yes
WHJS0201;حمالة محرك سيارة 2 طن طقم 2 قطعة (380-250 مم ) WADFOW;13.91;;no
WHJS0301;حمالة محرك سيارة 3 طن طقم 2 قطعة (270-410 مم ) WADFOW;18.43;;no
WHJS0601;حمالة محرك سيارة 6 طن طقم 2 قطعة (393-593 مم ) WADFOW;37.04;;no
WHK1281;طقم مفتاح مسدس 1.5-8 قابل للطي ماركة WADFOW;1.69;https://hawarastore.com/wp-content/uploads/2025/08/WHK1281.png;yes
WHK1291;طقم مفتاح مسدس طويل 1.5 - 10 مم ماركة WADFOW;1.93;;no
WHK1292;طقم مفتاح مسدس طويل جدا 1.5-10مم ماركة WADFOW;2.52;;no
WHK1481;طقم مفتاح T مسدس 8 قطع مقبض بلاستيك WADFOW;3.91;https://hawarastore.com/wp-content/uploads/2025/08/WHK1481.png;yes
WHK1671;طقم مفتاح 7 قطع مسدس 1.5 - 6 مم ماركة WADFOW;0.58;;no
WHK2281;طقم مفتاح مسدس كرة قابل للطي 1.5-8 مم ماركة WADFOW;1.79;https://hawarastore.com/wp-content/uploads/2025/08/WHK2281.png;yes
WHK2291;طقم مفتاح مسدس كرة طويل 9 قطع 1.5 - 10 مم ماركة WADFOW;2.26;;no
WHK2292;طقم مفتاح مسدس كرة طويل جدا 9 قطع 1.5 - 10 مم ماركة WADFOW;2.67;;no
WHK2481;طقم مفتاح T مسدس كرة 8 قطع مقبض بلاستيك WADFOW;4.28;https://hawarastore.com/wp-content/uploads/2025/09/WHK2481.png;yes
WHK3281;طقم مفتاح نجمة مشرشر ( 40 - 9 T ) مم قابل للطي ماركة WADFOW;1.79;https://hawarastore.com/wp-content/uploads/2025/05/WHK3281-1.png;yes
WHK3291;طقم مفتاح نجمة مشرشر 9 قطع 10-50 مم ماركة WADFOW;2.42;;no
WHK3292;طقم مفتاح نجمة مشرشر طويل جدا 9 قطع ( 50 - 10 T ) مم ماركة WADFOW;2.74;;no
WHK3481;طقم 8 قطع مفتاح مسدس T من WADFOW;4.28;https://hawarastore.com/wp-content/uploads/2025/08/WHK3481.png;yes
WHK3671;طقم مفتاح نجمة مشرشر طويل 7 قطع ( 40 - 10 T ) مم ماركة WADFOW;0.77;;no
WHK4203;طقم 24 قطعة مفاتيح مسدس +مشرشر ماركة WADFOW;4.35;https://hawarastore.com/wp-content/uploads/2025/08/WHK4203.png;yes
WHK4516;سكين متعدد الاستعمالات 16ب1 ماركة WADFOW;2.49;https://hawarastore.com/wp-content/uploads/2025/08/WHK4516.png;yes
WHK5203;طقم مفاتيح مسدس + مشرشر+ مسدس كرة 27 قطعة WADFOW;4.87;https://hawarastore.com/wp-content/uploads/2026/02/WHK5203-776x1024.png;yes
WHLL3AAA5;بيل على الراس 100 لومينز مدى 91 متر ضد المطر IPX4 بدون بطارية WADFOW 3AAA;2.61;;no
WHM1301;مطرقة حديد 100 غرام يد فيبر غلاس ماركة WADFOW;1.11;https://hawarastore.com/wp-content/uploads/2025/05/WHM1301-1.png;yes
WHM1302;مطرقة حديد 200 غرام يد فيبر غلاس ماركة WADFOW;1.28;;no
WHM1303;مطرقة حديد 300 غرام يد فيبر غلاس ماركة WADFOW;1.54;;no
WHM1305;مطرقة حديد 500 غرام يد فيبر غلاس ماركة WADFOW;1.96;https://hawarastore.com/wp-content/uploads/2025/08/WHM1305.png;yes
WHM1310;مطرقة حديد 1000 غرام يد فيبر غلاس ماركة WADFOW;2.99;https://hawarastore.com/wp-content/uploads/2025/08/WHM1310.png;yes
WHM1315;مطرقة حديد 1500غرام يد فيبر غلاس ماركة WADFOW;4.13;https://hawarastore.com/wp-content/uploads/2025/08/WHM1315.png;yes
WHM1320;مطرقة حديد 2000غرام يد فيبر غلاس ماركة WADFOW;4.79;https://hawarastore.com/wp-content/uploads/2025/08/WHM1320.png;yes
WHM2330;مطرقة حجر 3 كغ طول 90 سم يد فيبر غلاس ماركة WADFOW;9.3;https://hawarastore.com/wp-content/uploads/2025/08/WHM2330.png;yes
WHM2340;مطرقة حجر 4 كغ طول 90 سم يد فيبر غلاس ماركة WADFOW;10.31;https://hawarastore.com/wp-content/uploads/2025/08/WHM2340.png;yes
WHM2350;مطرقة حجر وزن 5 كغ طول 90 سم يد فيبر غلاس ماركة WADFOW;11.78;https://hawarastore.com/wp-content/uploads/2025/08/WHM2350.png;yes
WHM3308;مطرقة شاكوش 220 غرام يد فيبر غلاس ماركة WADFOW;1.59;https://hawarastore.com/wp-content/uploads/2025/05/WHM3308-1.png;yes
WHM336L;مطرقة مخلب يد طويلة وزن 450 غ ماركة WADFOW;2.52;https://hawarastore.com/wp-content/uploads/2025/08/WHM336L.png;yes
WHM33D8;مطرقة شاكوش 220 غرام يد فيبر غلاس قصيرة ماركة WADFOW;1.59;https://hawarastore.com/wp-content/uploads/2025/05/WHM33D8-1.png;yes
WHM5325;مطرقة حديد كرة 25 مم ماركة WADFOW;2.24;https://hawarastore.com/wp-content/uploads/2025/08/WHM5325.png;yes
WHM6306;فاس وزن 600 غ طول 39 سم يد فيبر غلاس ماركة WADFOW;3.08;https://hawarastore.com/wp-content/uploads/2025/08/WHM6306.png;yes
WHM6308;فاس وزن 800 غ طول 39 سم يد فيبر غلاس ماركة WADFOW;3.37;https://hawarastore.com/wp-content/uploads/2025/08/WHM6308.png;yes
WHM6310;فاس وزن 1000 غرام طول 43 سم يد فيبر غلاس ماركة WADFOW;3.98;https://hawarastore.com/wp-content/uploads/2025/05/WHM6310-1.png;yes
WHM6312;فاس وزن 1250 غرام طول 70 سم يد فيبر غلاس ماركة WADFOW;6.28;https://hawarastore.com/wp-content/uploads/2025/05/WHM6312-1.png;yes
WHM6321;فاس وزن 1000 غرام وزن 43 سم ماركة WADFOW;4.21;https://hawarastore.com/wp-content/uploads/2025/05/WHM6321-1.png;yes
WHM6322;فاس وزن 2000 غرام طول 70 سم يد فيبر غلاس ماركة WADFOW;8.55;https://hawarastore.com/wp-content/uploads/2025/05/WHM6322-1.png;yes
WHM7301;مطرقة كوشوك 8OZ سوداء 220 غرام يد فيبر غلاس ماركة WADFOW;1.11;;no
WHM7302;مطرقة كوشوك سوداء 450 غرام يد فيبر غلاس ماركة WADFOW;1.5;https://hawarastore.com/wp-content/uploads/2025/08/WHM7302.png;yes
WHM7303;مطرقة كوشوك بيضاء وزن 220 غ يد فيبر غلاس ماركة WADFOW;1.48;https://hawarastore.com/wp-content/uploads/2025/08/WHM7303.png;yes
WHM7304;مطرقة كوشوك بيضاء 450 غرام يد فيبر غلاس ماركة WADFOW;1.99;https://hawarastore.com/wp-content/uploads/2025/08/WHM7304.png;yes
WHM7305;مطرقة كوشوك + بلاستيك 35 مم ماركة WADFOW;2.35;;no
WHM7306;مطرقة كوشوك سوداء 660 غرام يد فيبر غلاس ماركة WADFOW;1.88;https://hawarastore.com/wp-content/uploads/2025/08/WHM7306.png;yes
WHM7307;مطرقة كوشوك سوداء 900 غرام يد فيبر غلاس ماركة WADFOW;2.14;https://hawarastore.com/wp-content/uploads/2025/08/WHM7307.png;yes
WHM7308;مطرقة كوشوك بيضاء 660 غرام يد فيبر غلاس ماركة WADFOW;2.29;https://hawarastore.com/wp-content/uploads/2025/08/WHM7308.png;yes
WHM7309;مطرقة كوشوك بيضاء 900 غرام يد فيبر غلاس ماركة WADFOW;2.62;https://hawarastore.com/wp-content/uploads/2025/08/WHM7309.png;yes
WHM8195;مطرقة حديد مطرقة نجار متعددة راس شاكوش WADFOW;5.88;https://hawarastore.com/wp-content/uploads/2026/02/WHM8195.png;yes
WHM9318;مطرقة المنيوم برونز 2000 غ يد فيبر غلاس غير شرارية WADFOW;64.14;;no
WHP1A12;مغسل سيارات 1200 واط 90 بار محرك صناعي ملف المنيوم WADFOW;61.87;https://hawarastore.com/wp-content/uploads/2025/05/WHP1A12-1.png;yes
WHP1A13;مغسل 1300 واط ضغط 80 بار تدفق 6.5 ليتر ملف نحاس تحريضي مع خرطوم 8 متر WADFOW;71.2;https://hawarastore.com/wp-content/uploads/2025/05/WHP1A13-1.png;yes
WHP3A14;مغسل سيارات 1400 واط 110 بار ملف المنيوم مع خرطوم 5 متر ماركة WADFOW;45.33;https://hawarastore.com/wp-content/uploads/2025/08/WHP3A14.png;yes
WHP3A18;مغسل سيارات 1800 واط 130 بار محرك فحمات ملف المنيوم مع خرطوم 5 متر WADFOW;58.45;https://hawarastore.com/wp-content/uploads/2025/08/WHP3A18.png;yes
WHR1609;بانسة تباشيم 9.5 انش قياس التباشيم (2.4 الى 4.8) ماركة WADFOW;1.86;;no
WHR1610;بانسة تباشيم 10.5 انش قياس التباشيم (2.4 الى 4.8) ماركة WADFOW;2.03;;no
WHR1909;بانسة تباشيم 9.5 انش قياس التباشيم (2.4 الى 4.8) + 100 قطعة تبشيم ماركة WADFOW;5.08;;no
WHR2610;بانسة تباشيم 10.5 انش قياس التباشيم (2.4 الى 4.8) ماركة WADFOW ثقيل;2.93;https://hawarastore.com/wp-content/uploads/2025/05/WHR2610-1.png;yes
WHR5710;بانسة تباشيم عزق 10.5 انش ماركة WADFOW;11.37;https://hawarastore.com/wp-content/uploads/2025/08/WHR5710.png;yes
WHR5B16;بانسة تباشيم 16 انش مع اكسسوارات مختلفة ضمن علبة بلاستيك ماركة WADFOW;21.25;https://hawarastore.com/wp-content/uploads/2025/08/WHR5B16.png;yes
WHS1B07;مجموعة 7 قطع مكبس راس شريط عاري وملبس لغاية 6 مم طول 9 انش + اكسسوارات ماركة WADFOW;15.7;https://hawarastore.com/wp-content/uploads/2025/05/WHS1B07-1.png;yes
WHS1M05;حقيبة قماشية سعة 5 قطع ماركة WADFOW;7.19;https://hawarastore.com/wp-content/uploads/2025/05/WHS1M05-1.png;yes
WHS1M08;حقيبة عدة يدوية 8 قطع ضمن حقيبة قماش ماركة WADFOW;10.8;https://hawarastore.com/wp-content/uploads/2025/05/WHS1M08-2.png;yes
WHS1M22;طقم 22 قطعة عدة يدوية لون زهري ماركة WADFOW;12.22;https://hawarastore.com/wp-content/uploads/2025/05/WHS1M22-1.png;yes
WHS1M28;حقيبة عدة يدوية 28 قطعة ضمن حقيبة قماش ماركة WADFOW;14.12;https://hawarastore.com/wp-content/uploads/2025/05/WHS1M28-1.png;yes
WHS2038;طقم فنجان 1/2 انش 38 قطعة مفتاح طقطاق + مفاتيح شق + تطويلة جوز ضمن حقيبة بلاستيك WADFOW;33.04;https://hawarastore.com/wp-content/uploads/2026/02/WHS2038.png;yes
WHS2109;طقم فنجان 1/2 + 1/4 انش 109 قطعة مفتاح طقطاق + مجموعة مفاتيح شق + طقم مفكات + ضمن حقيبة بلاستيك WADFOW;78.26;https://hawarastore.com/wp-content/uploads/2025/10/WHS2109.webp;yes
WHS2B23;حقيبة عدة بلاستيك تحتوي 23 قطعة ماركة WADFOW;10.14;https://hawarastore.com/wp-content/uploads/2025/05/WHS2B23-1.png;yes
WHS2B46;مجموعة 46 قطعة بانسة مكبس جك RJ + هاتف ضمن حقيبة بلاستيك ماركة WADFOW;10.7;https://hawarastore.com/wp-content/uploads/2025/08/WHS2B46.png;yes
WHS2B68;حقيبة عدة بلاستيك منزلية 68 قطعة ماركة WADFOW;7.49;https://hawarastore.com/wp-content/uploads/2025/08/WHS2B68.png;yes
WHS3120;صندوق عدة معدن دروج 120 قطعة طقم فنجان 1/2+1/4 انش + مفتاح طقطاق + طقم مفكات + بمجموعة عدد يدوية WADFOW;85.22;https://hawarastore.com/wp-content/uploads/2025/09/WHS3120.png;yes
WHS3B85;صندوق عدة حديث بلاستيك 85 قطعة عدد يدوية منزلية ماركة WADFOW;19.92;https://hawarastore.com/wp-content/uploads/2025/08/WHS3B85.png;yes
WHS3B89;صندوق عدة بلاستيك منزلي 89 قطعة لون زهري ماركة WADFOW;21.25;https://hawarastore.com/wp-content/uploads/2025/08/WHS3B89.png;yes
WHS4B61;حقيبة عدة معدن 3 طبقات 61 قطعة WADFOW;71.3;https://hawarastore.com/wp-content/uploads/2025/08/WHS4B61.png;yes
WHS5307;طقم عدة 7 قطع ماركة WADFOW;9.68;https://hawarastore.com/wp-content/uploads/2025/05/WHS5307-1.png;yes
WHSAM22;حقيبة عدة يدوية 22 قطعة ضمن حقيبة قماش ماركة WADFOW;11.54;https://hawarastore.com/wp-content/uploads/2025/05/WHSAM22-1.png;yes
WHT1D24;مكبس هيدروليك لزوم كابلات من 16 حتى 240 مم2 ماركة WADFOW;32.05;https://hawarastore.com/wp-content/uploads/2025/05/WHT1D24-1.png;yes
WHT1D32;بانسة حبسات بواري هيدروليك من 16 - 32 زاوية WADFOW;72.17;https://hawarastore.com/wp-content/uploads/2025/08/WHT1D32.png;yes
WHT1D70;مكبس هيدروليك لزوم كابلات من 4 الى 70 مم2 ماركة WADFOW;27.07;https://hawarastore.com/wp-content/uploads/2025/08/WHT1D70.png;yes
WHT2D32;بانسة حبسات بواري هيدروليك من 16 - 32 ساوي WADFOW;72.17;https://hawarastore.com/wp-content/uploads/2025/08/WHT2D32.png;yes
WHT2D40;مكبس هيدروليك لكبس الصوليات كابلات 20 فولت مجال 400-16 mm2 استطاعة 120 كيلو نيوتن مع بطارية 4 امبيرعدد 2 + شاحن ضمن حقيبة بلاستيك WADFOW;460.86;https://hawarastore.com/wp-content/uploads/2025/10/WHT2D40.jpg;yes
WHT2M30;مكبس هيدروليك لكبس الصوليات و كابلات 20 فولت مجال 300-16 mm2 استطاعة 60 كيلو نيوتن + بطارية 2 امبيرعدد 2 + شاحن ضمن حقيبة بلاستيك WADFOW;398.25;;no
WHT3M4U;مكبس هيدروليك لخراطيم المياه 20 فولت 16-20-25-32 mm2 استطاعة 19 كيلو نيوتن + بطارية 2 امبيرعدد 2 + شاحن ضمن حقيبة بلاستيك WADFOW;543.86;;no
WHT3M4V;مكبس هيدروليك لخراطيم المياه 20 فولت قياس 15-18-22-28 mm2 استطاعة 19 كيلو نيوتن + بطارية 2 امبير عدد 2 + شاحن ضمن حقيبة بلاستيك WADFOW;543.86;https://hawarastore.com/wp-content/uploads/2025/09/WHT3M4V.png;yes
WHTP1A02;توربين هواء ساخن كهربائي 2 كيلو واط مساحة 20 متر مكعب ماركة WADFOW;0;;no
WHTP1A03;توربين هواء ساخن كهربائي 3 كيلو واط مساحة 30 متر مكعب ماركة WADFOW;0;;no
WHTP1A05;توربين هواء ساخن كهربائي 5 كيلو واط مساحة 48 متر مكعب ماركة WADFOW;0;;no
WHTS1A20;توربين هواء ساخن كهربائي 20 كيلو واط مزود بخزان ديزل سعة 20 لتر ماركة WADFOW;0;;no
WHTS1A30;توربين هواء ساخن كهربائي 30 كيلو واط مزود بخزان ديزل سعة 36 لتر ماركة WADFOW;0;;no
WHTS1A50;توربين هواء ساخن كهربائي 50 كيلو واط مزود بخزان ديزل سعة 56 لتر ماركة WADFOW;0;;no
WHU1901;ضبة خراطيم مجال 6 - 16 مم ماركة WADFOW;0.06;https://hawarastore.com/wp-content/uploads/2025/05/WHU1901-1.png;yes
WHU1904;ضبة خراطيم مجال 13 - 22 مم ماركة WADFOW;0.06;https://hawarastore.com/wp-content/uploads/2025/08/WHU1904.png;yes
WHU2902;ضبة خراطيم مجال 19 - 27 مم ماركة WADFOW;0.19;https://hawarastore.com/wp-content/uploads/2025/08/WHU2902.png;yes
WHU2904;ضبة خراطيم مجال 19 - 38 مم ماركة WADFOW;0.2;https://hawarastore.com/wp-content/uploads/2025/08/WHU2904.png;yes
WHU2906;ضبة خراطيم مجال 32 - 51 مم ماركة WADFOW;0.21;https://hawarastore.com/wp-content/uploads/2025/08/WHU2906.png;yes
WHU2908;ضبة خراطيم مجال 40 - 64 مم ماركة WADFOW;0.23;https://hawarastore.com/wp-content/uploads/2025/05/WHU2908-1.png;yes
WHU2910;ضبة خراطيم مجال 57 - 76 مم ماركة WADFOW;0.25;https://hawarastore.com/wp-content/uploads/2025/05/WHU2910-1.png;yes
WHU7903;ضبة خراطيم صناعية مجال 23 - 25 مم ماركة WADFOW;0.34;https://hawarastore.com/wp-content/uploads/2025/08/WHU7903.png;yes
WHU7905;ضبة خراطيم صناعية مجال 29 - 31 مم ماركة WADFOW;0.4;https://hawarastore.com/wp-content/uploads/2025/05/WHU7905-1.png;yes
WHU7907;ضبة خراطيم صناعية مجال 36 - 39 مم ماركة WADFOW;0.4;https://hawarastore.com/wp-content/uploads/2025/05/WHU7907-1.png;yes
WHU7909;ضبة خراطيم صناعية مجال 44 - 47 مم ماركة WADFOW;0.54;https://hawarastore.com/wp-content/uploads/2025/05/WHU7909-1.png;yes
WHU7911;ضبة خراطيم صناعية مجال 52 - 55 مم ماركة WADFOW;0.54;https://hawarastore.com/wp-content/uploads/2025/08/WHU7911.png;yes
WHU7913;ضبة خراطيم صناعية مجال 60 - 63 مم ماركة WADFOW;0.59;https://hawarastore.com/wp-content/uploads/2025/08/WHU7913.png;yes
WHU7915;ضبة خراطيم صناعية مجال 68 - 73 مم ماركة WADFOW;0.82;https://hawarastore.com/wp-content/uploads/2025/08/WHU7915.png;yes
WHW1112;منشار خشب سراق يدوي 12 انش ماركة WADFOW;2.13;https://hawarastore.com/wp-content/uploads/2025/05/WHW1112-2.png;yes
WHW2112;منشار خشب 300 مم 12 انش رأسين (سرّاق) مع قاعدة بلاستيك زاوية قياس 300*140*80 ماركة WADFOW;3.91;https://hawarastore.com/wp-content/uploads/2025/08/WHW2112.png;yes
WHW2116;منشار خشب يدوي 16 انش 400 مم راسين ماركة WADFOW;1.88;https://hawarastore.com/wp-content/uploads/2025/08/WHW2116.png;yes
WHW2120;منشار خشب يدوي 20 انش 500 مم راسين ماركة WADFOW;2.19;https://hawarastore.com/wp-content/uploads/2025/08/WHW2120.png;yes
WHW3G06;منشار الواح جبسمبورد 15سم ماركة WADFOW;1.43;https://hawarastore.com/wp-content/uploads/2025/08/WHW3G06.png;yes
WHW3G62;منشار جبسمبورد جنبين 6 انش 150 مم WADFOW;1.74;https://hawarastore.com/wp-content/uploads/2025/08/WHW3G62.png;yes
WHW4607;منشار شجر طوي 7 انش ( 180 مم ) ماركة WADFOW;1.93;https://hawarastore.com/wp-content/uploads/2025/08/WHW4607.png;yes
WHW5G12;منشار شجر تشذيب 270 مم 11 انش 3 رؤوس ماركة WADFOW;2.26;https://hawarastore.com/wp-content/uploads/2025/08/WHW5G12.png;yes
WHW6G12;منشار شجر راس رفيع قياس 12 انش ماركة WADFOW;1.51;https://hawarastore.com/wp-content/uploads/2025/08/WHW6G12.png;yes
WHW7G12;منشار شجر تشذيب 300 مم 12 انش 3 رؤوس ماركة WADFOW;2.34;https://hawarastore.com/wp-content/uploads/2025/08/WHW7G12.png;yes
WHW8G14;منشار شجر قوس مع شنكل طول 35 سم ماركة WADFOW;2.54;https://hawarastore.com/wp-content/uploads/2025/08/WHW8G14.png;yes
WHW8G16;منشار خشب 16 انش طول 400 مم 3 رؤوس بولاد 65مم ماركة WADFOW;2.26;https://hawarastore.com/wp-content/uploads/2025/08/WHW8G16.png;yes
WHW8G18;منشار خشب 18 انش طول 450 مم 3 رؤوس ماركة WADFOW;2.46;https://hawarastore.com/wp-content/uploads/2025/05/WHW8G18-1.png;yes
WHW8G20;منشار خشب يدوي 20 انش 500 مم ثلاثة رؤوس ماركة WADFOW;2.62;https://hawarastore.com/wp-content/uploads/2025/05/WHW8G20-2.png;yes
WHW8G22;منشار خشب يدوي 22 انش 550 مم 3 رؤوس ماركة WADFOW;2.81;https://hawarastore.com/wp-content/uploads/2025/05/WHW8G22-1.png;yes
WHW9G07;منشار خشب يدوي 0.6 ملم 180 ملم 7 انش ماركة WADFOW;1.76;https://hawarastore.com/wp-content/uploads/2025/05/WHW9G07-1.png;yes
WHWD112;منشار شجر سيف اتجاهين طول 32 سم طول اجمالي 65 سم ماركة WADFOW;3.29;;no
WHWPH04;مجموعة منشار (خشب + شجر ) منشار خشب قياس 161+20 انش ومنشار شجر قياس 11+12 انش ماركة WADFOW;7.13;https://hawarastore.com/wp-content/uploads/2026/02/WHWPH04.png;yes
WHX1430;شقلة خيط 30 متر سريعة X3 مع عبوة مواد + زيبق WADFOW;2.41;;no
WHX1630;شقلة خيط 30 متر مع عبوة مواد+زيبق ماركة WADFOW;1.68;https://hawarastore.com/wp-content/uploads/2025/08/WHX1630.png;yes
WHX2615;شقلة خيط نايلون 15 متر سماكة 0.5 مم موديل جديد WADFOW;2.26;;no
WHY2325;مزيتة جسم بلاستيك شفاف قياس 250 مل ماركة WADFOW;1.02;https://hawarastore.com/wp-content/uploads/2025/05/WHY2325-1.png;yes
WHY2515;مضخة زيت يدوية 15 ل/د رأس المنيوم ماركة WADFOW;11.54;https://hawarastore.com/wp-content/uploads/2025/05/WHY2515-1.png;yes
WHY2525;مضخة زيت يدوية 25 ل/د رأس المنيوم ماركة WADFOW;16.27;https://hawarastore.com/wp-content/uploads/2025/05/WHY2525-1.png;yes
WHZ1D07;طقم مطارق صواج 7 قطع ضمن حقيبة بلاستيك ماركة WADFOW;17.74;https://hawarastore.com/wp-content/uploads/2025/05/WHZ1D07-1.png;yes
WJB5K51;نصلة منشار خراقة خشب + حديد اطوال 75 +100 مم ماركة WADFOW;0;;no
WJBS3502511;علبة براغي بوزي درايف 3.5 × 25 مم لزوم خشب ( نجارين ) عدد 250 TOTAL;2.61;https://hawarastore.com/wp-content/uploads/2025/08/WJBS3502511-1.png;yes
WJBS4003011;علبة براغي بوزي درايف 4 × 30 مم لزوم خشب ( نجارين ) عدد 200 TOTAL;2.61;https://hawarastore.com/wp-content/uploads/2025/08/WJBS4003011-1.png;yes
WJBS4004011;علبة براغي بوزي درايف 4 × 40 مم لزوم خشب ( نجارين ) عدد 150 TOTAL;2.61;https://hawarastore.com/wp-content/uploads/2025/08/WJBS4004011-1.png;yes
WJBS5005011;علبة براغي بوزي درايف 5 × 50 مم لزوم خشب ( نجارين ) عدد 100 TOTAL;3.36;https://hawarastore.com/wp-content/uploads/2025/08/WJBS5005011-1.png;yes
WJBS5008011;علبة براغي بوزي درايف 5 × 80 مم لزوم خشب ( نجارين ) عدد 80 TOTAL;2.94;https://hawarastore.com/wp-content/uploads/2025/08/WJBS5008011-1.png;yes
WJBS5010011;علبة براغي بوزي درايف 5 × 100 مم لزوم خشب ( نجارين ) عدد 60 TOTAL;2.7;https://hawarastore.com/wp-content/uploads/2025/08/WJBS5010011-1.png;yes
WJC1401;بكرة لطاشة مع الخيط موديل 401 WADFOW;3.49;https://hawarastore.com/wp-content/uploads/2025/09/WJC1401.png;yes
WJC1410;شفرة قصاصة عشب لزوم قصاصة WGM1543 ماركة WADFOW;2.8;https://hawarastore.com/wp-content/uploads/2025/05/WJC1410-1.png;yes
WJC1424;بكرة شريط قص عشب طول 4.2 متر 2.4 مم ماركة WADFOW;3.98;https://hawarastore.com/wp-content/uploads/2025/08/WJC1424.png;yes
WJC1504;قصاصة عشب وسور بطارية 4 فولت بطارية داخليةماركة WADFOW;15.04;https://hawarastore.com/wp-content/uploads/2025/05/WJC1504-1.png;yes
WJC1520;قصاصة عشب + سور بطارية 20 فولت بدون( بطارية و شاحن ) WADFOW;23.76;https://hawarastore.com/wp-content/uploads/2025/08/WJC1520.png;yes
WJC2401;بكرة لطاشة مع الخيط موديل 401 معدن WADFOW;2.72;https://hawarastore.com/wp-content/uploads/2025/08/WJC2401.png;yes
WJC2402;بكرة لطاشة مع الخيط موديل 402 WADFOW;2.43;https://hawarastore.com/wp-content/uploads/2025/08/WJC2402.png;yes
WJC2403;بكرة لطاشة مع الخيط موديل 403 معدن WADFOW;3.64;https://hawarastore.com/wp-content/uploads/2025/08/WJC2403.png;yes
WJC2404;بكرة لطاشة مع الخيط موديل 404 معدن WADFOW;3.99;https://hawarastore.com/wp-content/uploads/2025/08/WJC2404.png;yes
WJC3425;بكرة لطاشة جنزير WADFOW;6.02;https://hawarastore.com/wp-content/uploads/2025/08/WJC3425.png;yes
WJD0371;طقم 2 علبة ريش مخروطية + رؤوس شد متعددة ماركة WADFOW;16.2;https://hawarastore.com/wp-content/uploads/2025/05/WJD0371-1.png;yes
WJD10201;ريشة مخروطية 1/4 انش 10-20 مم على كرت WADFOW;3.34;https://hawarastore.com/wp-content/uploads/2025/08/WJD10201.png;yes
WJD12501;ريشة مخروطية 1/4 انش 4-12 مم خطوة 2 مم على كرت WADFOW;1.64;https://hawarastore.com/wp-content/uploads/2025/08/WJD12501.png;yes
WJD12901;ريشة مخروطية 1/4 انش 4-12 مم خطوة 1 مم على كرت WADFOW;1.82;https://hawarastore.com/wp-content/uploads/2025/08/WJD12901.png;yes
WJD1401;ريشة مخروطية 4 - 12 مم WADFOW;1.64;https://hawarastore.com/wp-content/uploads/2025/08/WJD1401.png;yes
WJD1402;ريشة مخروطية 4 - 20 مم WADFOW;2.46;https://hawarastore.com/wp-content/uploads/2025/08/WJD1402.png;yes
WJD1403;ريشة مخروطية 4 - 32 مم WADFOW;5.11;https://hawarastore.com/wp-content/uploads/2025/05/WJD1403-1.png;yes
WJD1404;ريشة مخروطية 10-20 مم على كرت WADFOW;3.27;https://hawarastore.com/wp-content/uploads/2025/09/WJD1404.png;yes
WJD1405;ريشة مخروطية 10-45 مم على كرت WADFOW;10.89;https://hawarastore.com/wp-content/uploads/2025/09/WJD1405.png;yes
WJD1406;ريشة مخروطية 6-35 مم على كرت WADFOW;5.25;https://hawarastore.com/wp-content/uploads/2025/09/WJD1406.png;yes
WJD1407;ريشة مخروطية 6-38 مم على كرت WADFOW;7.64;https://hawarastore.com/wp-content/uploads/2025/09/WJD1407.png;yes
WJD14201;ريشة مخروطية 1/4 انش 4-20 مم على كرت WADFOW;2.46;https://hawarastore.com/wp-content/uploads/2025/08/WJD14201.png;yes
WJD18601;ريشة مخروطية 1/4 انش 6-18 مم على كرت WADFOW;2.25;https://hawarastore.com/wp-content/uploads/2025/09/WJD18601.png;yes
WJD3401;مجموعة ريش مخروطية 3 قطع (4-12 )+(4-20)+(4-32) مم على كرت WADFOW;8.32;;no
WJD3404;مجموعة ريش مخروطية 4 قطع علبة بلاستيك WADFOW;11.16;;no
WJD3405;مجموعة ريش مخروطية 5 قطع علبة بلاستيك WADFOW;13.34;;no
WJD3406;مجموعة ريش مخروطية 6 قطع علبة بلاستيك WADFOW;11.37;;no
WJD3606;مجموعة ريش مخروطية 3 قطع (3-12 )+(4-12)+(4-20) مم على كرت WADFOW;5.6;https://hawarastore.com/wp-content/uploads/2025/08/WJD3606.png;yes
WJDS3502511;علبة براغي 3.5 ×25 مم لزوم جبسمبورد لل خشب عدد 250 برغي TOTAL;2.53;https://hawarastore.com/wp-content/uploads/2024/05/WJDS3503211-2.png;yes
WJDS3502521;علبة براغي 3.5 × 25 مم لزوم جبسمبورد لل معدن عدد 250 برغي TOTAL;2.49;https://hawarastore.com/wp-content/uploads/2025/08/WJDS3502521-1.png;no
WJDS3502524;برغي مصالب فليبس 3.5 × 25 مم ضمن علبة كرتون عدد 12000 برغي ماركة TOTAL;44.64;https://hawarastore.com/wp-content/uploads/2024/05/WJDS3502524.png;no
WJDS3503211;علبة براغي 3.5 × 32 مم لزوم جبسمبورد للخشب عدد 200 برغي TOTAL;2.53;https://hawarastore.com/wp-content/uploads/2024/05/WJDS3503211.png;no
WJDS3503221;علبة براغي 3.5 × 32 مم لزوم جبسمبورد للمعدن عدد 200 برغي TOTAL;2.49;https://hawarastore.com/wp-content/uploads/2024/05/WJDS3503221.png;no
WJDS3503524;برغي مصالب فليبس 3.5 × 35 مم ضمن علبة كرتون عدد 9000 برغي ماركة TOTAL;41.85;https://hawarastore.com/wp-content/uploads/2024/05/WJDS3503524.png;yes
WJDS3503811;علبة براغي 3.5 × 38 مم عدد لزوم جبسمبورد للخشب 150 برغي TOTAL;2.35;https://hawarastore.com/wp-content/uploads/2024/05/WJDS3503811.png;no
WJDS3503821;علبة براغي 3.5 × 38 مم لزوم جبسمبورد للمعدن عدد 150 برغي TOTAL;2.35;https://hawarastore.com/wp-content/uploads/2025/08/WJDS3503821-1.png;no
WJDS4205111;علبة براغي 4.2× 51 مم لزوم جبسمبورد للخشب عدد 120 برغي TOTAL;2.77;https://hawarastore.com/wp-content/uploads/2024/05/WJDS4205111.png;yes
WJDS4205121;علبة براغي 4.2× 51 مم لزوم جبسمبورد للمعدن عدد 120 برغي TOTAL;2.91;https://hawarastore.com/wp-content/uploads/2025/08/WJDS4205121-1.png;no
WJDS4206311;علبة براغي 4.2× 63 مم لزوم جبسمبورد للخشب عدد 100 برغي TOTAL;2.77;https://hawarastore.com/wp-content/uploads/2024/05/WJDS4206311.png;yes
WJDS4206321;علبة براغي 4.2× 63 مم لزوم جبسمبورد للمعدن عدد 100 برغي TOTAL;2.91;https://hawarastore.com/wp-content/uploads/2025/08/WJDS4206321-1.png;yes
WJFP1504;مقص كساح بطارية 4 فولت بطارية داخلية اقصى قطع 10 مم ماركة WADFOW;22.01;https://hawarastore.com/wp-content/uploads/2025/05/WJFP1504-1.png;yes
WJFP25082;مقص كساح 16 فولت قطع 25-0 مم مع بطاريتيبن 2 امبير وشاحن WADFOW;64.52;https://hawarastore.com/wp-content/uploads/2025/09/WJFP25082.png;yes
WJFP525;مقص كساح بطارية 20 فولت 0-25 مم بدون بطارية وشاحن WADFOW;47.16;https://hawarastore.com/wp-content/uploads/2025/05/WJFP525.png;yes
WJG1401;راس كاسة حفر معدن 3/8 من 14 مم الى 30 مم WADFOW;0;;no
WJG2401;حامل كاس SDS PLUS طول 35 سم ( 8 × 110 ) WADFOW;3.04;;no
WJH1416;سيف منشار شجر كهربائي 2200 واط 16 انش WADFOW;7.13;https://hawarastore.com/wp-content/uploads/2025/08/WJH1416.png;yes
WJH1418;سيف منشار شجر بنزين 18 انش ماركة WADFOW;7.26;https://hawarastore.com/wp-content/uploads/2025/08/WJH1418.png;yes
WJHA0605511;اسفيل مع برغي معدن مطلي بالزنك 6 ملم طول 55مم حمل 1000 كغ قطر 11.5 مم طول 45 مم ( 25 قطعة ) TOTAL;7.86;https://hawarastore.com/wp-content/uploads/2025/08/WJHA0605511-1.png;yes
WJHA0606021;اسفيل معدن 4 قطع قطر 6 M عدد 24 TOTAL;6.2;https://hawarastore.com/wp-content/uploads/2025/08/WJHA0606021-1.png;yes
WJHA0607531;اسفيل طول 7.5سم مع علاقة طول 4سم معدن مطلي بالزنك 6 ملم قطر 10 مم ( 16 قطعة ) TOTAL;6.2;https://hawarastore.com/wp-content/uploads/2025/08/WJHA0607531-1.png;yes
WJHA0806511;اسفيل مع برغي معدن مطلي بالزنك 8 ملم طول 65مم حمل 1200 كغ قطر 13.5 مم طول 52 مم ( 15 قطعة ) TOTAL;7.06;https://hawarastore.com/wp-content/uploads/2025/08/WJHA0806511-1.png;yes
WJHA0807521;اسفيل معدن 4 قطع قطر 8 M عدد 12 TOTAL;5.4;https://hawarastore.com/wp-content/uploads/2025/08/WJHA0807521-1.png;yes
WJHA0809531;اسفيل طول 5سم مع علاقة طول اجمالي 9.5سم معدن مطلي بالزنك 8 ملم ( 4 قطعة ) TOTAL;5.4;https://hawarastore.com/wp-content/uploads/2025/08/WJHA0809531-1.png;yes
WJK1D31;"طقم حدايه بواري صحية ,1/2"",3/4"",1"", علبة بلاستيك ماركة WADFOW";31.3;https://hawarastore.com/wp-content/uploads/2026/02/WJK1D31.png;yes
WJK1D61;"طقم حدايه بواري صحية 1/4"",3/8"",1/2"",3/4"",1"",1 1/4"" ضمن علبة بلاستيك ماركة WADFOW";42.01;https://hawarastore.com/wp-content/uploads/2025/08/WJK1D61.png;yes
WJK1D91;"طقم حدايه بواري صحية 1/4"",3/8"",1/2"",3/4"",1"",1 1/4 "".11/2 .2 ضمن علبة بلاستيك ماركة WADFOW";74.09;;no
WJKT100L;جاكيت مطري مع قبعة قياس L ماركة WADFOW;13.27;https://hawarastore.com/wp-content/uploads/2025/10/WJKT100L.jpg;yes
WJKT10XL;جاكيت مطري مع قبعة قياس XL ماركة WADFOW;13.27;https://hawarastore.com/wp-content/uploads/2025/10/WJKT10XL.png;yes
WJKT1XXL;جاكيت مطري مع قبعة قياس XXL ماركة WADFOW;13.27;https://hawarastore.com/wp-content/uploads/2025/10/WJKT1XXL.png;yes
WJL2331;دولاب برتقالي حمل 100 كغ قياس 3 انش ثابت WADFOW;1.4;https://hawarastore.com/wp-content/uploads/2025/05/WJL2331-1.png;yes
WJL2332;دولاب برتقالي حمل 100 كغ قياس 3 انش متحرك بدون قفل WADFOW;1.62;https://hawarastore.com/wp-content/uploads/2025/05/WJL2332-1.png;yes
WJL2333;دولاب برتقالي حمل 100 كغ قياس 3 انش متحرك مع قفل WADFOW;2.02;https://hawarastore.com/wp-content/uploads/2025/05/WJL2333-1.png;yes
WJL2341;دولاب برتقالي حمل 130 كغ قياس 4 انش ثابت WADFOW;1.7;https://hawarastore.com/wp-content/uploads/2025/05/WJL2341-1.png;yes
WJL2342;دولاب برتقالي حمل 130 كغ قياس 4 انش متحرك بدون قفل WADFOW;1.93;https://hawarastore.com/wp-content/uploads/2025/05/WJL2342-1.png;yes
WJL2343;دولاب برتقالي حمل 130 كغ قياس 4 انش متحرك مع قفل WADFOW;2.38;https://hawarastore.com/wp-content/uploads/2025/08/WJL2343.png;yes
WJL2351;دولاب برتقالي حمل 150 كغ قياس 5 انش ثابت WADFOW;2.06;https://hawarastore.com/wp-content/uploads/2025/08/WJL2351.png;yes
WJL2352;دولاب برتقالي حمل 150 كغ قياس 5 انش متحرك بدون قفل WADFOW;2.3;https://hawarastore.com/wp-content/uploads/2025/08/WJL2352.png;yes
WJL2353;دولاب برتقالي حمل 150 كغ قياس5 انش متحرك مع قفل WADFOW;2.75;https://hawarastore.com/wp-content/uploads/2025/08/WJL2353.png;yes
WJL3331;دولاب اسود كوشوك ثابت حمل 40 كغ قياس 3 انش ماركة WADFOW;0.9;https://hawarastore.com/wp-content/uploads/2025/08/WJL3331.png;yes
WJL3332;دولاب اسود كوشوك حمل 40 كغ قياس 3 انش متحرك بدون قفل ماركة WADFOW;1.1;https://hawarastore.com/wp-content/uploads/2025/08/WJL3332.png;yes
WJL3333;دولاب اسود كوشوك حمل 40 كغ مع قفل قياس 3 انش متحرك مع قفل ماركة WADFOW;1.51;https://hawarastore.com/wp-content/uploads/2025/08/WJL3333.png;yes
WJL3341;دولاب اسود كوشوك ثابت حمل 70 كغ قياس 4 انش ماركة WADFOW;1.54;https://hawarastore.com/wp-content/uploads/2025/08/WJL3341.png;yes
WJL3342;دولاب اسود كوشوك حمل 70 كغ قياس 4 انش متحرك بدون قفل ماركة WADFOW;1.74;https://hawarastore.com/wp-content/uploads/2025/08/WJL3342.png;yes
WJL3343;دولاب اسود كوشوك حمل 70 كغ 4 انش 100 مم متحرك مع قفل ماركة WADFOW;2.26;https://hawarastore.com/wp-content/uploads/2025/05/WJL3343-1.png;yes
WJL3351;دولاب اسود كوشوك ثابت حمل 100 كغ قياس 5 انش ماركة WADFOW;1.79;https://hawarastore.com/wp-content/uploads/2025/05/WJL3351-1.png;yes
WJL3352;دولاب اسود كوشوك حمل 100 كغ 5 انش متحرك بدون قفل ماركة WADFOW;1.99;https://hawarastore.com/wp-content/uploads/2025/05/WJL3352.png;yes
WJL3353;دولاب اسود كوشوك حمل 100 كغ قياس 5 انش متحرك مع قفل ماركة WADFOW;2.49;https://hawarastore.com/wp-content/uploads/2025/05/WJL3353-1.png;yes
WJL3361;دولاب اسود كوشوك ثابت حمل 150 كغ 6 انش ماركة WADFOW;4.73;https://hawarastore.com/wp-content/uploads/2025/05/WJL3361-1.png;yes
WJL3362;دولاب اسود كوشوك حمل 150 كغ 6 انش متحرك بدون قفل ماركة WADFOW;5.15;https://hawarastore.com/wp-content/uploads/2025/08/WJL3362.png;yes
WJL3363;دولاب اسود كوشوك حمل 150 كغ 6 انش متحرك مع قفل ماركة WADFOW;5.64;https://hawarastore.com/wp-content/uploads/2025/08/WJL3363.png;yes
WJL3381;دولاب اسود كوشوك ثابت حمل 230 كغ 8 انش ماركة WADFOW;5.15;https://hawarastore.com/wp-content/uploads/2025/08/WJL3381.png;yes
WJL3382;دولاب اسود كوشوك حمل 230 كغ 8 انش متحرك بدون قفل ماركة WADFOW;5.64;https://hawarastore.com/wp-content/uploads/2025/08/WJL3382.png;yes
WJL3383;دولاب اسود كوشوك حمل 230 كغ 8 انش متحرك مع قفل ماركة WADFOW;6.39;https://hawarastore.com/wp-content/uploads/2025/08/WJL3383.png;yes
WJL5332;دولاب ابيض حمل 80 كغ قياس 3 انش متحرك بدون قفل ماركة WADFOW;1.17;;no
WJL5333;دولاب ابيض حمل 80 كغ قياس 3 انش متحرك مع قفل ماركة WADFOW;1.6;;no
WJL6143;دولاب بلاستيك 1.5 انش حمل 30 كغ قاعدة مع فرام WADFOW;0.34;https://hawarastore.com/wp-content/uploads/2025/08/WJL6143.png;yes
WJL6152;دولاب بلاستيك 2 انش حمل 40 كغ قاعدة بدون فرام WADFOW;0.34;https://hawarastore.com/wp-content/uploads/2025/08/WJL6152.png;yes
WJL6153;دولاب بلاستيك 2 انش حمل 40 كغ قاعدة مع فرام WADFOW;0.39;https://hawarastore.com/wp-content/uploads/2025/08/WJL6153.png;yes
WJL6242;دولاب بلاستيك 1.5 انش حمل 30 كغ برغي 10 مم بدون فرام WADFOW;0.31;https://hawarastore.com/wp-content/uploads/2025/08/WJL6242.png;yes
WJL6243;دولاب بلاستيك 1.5 انش حمل 30 كغ برغي 10 مم مع فرام WADFOW;0.34;https://hawarastore.com/wp-content/uploads/2025/08/WJL6243.png;yes
WJL6252;دولاب بلاستيك 2 انش حمل 40 كغ برغي 10 مم بدون فرام WADFOW;0.34;https://hawarastore.com/wp-content/uploads/2025/09/WJL6252.png;yes
WJL6253;دولاب بلاستيك 2 انش حمل 40 كغ برغي 10 مم مع فرام WADFOW;0.39;https://hawarastore.com/wp-content/uploads/2025/09/WJL6253-1.png;yes
WJL6342;دولاب بلاستيك 1.5 انش حمل 30 كغ كبس برغي 8 مم بدون فرام WADFOW;0.31;https://hawarastore.com/wp-content/uploads/2025/09/WJL6342.png;yes
WJL6343;دولاب بلاستيك 1.5 انش حمل 30 كغ كبس برغي 8 مم مع فرام WADFOW;0.34;https://hawarastore.com/wp-content/uploads/2025/09/WJL6343.png;yes
WJL6352;دولاب بلاستيك 2 انش حمل 40 كغ كبس برغي 8 مم بدون فرام WADFOW;0.34;https://hawarastore.com/wp-content/uploads/2025/09/WJL6352.png;yes
WJL6353;دولاب بلاستيك 2 انش حمل 40 كغ كبس برغي 8 مم مع فرام WADFOW;0.39;https://hawarastore.com/wp-content/uploads/2025/08/WJL6353.png;yes
WJL7401;دولاب احمر ثابت حمل 250 كغ قياس 4 انش WADFOW;7.37;https://hawarastore.com/wp-content/uploads/2025/09/WJL7401.png;yes
WJL7402;دولاب احمر متحرك بدون قفل حمل 250 كغ قياس 4 انش WADFOW;7.84;https://hawarastore.com/wp-content/uploads/2025/09/WJL7402.png;yes
WJL7403;دولاب احمر متحرك مع قفل حمل 250 كغ قياس 4 انش WADFOW;9.77;https://hawarastore.com/wp-content/uploads/2025/09/WJL7403.png;yes
WJL7501;دولاب احمر ثابت حمل 300 كغ قياس 5 انش WADFOW;8.57;https://hawarastore.com/wp-content/uploads/2025/09/WJL7501.png;yes
WJL7502;دولاب احمر متحرك بدون قفل حمل 300 كغ قياس 5 انش WADFOW;9.06;https://hawarastore.com/wp-content/uploads/2025/09/WJL7502.png;yes
WJL7503;دولاب احمر متحرك مع قفل حمل 300 كغ قياس 5 انش WADFOW;10.99;https://hawarastore.com/wp-content/uploads/2025/09/WJL7503.png;yes
WJL7601;دولاب احمر ثابت حمل 350 كغ قياس 5 انش WADFOW;10.5;https://hawarastore.com/wp-content/uploads/2025/09/WJL7601.png;yes
WJL7602;دولاب احمر متحرك بدون قفل حمل 350 كغ قياس 5 انش WADFOW;10.99;https://hawarastore.com/wp-content/uploads/2025/09/WJL7602.png;yes
WJL7603;دولاب احمر متحرك مع قفل حمل 350 كغ قياس 5 انش WADFOW;12.92;https://hawarastore.com/wp-content/uploads/2025/09/WJL7603.png;yes
WJL8401;دولاب ابيض ثابت 220 كغ قياس 4 انش مادة بولي بروبلين WADFOW;4.71;https://hawarastore.com/wp-content/uploads/2025/09/WJL8401.png;yes
WJL8402;دولاب ابيض متحرك 220 كغ قياس 4 انش مادة بولي بروبلين WADFOW;5.2;https://hawarastore.com/wp-content/uploads/2025/09/WJL8402.png;yes
WJL8403;دولاب ابيض حمل 220 كغ قياس 4 انش مادة بولي بروبلين متحرك مع قفل WADFOW;7.13;https://hawarastore.com/wp-content/uploads/2025/09/WJL8403.png;yes
WJL8501;دولاب ابيض ثابت 260 كغ قياس 5 انش مادة بولي بروبلين WADFOW;5.91;https://hawarastore.com/wp-content/uploads/2025/09/WJL8501.png;yes
WJL8502;دولاب ابيض متحرك 260 كغ قياس 5 انش مادة بولي بروبلين WADFOW;6.4;https://hawarastore.com/wp-content/uploads/2025/09/WJL8502.png;yes
WJL8503;دولاب ابيض متحرك مع قفل 260 كغ مع قفل قياس 5 انش مادة بولي بروبلين WADFOW;8.33;https://hawarastore.com/wp-content/uploads/2025/09/WJL8503.png;yes
WJL8601;دولاب ابيض ثابت 300 كغ قياس 6 انش مادة بولي بروبلين WADFOW;6.89;https://hawarastore.com/wp-content/uploads/2025/09/WJL8601.png;yes
WJL8602;دولاب ابيض متحرك 300 كغ قياس 6 انش مادة بولي بروبلين WADFOW;7.37;https://hawarastore.com/wp-content/uploads/2025/09/WJL8602-1.png;yes
WJL8603;دولاب ابيض متحرك مع قفل 300 كغ قياس 6 انش مادة بولي بروبلين WADFOW;9.31;https://hawarastore.com/wp-content/uploads/2025/09/WJL8603.png;yes
WJLS9304;طقم دولاب 4 قطع 3 انش 75 مم 100 كغ ماركة WADFOW;6.44;;no
WJLS9404;طقم دولاب 4 قطع 4 انش 130 كغ WADFOW;7.31;https://hawarastore.com/wp-content/uploads/2025/09/WJLS9404-1.jpeg;yes
WJNAK3505012;اسفيل بلاستيك 40*6 مم مع برغي 3.5 *50 مم ( 20 قطع ) TOTAL;0.99;https://hawarastore.com/wp-content/uploads/2024/05/WJNAK5009012-1.png;yes
WJNAK3507012;اسفيل بلاستيك 6*60مم مع برغي 3.5*70 مم ( 15 قطع ) TOTAL;0.99;https://hawarastore.com/wp-content/uploads/2024/05/WJNAK3507012.png;yes
WJNAK5007012;اسفيل بلاستيك 8*60 مم مع برغي 5*70 مم ( 10 قطع ) TOTAL;1.07;https://hawarastore.com/wp-content/uploads/2024/05/WJNAK5007012.png;yes
WJNAK5009012;اسفيل بلاستيك 8*80مم مع برغي 5*90 مم ( 10 قطع ) TOTAL;1.05;https://hawarastore.com/wp-content/uploads/2024/05/WJNAK5009012.png;yes
WJPS3501911;علبة براغي مصالب فليبس عدد 250 قطعة 3.5 × 19 مم TOTAL;2.83;https://hawarastore.com/wp-content/uploads/2024/05/WJPS3501911.png;yes
WJPS4201921;علبة براغي مصالب فليبس عدد 200 قطعة 4.2 × 19 مم TOTAL;2.93;https://hawarastore.com/wp-content/uploads/2025/08/WJPS4201921-1.png;no
WJPS4202511;علبة براغي مصالب فليبس عدد 180 قطعة 4.2 × 25 مم TOTAL;3.06;;no
WJPS4202521;علبة براغي مصالب فليبس عدد 150 قطعة 4.2 × 25 مم TOTAL;2.93;https://hawarastore.com/wp-content/uploads/2025/08/WJPS4202521-1.png;no
WJPS4803811;علبة براغي مصالب فليبس عدد 100 قطعة 4.8 × 38 مم TOTAL;3.05;https://hawarastore.com/wp-content/uploads/2024/05/WJPS3501911.png;yes
WJRT3200811;300 قطعة تبشيم 3.2 × 8 مم TOTAL;3.09;https://hawarastore.com/wp-content/uploads/2025/08/WJRT3200811-1.png;yes
WJRT3201011;300 قطعة تبشيم 3.2 × 10 مم TOTAL;3.24;https://hawarastore.com/wp-content/uploads/2025/08/WJRT3201011-1.png;yes
WJRT4001011;200 قطعة تبشيم 4 × 10 مم TOTAL;3.09;https://hawarastore.com/wp-content/uploads/2025/08/WJRT4001011-1.png;no
WJRT4001211;180 قطعة تبشيم 4 × 12 مم TOTAL;3.24;https://hawarastore.com/wp-content/uploads/2025/08/WJRT4001211-1.png;no
WJRT4801211;100 قطعة تبشيم 4.8 × 12 مم TOTAL;2.32;https://hawarastore.com/wp-content/uploads/2025/08/WJRT4801211-1.png;yes
WJRT4801611;100 قطعة تبشيم 4.8 × 16 مم TOTAL;2.61;https://hawarastore.com/wp-content/uploads/2025/08/WJRT4801611-1.png;yes
WJS15401;خراقة 400 واط مع نصلة ماركة WADFOW;18.42;;no
WJS15571;خراقة خشب + حديد 570 واط مع نصلات WADFOW;22.13;https://hawarastore.com/wp-content/uploads/2025/08/WJS15571.png;yes
WJSP0603011;اسفيل بلاستيك 6× 30 مم عدد 200 TOTAL;2.4;https://hawarastore.com/wp-content/uploads/2025/08/WJSP0603011-1.png;yes
WJSP0804011;اسفيل بلاستيك 8 × 40 مم عدد 80 TOTAL;2.4;https://hawarastore.com/wp-content/uploads/2025/08/WJSP0804011-1.png;yes
WJSP1005011;اسفيل بلاستيك 10 × 50 مم عدد 40 TOTAL;1.93;https://hawarastore.com/wp-content/uploads/2025/08/WJSP1005011-1.png;yes
WJSPK4504512;برغي 4 مم طول 40 مم مصالب مع اسفيل 15 قطعة TOTAL;0.66;https://hawarastore.com/wp-content/uploads/2025/08/WJSPK4504512-1.png;yes
WJSPK5005512;برغي 5 مم طول 50 مم مصالب مع اسفيل 10 قطعة TOTAL;0.84;https://hawarastore.com/wp-content/uploads/2025/08/WJSPK5005512-1.png;yes
WJSPK5012;اسفيل بلاستيك 8×40مم برغي 5 مم مع علاقة مفتوحة (6 قطع ) TOTAL;0.87;https://hawarastore.com/wp-content/uploads/2024/10/WJSPK5012.png;yes
WJSPK5022;اسفيل بلاستيك 8×40مم برغي 5 مم مع علاقة مغلقة (6 قطع ) TOTAL;0.85;https://hawarastore.com/wp-content/uploads/2024/10/WJSPK5022.png;yes
WJSPK5032;اسفيل بلاستيك مع برغي حرف L قياس 8×40مم البرغي 5 مم (6 قطع ) TOTAL;0.87;https://hawarastore.com/wp-content/uploads/2024/10/WJSPK5032.png;yes
WJSPK7006512;اسفيل بلاستيك 10×50مم مع برغي 6.5×65مم (5 قطع ) TOTAL;0.78;https://hawarastore.com/wp-content/uploads/2024/10/WJSPK7006512.png;yes
WJSS4202511;علبة براغي ثقب ذاتي عدد 150 قطعة 4.2 × 25 مم TOTAL;3.27;https://hawarastore.com/wp-content/uploads/2025/08/WJSS4202511-1.png;no
WJSS4203211;علبة براغي ثقب ذاتي عدد 120 قطعة 4.2 × 32 مم TOTAL;3.27;https://hawarastore.com/wp-content/uploads/2024/05/WJSS4203211.png;no
WJSS6302521;علبة براغي مسدس ثقب ذاتي عدد 50 قطعة 6.3 × 25 مم TOTAL;3.81;https://hawarastore.com/wp-content/uploads/2025/08/WJSS6302521-1.png;yes
WJSS6302522;ريشة كاسة حفر TOTAL;0;;no
WJT611D;نصلة منشار ترددي خشب 6 انش قطعتين WADFOW;0.65;;no
WJU1010;رنش كبل يدوي عزم 1 طن سماكة 4.8 مم طول 1.8 متر ماركة WADFOW;9.74;https://hawarastore.com/wp-content/uploads/2025/09/WJU1010.png;yes
WJWA0605511;اسفيل معدن مطلي بالزنك 6 ملم طول 55مم حمل 900 كغ ( 30 قطعة ) TOTAL;4.58;https://hawarastore.com/wp-content/uploads/2025/08/WJWA0605511-1.png;yes
WJWA0808011;اسفيل معدن مطلي بالزنك 8 ملم طول 80مم حمل 1300 كغ ( 15 قطعة ) TOTAL;4.32;https://hawarastore.com/wp-content/uploads/2025/08/WJWA0808011-1.png;yes
WJX1K01;بطارية 1.5 فولت 2 قطعة R20 من WADFOW;1.2;;no
WJX1K05;بطارية 1.5 فولت AA مجموعة 4 قطع WADFOW;0.51;https://hawarastore.com/wp-content/uploads/2025/08/WJX1K05.png;yes
WJX1K07;بطارية 1.5 فولت AAA مجموعة 4 قطع R20 من WADFOW;0.37;https://hawarastore.com/wp-content/uploads/2025/08/WJX1K07.png;yes
WJX1K09;بطارية 9 فولت 6F22 ماركة WADFOW;0.42;https://hawarastore.com/wp-content/uploads/2025/05/WJX1K09-1.png;yes
WJX2K05;طقم اربع بطاريات 1.5 فولت AA قياس 2900 ميلي امبير WADFOW;0.74;https://hawarastore.com/wp-content/uploads/2025/05/WJX2K05-1.png;yes
WJX2K07;طقم اربع بطاريات 1.5 فولت AAA قياس 1300 ميلي امبير WADFOW;0.62;https://hawarastore.com/wp-content/uploads/2025/05/WJX2K07-1.png;yes
WJX2K32;بطارية 3 فولت ( CR2032 ) مجموعة 5 قطع ماركة WADFOW;0.75;https://hawarastore.com/wp-content/uploads/2025/05/WJX2K32-1.png;yes
WJX2K44;بطارية 1.5 فولت ( LR44 ) ماركة WADFOW;0.45;https://hawarastore.com/wp-content/uploads/2025/05/WJX2K44-1.png;yes
WKB2A02;ماكينة ترصيص دواليب 5 مستويات 0.2 كيلو واط من 10 انش الى 24 انش ماركة WADFOW;796.82;;no
WKCR0102;تحويلة راس مثقب الى SDS ماركة WADFOW;0;;no
WKE1502;ميزان مطبخ الكتروني 10 كغ دقة 1 غرام ماركة WADFOW;1.87;;no
WKE2503;ميزان مطبخ الكتروني 5 كغ دقة 5 غرام ستانلس ستيل ماركة WADFOW;3.78;https://hawarastore.com/wp-content/uploads/2025/08/WKE2503.png;yes
WKE4506;ميزان مطبخ الكتروني 5 كغ دقة 5 غرام بللور ماركة WADFOW;4.19;https://hawarastore.com/wp-content/uploads/2025/08/WKE4506.png;yes
WKE5507;ميزان مطبخ الكتروني مع وعاء وزن 5 - 5000 غرام WADFOW;3.7;https://hawarastore.com/wp-content/uploads/2025/09/WKE5507.png;yes
WKE6501;ميزان مطبخ الكتروني 10كغ دقة 5 غرام ماركة WADFOW موديل حديث;1.65;https://hawarastore.com/wp-content/uploads/2026/02/WKE6501.png;yes
WKG1801;كف قماشي XL لاعمال التحميل WADFOW;0.27;https://hawarastore.com/wp-content/uploads/2025/05/WKG1801-1.png;yes
WKG2801;كف قماش XL من WADFOW;0.19;https://hawarastore.com/wp-content/uploads/2025/05/WKG2801-1.png;yes
WKH1B01;كور هواء ساخن 20 فولت درجة حرارة من 300 -500 + بطارية 3 امبير+ شاحن ضمن حقيبة بلاستيك ماركة WADFOW;42.07;https://hawarastore.com/wp-content/uploads/2025/08/WKH1B012.png;yes
WKH6B01;كومبو 2 قطعة كور هواء ساخن 2000 واط + كور هواء ساخن بطارية 20 فولت + بطارية 3 امبير عدد 2 + شاحن ضمن حقيبة بلاستيك WADFOW;77.34;https://hawarastore.com/wp-content/uploads/2025/05/WKH6B01-1.png;yes
WKJ14102;كاسة حفر معدن + خشب قياس 102 مم ماركة WADFOW;5.41;https://hawarastore.com/wp-content/uploads/2025/05/WKJ14102-1.png;yes
WKJ14114;كاسة حفر معدن + خشب قياس 114 مم 4.5 انش ماركة WADFOW;6.15;https://hawarastore.com/wp-content/uploads/2025/05/WKJ14114-1.png;yes
WKJ14127;كاسة حفر معدن + خشب قياس127 مم 5 انش ماركة WADFOW;6.78;https://hawarastore.com/wp-content/uploads/2025/05/WKJ14127-1.png;yes
WKJ14140;كاسة حفر معدن + خشب قياس 140 مم ماركة WADFOW;7.41;https://hawarastore.com/wp-content/uploads/2025/05/WKJ14140-1.png;yes
WKJ14146;كاسة حفر معدن + خشب قياس 146 مم ماركة WADFOW;8;https://hawarastore.com/wp-content/uploads/2025/05/WKJ14146-1.png;yes
WKJ14152;كاسة حفر معدن + خشب قياس 152 مم ماركة WADFOW;8.38;https://hawarastore.com/wp-content/uploads/2025/05/WKJ14152-1.png;yes
WKJ1416;كاسة حفر معدن + خشب قياس 16 مم ماركة WADFOW;1.02;https://hawarastore.com/wp-content/uploads/2025/05/WKJ1416-1.png;yes
WKJ1419;كاسة حفر معدن + خشب قياس 19 مم ماركة WADFOW;1.15;https://hawarastore.com/wp-content/uploads/2025/05/WKJ1419-1.png;yes
WKJ1422;كاسة حفر معدن + خشب قياس 22 مم ماركة WADFOW;1.3;https://hawarastore.com/wp-content/uploads/2025/05/WKJ1422-1.png;yes
WKJ1425;كاسة حفر معدن + خشب قياس 25 مم ماركة WADFOW;1.47;https://hawarastore.com/wp-content/uploads/2025/05/WKJ1425-1.png;yes
WKJ1429;كاسة حفر معدن + خشب قياس 29 مم ماركة WADFOW;1.69;https://hawarastore.com/wp-content/uploads/2025/08/WKJ1429.png;yes
WKJ1432;كاسة حفر معدن + خشب قياس 32 مم ماركة WADFOW;1.79;https://hawarastore.com/wp-content/uploads/2025/08/WKJ1432.png;yes
WKJ1435;كاسة حفر معدن + خشب قياس 35 مم ماركة WADFOW;2.01;https://hawarastore.com/wp-content/uploads/2025/08/WKJ1435.png;yes
WKJ1438;كاسة حفر معدن + خشب قياس 38 مم ماركة WADFOW;2.1;https://hawarastore.com/wp-content/uploads/2025/08/WKJ1438.png;yes
WKJ1444;كاسة حفر معدن + خشب قياس 44 مم ماركة WADFOW;2.34;https://hawarastore.com/wp-content/uploads/2025/08/WKJ1444.png;yes
WKJ1446;كاسة حفر معدن + خشب قياس 46 مم ماركة WADFOW;2.42;https://hawarastore.com/wp-content/uploads/2025/08/WKJ1446.png;yes
WKJ1451;كاسة حفر معدن + خشب قياس 51 مم ماركة WADFOW;2.7;https://hawarastore.com/wp-content/uploads/2025/08/WKJ1451.png;yes
WKJ1457;كاسة حفر معدن + خشب قياس 57 مم ماركة WADFOW;2.98;https://hawarastore.com/wp-content/uploads/2025/08/WKJ1457.png;yes
WKJ1464;كاسة حفر معدن + خشب قياس 64 مم ماركة WADFOW;3.34;https://hawarastore.com/wp-content/uploads/2025/08/WKJ1464.png;yes
WKJ1468;كاسة حفر معدن + خشب قياس 68 مم ماركة WADFOW;3.56;https://hawarastore.com/wp-content/uploads/2025/05/WKJ1468-1.png;yes
WKJ1476;كاسة حفر معدن + خشب قياس 76 مم ماركة WADFOW;3.92;https://hawarastore.com/wp-content/uploads/2025/05/WKJ1476-1.png;yes
WKJ5K06;ريشة كور الماس 6 مم 1/4 انش للسيراميك والغرانيت WADFOW;3.16;https://hawarastore.com/wp-content/uploads/2025/08/WKJ5K06.png;yes
WKJ5K08;ريشة كور الماس 8 مم 1/4 انش للسيراميك والغرانيت WADFOW;3.16;https://hawarastore.com/wp-content/uploads/2025/08/WKJ5K08.png;yes
WKJ5K10;ريشة كور الماس 10 مم 1/4 انش للسيراميك والغرانيت WADFOW;3.16;https://hawarastore.com/wp-content/uploads/2025/08/WKJ5K10.png;yes
WKJ5K12;ريشة كور الماس 12 مم 1/4 انش للسيراميك والغرانيت WADFOW;3.16;https://hawarastore.com/wp-content/uploads/2025/08/WKJ5K12.png;yes
WKJ5K14;ريشة كور الماس 14 مم 1/4 انش للسيراميك والغرانيت WADFOW;3.34;https://hawarastore.com/wp-content/uploads/2025/08/WKJ5K14.png;yes
WKJ5K16;ريشة كور الماس 16 مم 1/4 انش للسيراميك والغرانيت WADFOW;3.54;https://hawarastore.com/wp-content/uploads/2025/08/WKJ5K16.png;yes
WKJ6B20;ريشة حفر الماس 20 مم ماركة WADFOW;1.85;https://hawarastore.com/wp-content/uploads/2026/02/WKJ6B20.png;yes
WKJ6B22;ريشة حفر الماس 22 مم ستانلس ستيل ماركة WADFOW;2.03;;no
WKJ6B25;ريشة حفر الماس 25 مم ستانلس ستيل ماركة WADFOW;2.32;;no
WKJ6B27;ريشة حفر الماس 27 مم ستانلس ستيل ماركة WADFOW;2.51;https://hawarastore.com/wp-content/uploads/2026/02/WKJ6B27.png;yes
WKJ6B28;ريشة حفر الماس 28 مم ستانلس ستيل ماركة WADFOW;2.59;https://hawarastore.com/wp-content/uploads/2026/02/WKJ6B27-1.png;yes
WKJ6B32;ريشة حفر الماس 32 مم ستانلس ستيل ماركة WADFOW;2.97;https://hawarastore.com/wp-content/uploads/2026/02/WKJ6B32.png;yes
WKJ6B35;ريشة حفر الماس 35 مم ستانلس ستيل ماركة WADFOW;3.24;https://hawarastore.com/wp-content/uploads/2026/02/WKJ6B35.png;yes
WKJ7620;كاسة حفر زجاج +سيراميك +قرميد الماس 20 مم ماركة WADFOW;0.99;https://hawarastore.com/wp-content/uploads/2025/09/WKJ7620.png;yes
WKJ7622;كاسة حفر زجاج +سيراميك +قرميد الماس 22 مم ماركة WADFOW;1.08;https://hawarastore.com/wp-content/uploads/2025/05/WKJ7622-1.png;yes
WKJ7625;كاسة حفر زجاج +سيراميك +قرميد الماس 25 مم ماركة WADFOW;1.24;https://hawarastore.com/wp-content/uploads/2025/05/WKJ7625-1.png;yes
WKJ7627;كاسة حفر زجاج +سيراميك +قرميد الماس 27 مم ماركة WADFOW;1.34;https://hawarastore.com/wp-content/uploads/2025/05/WKJ7627-1.png;yes
WKJ7630;كاسة حفر زجاج +سيراميك +قرميد الماس 30 مم ماركة WADFOW;1.47;https://hawarastore.com/wp-content/uploads/2025/05/WKJ7630-1.png;yes
WKJ7632;كاسة حفر زجاج +سيراميك +قرميد الماس 32 مم ماركة WADFOW;1.58;https://hawarastore.com/wp-content/uploads/2025/05/WKJ7632-1.png;yes
WKJ7635;كاسة حفر زجاج +سيراميك +قرميد الماس 35 مم ماركة WADFOW;1.73;;no
WKJ7645;كاسة حفر زجاج +سيراميك +قرميد الماس 45 مم ماركة WADFOW;2.21;https://hawarastore.com/wp-content/uploads/2025/05/WKJ7645-1.png;yes
WKJ7650;كاسة حفر زجاج +سيراميك +قرميد الماس 50 مم ماركة WADFOW;2.47;https://hawarastore.com/wp-content/uploads/2025/05/WKJ7650-1.png;yes
WKJ7655;كاسة حفر زجاج +سيراميك +قرميد الماس 55 مم ماركة WADFOW;2.71;https://hawarastore.com/wp-content/uploads/2025/05/WKJ7655-1.png;yes
WKJ7665;كاسة حفر زجاج +سيراميك +قرميد الماس 65 مم ماركة WADFOW;3.23;https://hawarastore.com/wp-content/uploads/2025/09/WKJ7665.png;yes
WKK1135;سكين تقشير 3.5 انش 86 مم WADFOW;0.44;https://hawarastore.com/wp-content/uploads/2025/05/WKK1135.png;yes
WKK1154;سكين 5 انش 123 مم قبضة بلاستيك WADFOW;0.47;https://hawarastore.com/wp-content/uploads/2025/09/WKK1154.png;yes
WKK1170;سكين جزار 7 انش 171 مم قبضة بلاستيك WADFOW;0.64;https://hawarastore.com/wp-content/uploads/2025/09/WKK1170.png;yes
WKK1180;سكين جزار 8 انش 196 مم قبضة بلاستيك WADFOW;0.72;https://hawarastore.com/wp-content/uploads/2025/09/WKK1180.png;yes
WKK1181;سكين شيف 8 انش 196 مم قبضة بلاستيك WADFOW;0.76;https://hawarastore.com/wp-content/uploads/2025/09/WKK1181.png;yes
WKK1182;سكين 8 انش 196 مم تقطيع اللحم قبضة بلاستيك WADFOW;0.69;https://hawarastore.com/wp-content/uploads/2026/02/WKK1182.png;yes
WKK1183;سكين 8 انش 196مم تقطيع الخبز قبضة بلاستيك نصلة ستانلس ستيل 3CR14 WADFOW;0.72;https://hawarastore.com/wp-content/uploads/2025/09/WKK1183.png;yes
WKK1K31;طقم سكاكين مطبخ 3 قطع قبضة بلاستيك WADFOW;1.64;https://hawarastore.com/wp-content/uploads/2025/09/WKK1K31.png;yes
WKK1K51;طقم سكاكين مطبخ 5 قطع قبضة بلاستيك WADFOW;3.23;https://hawarastore.com/wp-content/uploads/2025/09/WKK1K51.png;yes
WKM1601;ممغنط مفك قوي ماركة WADFOW;0.52;https://hawarastore.com/wp-content/uploads/2025/05/WKM1601-1.png;yes
WKN1A41;مرش مبيدات على الظهر رذاذ على البنزين(عفارة كبريت ناشف ) قياس 14 ليتر ماركة WADFOW;82.66;https://hawarastore.com/wp-content/uploads/2025/05/WKN1A41-1.png;yes
WKN3A25;مرش مبيدات بنزين 0.75 كيلو واط 25.4CC سعة 25 ليتر WADFOW;109.13;https://hawarastore.com/wp-content/uploads/2025/09/WKN3A25.png;yes
WKP1101;حماية ركبة واجهة ( PVC ) من WADFOW;5.38;https://hawarastore.com/wp-content/uploads/2025/05/WKP1101-1.png;yes
WKP2102;حماية ركبة واجهة عادية WADFOW;2.65;;no
WKQ7616;فلاجة مواسير لغاية 15 مم ماركة WADFOW;4.41;https://hawarastore.com/wp-content/uploads/2025/05/WKQ7616-2.png;yes
WKR1G25;حمالة بلور مفردة ABS وزن 25 كغ ماركة WADFOW;1.62;https://hawarastore.com/wp-content/uploads/2025/05/WKR1G25-1.png;yes
WKR1G50;حمالة بلور ثنائية ABS وزن 50 كغ ماركة WADFOW;3.05;https://hawarastore.com/wp-content/uploads/2025/05/WKR1G50-1.png;yes
WKR1G75;حمالة بلور 75 كغ ثلاثية 115مم WADFOW;4.74;;no
WKS1520;مرش مبيدات ومطهرات يدوي 20 ليتر ماركة WADFOW;14.7;https://hawarastore.com/wp-content/uploads/2025/05/WKS1520-2.png;yes
WKX1101;اسلاك كليبس امبير طول 85 مم ماركة WADFOW;1.2;https://hawarastore.com/wp-content/uploads/2025/05/WKX1101-1.png;yes
WKX3101;اسلاك كليبس امبير 100 سم ماركة WADFOW;1.55;https://hawarastore.com/wp-content/uploads/2025/05/WKX3101-1.png;yes
WLAP5322;جلخ بطارية 20 فولت 4.5انش 950 واط BL + بطارية 4 امبير عدد 2 + شاحن ضمن حقيبة بلاستيك WADFOW;64.52;https://hawarastore.com/wp-content/uploads/2025/05/WLAP5322.png;yes
WLAP5421;جلخ بطارية 20 فولت 4.5 انش 850 واط BL + بطارية 4 امبير + شاحن WADFOW;39.64;https://hawarastore.com/wp-content/uploads/2025/09/WLAP5421.png;yes
WLAP571;جلخ زاوية 3 انش 90 درجة بطارية 20 فولت + بطارية 1.5 امبير + شاحن + اكسسوارات ضمن حقيبة بلاستيك ماركة WADFOW;30.75;https://hawarastore.com/wp-content/uploads/2025/05/WLAP571-1.png;yes
WLAPB522;جلخ بطارية 20 فولت 4.5 انش 1150 واط BL + بطارية 4 امبير عدد 2 + شاحن + احجار قص عدد 5 ضمن حقيبة بلاستيك WADFOW;72.82;https://hawarastore.com/wp-content/uploads/2025/06/WLAPB522.png;yes
WLAPM21;جلخ بطارية 20 فولت BL + بطارية 3 امبير + شاحن WADFOW;55.07;;no
WLBM520;بطارية 16 فولت اسطوانية 2 امبير WADFOW;9.53;;no
WLBP520;بطارية 20 فولت 2 امبير ماركة WADFOW;12.76;https://hawarastore.com/wp-content/uploads/2025/05/WLBP520-2.png;yes
WLBP530;بطارية 20 فولت 3 امبير ماركة WADFOW;0;;no
WLBP540;بطارية 20 فولت 4 امبير ماركة WADFOW;22.82;https://hawarastore.com/wp-content/uploads/2025/05/WLBP540-2.png;yes
WLBP550;بطارية 20 فولت 5 امبير ماركة WADFOW;28.96;https://hawarastore.com/wp-content/uploads/2025/05/WLBP550-2.png;yes
WLBS1501;حفافة قشاط بطارية 20 فولت سرعة 460 د/ د بدون بطارية وشاحن WADFOW;27.81;https://hawarastore.com/wp-content/uploads/2025/05/WLBS1501-1.png;yes
WLBS1520;حفافة دبابة بطارية 20 فولت بدون بطارية وشاحن ماركة WADFOW;41.68;https://hawarastore.com/wp-content/uploads/2026/02/WLBS1520.png;yes
WLBS5150;بطارية دائرية 12 فولت TYPE-C ماركة WADFOW;7.7;https://hawarastore.com/wp-content/uploads/2025/05/WLBS5150-2.png;yes
WLDK1401;طقم قطعتين شقلة خطين اخضر30 متر + متر ليزر احمر مجال 0.05-60 متر ماركة WADFOW;37.2;;no
WLDK3901;كومبو شقلة ليزر اخضر 5 خطوط 30 متر + متر ليزر 40 متر WADFOW;48.67;;no
WLDK3902;شقلة ليزر اخضر 12 فولت 12 خط + متر ليزر 60 متر + بطارية 1.5 امبير TYPE-C ضمن حقيبة قماشية WADFOW;93.8;https://hawarastore.com/wp-content/uploads/2025/09/WLDK3902.jpg;yes
WLDK4901;طقم بانسة كليبس امبير AC/DC استطاعة 600 امبير +متر ليزر 60 متر WADFOW;27.48;https://hawarastore.com/wp-content/uploads/2026/02/WLDK4901-2-scaled.png;yes
WLDK5903;مجموعة قياس 3 قطع شقلة خطين اخضر 30 متر+متر ليزر 100 متر+فاحص الكتروني ديجيتال 12-1000 فولت + بطاريات WADFOW;30.43;https://hawarastore.com/wp-content/uploads/2026/02/WLDK5903-878x1024.png;yes
WLDK5907;طقم 3 قطع متر 19 × 5 مم +متر ليزر احمر مجال 100- 0.05 متر + زيبق مغناطيس 10 سم على كرت WADFOW;17.39;https://hawarastore.com/wp-content/uploads/2026/03/WLDK5907-878x1024.png;yes
WLDK5910;مجموعة 3 قطع شقلة ليزر خطين 30 متر لون اخضر + مشرط معدن + متر كوشوك 5 متر عرض 19 على كرت بلاستيك WADFOW;22.12;https://hawarastore.com/wp-content/uploads/2026/03/WLDK5910-878x1024.png;yes
WLDK5918;مجموعة قياس 3 قطع شقلة ليزر خطين اخضر 30 متر + متر ليزر لون احمر 110 متر + قلم فحص 1000 فولت ماركة WADFOW;30.43;https://hawarastore.com/wp-content/uploads/2026/06/WLDK5918-878x1024.png;yes
WLE1M03;شقلة ليزر احمر خطين 15 متر WADFOW;20.6;https://hawarastore.com/wp-content/uploads/2025/09/WLE1M03.png;yes
WLE1M12;شقلة ليزر اخضر 12 خط 30 متر ضمن علبة قماشية WADFOW;87.51;https://hawarastore.com/wp-content/uploads/2025/05/WLE1M12-1.png;yes
WLE2M02;شقلة ليزر اخضر خطين 30 متر ماركة WADFOW;27.88;;no
WLE2M03;شقلة ليزر اخضر خطين 0-30 متر WADFOW حديث;25.93;https://hawarastore.com/wp-content/uploads/2025/05/WLE2M03-1.png;yes
WLE2M05;شقلة ليزر اخضر 5 خطوط 30 متر ماركة WADFOW;49.33;https://hawarastore.com/wp-content/uploads/2025/05/WLE2M05-1.png;yes
WLE8M12;شقلة ليزر اخضر 12 فولت 12 خط 30 متر ماركة WADFOW بطارية S12 TYPEC;91.14;https://hawarastore.com/wp-content/uploads/2025/05/WLE8M12-1.png;yes
WLE9301;حامل شقلة ليزر ارتفاع 1.1 متر WADFOW;10.85;https://hawarastore.com/wp-content/uploads/2025/05/WLE9301-1.png;yes
WLG0105;كف جلد لاعمال الحدائق 10.5 انش WADFOW;2.33;https://hawarastore.com/wp-content/uploads/2025/09/WLG0105.png;yes
WLG2100;كف جلد البقر XL للاستخدام اللحام و البستنة WADFOW;4.2;;no
WLG2114;كف لحام جلد طويل 14 انش WADFOW;4.49;https://hawarastore.com/wp-content/uploads/2025/09/WLG2114.png;yes
WLG3116;كف لحام طويل 16 انش WADFOW;6.21;https://hawarastore.com/wp-content/uploads/2025/05/WLG3116-1.png;yes
WLH1601;ثقابة جلد يدوية 6 رؤوس من 2.5 الى 5 مم ماركة WADFOW;2.5;https://hawarastore.com/wp-content/uploads/2025/05/WLH1601-1.png;yes
WLH2601;ثقابة جلد يدوية 6 رؤوس من 2 مم - 4.5 مم ماركة WADFOW;1.66;https://hawarastore.com/wp-content/uploads/2025/05/WLH2601-1.png;yes
WLH3601;بانسة كباسة حبسات جلد 6 انش 150 مم ماركة WADFOW;1.13;https://hawarastore.com/wp-content/uploads/2025/05/WLH3601-1.png;yes
WLH4601;كباسة ازرار 6 انش 150 مم ماركة WADFOW;1.31;https://hawarastore.com/wp-content/uploads/2025/05/WLH4601-1.png;yes
WLKP530;قصاصة عشب عربايه بطارية 20 فولت عرض القص 32 سم 3 مستويات قص بدون( بطارية و شاحن )ماركة WADFOW;53.67;https://hawarastore.com/wp-content/uploads/2025/05/WLKP530-1.png;yes
WLM1516;مثقب 20 فولت 1.5 جول SDS PLUS محرك فحمات + اكسسوارات بدون بطارية وشاحن WADFOW;30.12;https://hawarastore.com/wp-content/uploads/2025/05/WLM1516-1.png;yes
WLM1522;كسارة بطارية 20 فولت 2 جول ريشة 22 مم BL + بطارية 3 امبير+ شاحن ضمن حقيبة بلاستيك WADFOW;64.2;https://hawarastore.com/wp-content/uploads/2025/05/WLM1522-2.png;yes
WLM15220;كسارة بطارية 20 فولت 2 جول 22 مم BL بدون بطارية وشاحن WADFOW;43.32;https://hawarastore.com/wp-content/uploads/2025/05/WLM15220-1.png;yes
WLM15225;كسارة بطارية 20 فولت 2 جول 22 مم BL + بطارية 4 امبير عدد 2 + شاحن ضمن حقيبة بلاستيك WADFOW;73.04;https://hawarastore.com/wp-content/uploads/2025/05/WLM15225-1.png;yes
WLM1B161;مثقب 20 فولت 1.5 جول SDS PLUS محرك فحمات + بطارية1.5 امبير + شاحن+ اكسسوارات ضمن حقيبة بلاستيك WADFOW;0;;no
WLM1B162;مثقب بطارية 20 فولت SDS باطون 16 مم محرك فحمات قوة طرق 1.5 جول + بطارية 2 امبير + شاحن WADFOW;49.77;https://hawarastore.com/wp-content/uploads/2025/05/WLM1B162.png;yes
WLM1B262;كسارة بطارية 20 فولت 2.5 جول 26 مم BL + بطارية 4 امبير عدد 2 + شاحن ضمن حقيبة بلاستيك WADFOW;83.18;https://hawarastore.com/wp-content/uploads/2025/05/WLM1B262-1.png;yes
WLM1B282;كسارة بطارية 20 فولت 4.5 جول 28 مم + بطارية 3 امبير عدد 2 + شاحن + اكسسوارات ضمن حقيبة بلاستيك WADFOW;107.78;https://hawarastore.com/wp-content/uploads/2025/05/WLM1B282-1.png;yes
WLM1B283;كسارة بطارية 20 فولت 4.5 جول 28 مم BL + بطارية 4 امبير عدد 2 + شاحن + اكسسوارات ضمن حقيبة بلاستيك WADFOW;104.42;https://hawarastore.com/wp-content/uploads/2025/09/WLM1B283.png;yes
WLM25286;كسارة بطارية 20 فولت 4.5 جول 28 مم BL بدون بطارية وشاحن ماركة WADFOW;62.67;;no
WLM2B286;كسارة بطارية 20 فولت 4.5 جول 28 مم BL + بطارية 4 امبير عدد 2 + شاحن + اكسسوارات ماركة WADFOW;104.16;;no
WLN1512;كمبرسور ضاغط هواء 12 فولت لاسلكي ماركة WADFOW;19.89;https://hawarastore.com/wp-content/uploads/2025/05/WLN1512-1.png;yes
WLP1212;بانسة لقط منحنية 12 انش مجال 0-45 مم WADFOW;3.65;https://hawarastore.com/wp-content/uploads/2025/09/WLP1212.png;yes
WLP1C02;بانسة لقط منحنيه 10 انش مجال 0-43 مم صناعي ماركة WADFOW;3.4;https://hawarastore.com/wp-content/uploads/2025/05/WLP1C02-1.png;yes
WLP1C05;بانسة لقط منحنية 5 انش مجال 0-25 مم ماركة WADFOW;1.48;https://hawarastore.com/wp-content/uploads/2025/05/WLP1C05-1.png;yes
WLP1C07;بانسة لقط منحنية 7 انش مجال 0-33 مم ماركة WADFOW;1.86;https://hawarastore.com/wp-content/uploads/2025/05/WLP1C07-1.png;yes
WLP1C10;بانسة لقط منحنية 10 انش مجال 0-45 ماركة WADFOW;2.07;;no
WLP2C02;بانسة لقط مستقيمة 10 انش 43 مم صناعي ماركة WADFOW;3.4;https://hawarastore.com/wp-content/uploads/2025/05/WLP2C02-1.png;yes
WLP2C10;بانسة لقط مستقيمة 10 انش 43 مم ماركة WADFOW;2.07;https://hawarastore.com/wp-content/uploads/2025/05/WLP2C10-1.png;yes
WLP3C09;بانسة لقط راس طويل 9 انش مجال 0-67 مم WADFOW;2.06;;no
WLP5510;بانسة لقط مصافي جنزير 10 انش ماركة WADFOW;4.35;https://hawarastore.com/wp-content/uploads/2025/05/WLP5510-1.png;yes
WLP8C10;بانسة لقط مصافي زيت 10 انش ماركة WADFOW;3.15;https://hawarastore.com/wp-content/uploads/2025/05/WLP8C10-1.png;yes
WLP9C10;بانسة لقط فك حرف V قياس 10 انش ماركة WADFOW;2.07;;no
WLRP2T08;طقم حبال تثبيت متعدد الأطوال 8 قطع (45+60+90+122 ) سم زوج من كل طول سماكة3.2 مم WADFOW;1.96;https://hawarastore.com/wp-content/uploads/2026/03/WLRP2T08.png;yes
WLS1565;خراقة بطارية 20 فولت خشب ومعدن بدون بطارية وشاحن WADFOW;29.04;https://hawarastore.com/wp-content/uploads/2025/05/WLS1565-1.png;yes
WLSP1520;مكنسة أرضية عربة 20 فولت 24 انش سعة 12 لتر بدون بطارية وشاحن WADFOW;96.79;https://hawarastore.com/wp-content/uploads/2026/02/WLSP1520-1024x1024.png;yes
WLSS1520;آلة نثر بذور بطارية 20 فولت سعة 3.6 لتر 6 سرعات مدى النثر 6 متر 8 مراحل WADFOW;33;;no
WLSY20162;مرش مبيدات ومطهرات بطارية 20 فولت 16 ليتر مع بطارية 2 امبير وشاحن WADFOW;54.66;;no
WLT155001;روتر خشب 500 واط WADFOW;24.93;;no
WLU1412;فرد سيليكون حراري 12 فولت مع 3 أصابع سيليكون بدون بطارية ماركة WADFOW;6.42;https://hawarastore.com/wp-content/uploads/2025/05/WLU1412-1.png;yes
WLU1420;فرد سيليكون حامي بطارية 20 فولت 11.2 مم ماركة WADFOW;6.64;https://hawarastore.com/wp-content/uploads/2026/06/WLU1420.png;yes
WLV0801;مكنسة سيارة 8 فولت سعة 0.45 لتر USB TYPE مع بطارية 2000 ميلي WADFOW;15.11;https://hawarastore.com/wp-content/uploads/2026/02/WLV0801.png;yes
WLWP5521;قصاصة خشب بطارية 20 فولت BL ديسك 165 مم + بطارية 3 امبير + شاحن WADFOW;61.67;https://hawarastore.com/wp-content/uploads/2025/05/WLWP5521-1.png;yes
WLWP5523;قصاصة خشب بطارية 20 فولت BL ديسك 165 مم + بطارية 4 امبير + شاحن حديث WADFOW;66.16;;no
WLWP5633;قصاصة خشب بطارية 20 فولت BL قطر 140 مم مزود بفتحة شفاط + بطارية 4 امبير+ شاحن WADFOW;60.52;https://hawarastore.com/wp-content/uploads/2025/05/WLWP5633.png;yes
WLY1508;باور شاحن بطارية السيارة للطوارئ بطارية ليثيوم WADFOW 8000mAh;46.58;;no
WLY1512;باور شاحن بطارية السيارة للطوارئ بطارية ليثيوم WADFOW 12000 mAh;58.43;;no
WLYP546;منشار شجر سور بطارية 20 فولت + بطارية 1.5 امبير + شاحن ماركة WADFOW;43.25;https://hawarastore.com/wp-content/uploads/2025/05/WLYP546-1.png;yes
WMA1K10;نصلة لزوم جهاز متعدد االاستعمالات راس ضيق 40 × 10 مم WADFOW;0.7;https://hawarastore.com/wp-content/uploads/2025/09/WMA1K10.png;yes
WMA1K34;نصلة لزوم جهاز متعدد االاستعمالات 40 × 34 مم WADFOW;0.7;https://hawarastore.com/wp-content/uploads/2025/09/WMA1K34.png;yes
WMA2K34;نصلة حديد لزوم جهاز متعدد الاستعمالات 40 × 34 مم WADFOW;1.01;https://hawarastore.com/wp-content/uploads/2025/09/WMA2K34.png;yes
WMA2K65;نصلة لزوم جهاز متعدد الاستعمالات راس عريض 40 × 65 مم WADFOW;1.6;https://hawarastore.com/wp-content/uploads/2025/09/WMA2K65.png;yes
WMA3K87;نصلة لزوم جهاز متعدد الاستعمالات شكل دائري (قطع PVC) 87 مم WADFOW;0.98;https://hawarastore.com/wp-content/uploads/2025/09/WMA3K87-1.png;yes
WMA4K87;نصلة لزوم جهاز متعدد الاستعمالات شكل دائري (قطع المعادن) 87 مم WADFOW;2.22;https://hawarastore.com/wp-content/uploads/2025/09/WMA4K87.png;yes
WMA5K52;نصلة قشط لزوم جهاز متعدد الاستعمالات 52 مم WADFOW;0.74;https://hawarastore.com/wp-content/uploads/2025/09/WMA5K52.png;yes
WMA6K87;نصلة لزوم جهاز متعدد الاستعمالات كربيد شكل دائري 88 مم WADFOW;1.53;https://hawarastore.com/wp-content/uploads/2025/09/WMA6K87.png;yes
WMA7K78;لبادة برداغ كربيد لزوم جهاز متعدد الاستعمالات WADFOW;1.45;https://hawarastore.com/wp-content/uploads/2025/09/WMA7K78.png;yes
WMA8K03;برداغ 10 قطع لزوم جهاز متعدد الاستعمالات WADFOW;0.6;https://hawarastore.com/wp-content/uploads/2025/06/WMA8K03.jpeg;yes
WMA8K80;لبادة برداغ لزوم جهاز متعدد الاستعمالات WADFOW;1;https://hawarastore.com/wp-content/uploads/2025/09/WMA8K80.png;yes
WMA9401;مجموعة نصلات 4 قطع لزوم جهاز متعدد الاستعمالات لقطع الأخشاب قطعة 1 راس ضيق WADFOW;2.63;https://hawarastore.com/wp-content/uploads/2025/09/WMA9401.png;yes
WMA9402;مجموعة نصلات 4 قطع لزوم جهاز متعدد الاستعمالات لقطع المعادن WADFOW;4.17;https://hawarastore.com/wp-content/uploads/2025/09/WMA9402.png;yes
WMA9403;مجموعة نصلات 2 قطع + 2 لبادة لزوم جهاز متعدد الاستعمالات WADFOW;4.17;https://hawarastore.com/wp-content/uploads/2025/09/WMA9403.png;yes
WMA9417;مجموعة اكسسوارات 22 قطعة لزوم جهاز متعدد الوظائف قص + حف متعددة الاشكال راس ضيق WADFOW;0;;no
WMB1301;مطرقة حديد 100غرام يد خشب ماركة WADFOW;0.92;https://hawarastore.com/wp-content/uploads/2025/05/WMB1301-1.png;yes
WMB1302;مطرقة حديد 200 غ يد خشب ماركة WADFOW;1.13;https://hawarastore.com/wp-content/uploads/2025/05/WMB1302-1.png;yes
WMB1303;مطرقة حديد 300 غرام يد خشب ماركة WADFOW;1.33;https://hawarastore.com/wp-content/uploads/2025/05/WMB1303-1.png;yes
WMB1305;مطرقة حديد 500 غرام يد خشب ماركة WADFOW;1.71;https://hawarastore.com/wp-content/uploads/2025/05/WMB1305-1.png;yes
WMB1310;مطرقة حديد 1000 غرام يد خشب ماركة WADFOW;2.76;https://hawarastore.com/wp-content/uploads/2025/05/WMB1310-2.png;yes
WMB6306;فاس وزن 600 غ طول 39 سم يد خشب ماركة WADFOW;2.83;https://hawarastore.com/wp-content/uploads/2025/05/WMB6306-1.png;yes
WMB6312;فاس وزن 1250 غرام طول 70 سم يد خشب ماركة WADFOW;5.69;https://hawarastore.com/wp-content/uploads/2025/05/WMB6312-1.png;yes
WMCM1P25;ميكرومتر خارجي ( 0 ــــــ 25 ) WADFOW علبة بلاستيك;5.9;https://hawarastore.com/wp-content/uploads/2025/05/WMCM1P25-1.png;yes
WMD151051;مثقب 1050 واط رأس معدن جوزة 13 مم WADFOW;26.01;https://hawarastore.com/wp-content/uploads/2025/05/WMD151051-1.png;yes
WMD15651;مثقب 650 واط شمال يمين 13 مم رجاج متسارع ماركة WADFOW;15.78;https://hawarastore.com/wp-content/uploads/2025/05/WMD15651-1.png;yes
WMD15851;مثقب 850 واط 13 مم شمال يمين - رجاج - ماركة WADFOW;19.56;https://hawarastore.com/wp-content/uploads/2025/05/WMD15851-1.png;yes
WME1602;مغناطيس تلسكوبي من 12.5 سم حتى 63.5 سم ستانلس ستيل ماركة WADFOW;0.82;https://hawarastore.com/wp-content/uploads/2025/05/WME1602-1.png;yes
WME1605;مغناطيس تلسكوبي من 16 سم حتى 62 سم ستانلس ستيل ماركة WADFOW;1.47;https://hawarastore.com/wp-content/uploads/2025/05/WME1605-1.png;yes
WME1615;عصا مغناطيس قدرة 15LBS طول 175 الى 760 مم يد PVC جسم ستانلس ستيل ماركة WADFOW;1.77;;no
WME3604;عصا مغناطيس + بيل مزدوج مرن قدرة 4LBS طول 170 الى 560 مم جسم المنيوم ماركة WADFOW;3.24;https://hawarastore.com/wp-content/uploads/2025/05/WME3604-1.png;yes
WME4E61;عصا مغناطيس مرن قدرة 5LBS طول 600 مم يد بلاستيك مع ليد ماركة WADFOW;2.16;;no
WMJ1K04;ريشة باطون الماس 6 مم طول 100مم WADFOW;0.31;;no
WMJ1K06;ريشة باطون الماس 6 مم طول 150مم WADFOW;0.5;;no
WMJ1K07;ريشة باطون الماس 8 مم طول 120مم WADFOW;0.43;;no
WMJ1K08;ريشة باطون الماس 8 مم طول 150مم WADFOW;0.52;;no
WMJ1K10;ريشة باطون الماس 10 مم طول 120مم WADFOW;0.52;;no
WMJ1K20;ريشة باطون الماس 10مم طول 120مم WADFOW;0.97;;no
WMJ2K01;طقم ريش باطون ألماس 5 قطع 4-5-6-8-10 مم WADFOW;1.36;;no
WMJ6K10;ريشة باطون الماس 6مم طول 100مم WADFOW;0.54;;no
WMJ8K12;ريشة باطون الماس 8مم طول 120مم WADFOW;0.73;;no
WMK1K09;نصلات مشرط 80 × 9 مم ماركة WADFOW;0.18;https://hawarastore.com/wp-content/uploads/2025/05/WMK1K09-1.png;yes
WMK1K18;نصلات مشرط طول 100 مم عرض 18 مم علبة 10 قطع ماركة WADFOW;0.23;https://hawarastore.com/wp-content/uploads/2025/05/WMK1K18-1.png;yes
WMK1K61;نصلات مشرط طول 61مم عرض 19 مم علبة 10 قطع WADFOW;0.24;https://hawarastore.com/wp-content/uploads/2025/05/WMK1K61-1.png;yes
WMR15141;قصاصة رخام 1400 واط ديسك 110 مم فتحة 20 مم قطع زاوي 45 درجة WADFOW;29.31;https://hawarastore.com/wp-content/uploads/2025/09/WMR15141.png;yes
WMS4D09;طقم فنجان 1/2 انش 14 قطعة بدون مفتاح طقطاق مناسب لفرد شد الكومجي معالج حراريا ضمن حقيبة بلاستيك WADFOW;28.17;https://sp-ao.shortpixel.ai/client/to_webp,q_glossy,ret_img/https://hawarastore.com/wp-content/uploads/woocommerce-placeholder-600x600.png;yes
WMS6404;مجموعة 4 قطع تحاويل جوز 1/4 + 1/2 + 3/8 WADFOW;1.99;https://hawarastore.com/wp-content/uploads/2025/09/WMS6404.png;yes
WMT1211;متر كوشوك قياس 3 مترعرض 16 مم ماركة WADFOW;0.71;https://hawarastore.com/wp-content/uploads/2025/05/WMT1211-1.png;yes
WMT1221;متر كوشوك طول 5 متر عرض 19 مم ماركة WADFOW;1.06;https://hawarastore.com/wp-content/uploads/2025/05/WMT1221-1.png;yes
WMT1231;متر كوشوك قياس 5 متر عرض 25 مم ماركة WADFOW;1.32;;no
WMT1241;متر كوشوك قياس 8 متر عرض 25 مم ماركة WADFOW;1.95;https://hawarastore.com/wp-content/uploads/2025/05/WMT1241-1.png;yes
WMT1251;متر كوشوك قياس 10 متر عرض 25 مم ماركة WADFOW;2.37;;no
WMT2211;متر كوشوك طول 3 متر عرض 16 مم وجهين ماركة WADFOW;0.8;https://sp-ao.shortpixel.ai/client/to_webp,q_glossy,ret_img/https://hawarastore.com/wp-content/uploads/woocommerce-placeholder-600x600.png;yes
WMT2221;متر كوشوك طول 5 متر عرض 19 مم وجهين ماركة WADFOW;1.2;https://sp-ao.shortpixel.ai/client/to_webp,q_glossy,ret_img/https://hawarastore.com/wp-content/uploads/woocommerce-placeholder-600x600.png;yes
WMT2231;متر كوشوك طول 5 متر عرض 25 مم وجهين ماركة WADFOW;1.5;https://sp-ao.shortpixel.ai/client/to_webp,q_glossy,ret_img/https://hawarastore.com/wp-content/uploads/woocommerce-placeholder-600x600.png;yes
WMT2241;متر بلاستيك طول 8 متر عرض 25 مم وجهين ماركة WADFOW;2.19;https://sp-ao.shortpixel.ai/client/to_webp,q_glossy,ret_img/https://hawarastore.com/wp-content/uploads/woocommerce-placeholder-600x600.png;yes
WMT2251;متر بلاستيك طول 10 متر عرض 25 مم وجهين ماركة WADFOW;2.7;https://sp-ao.shortpixel.ai/client/to_webp,q_glossy,ret_img/https://hawarastore.com/wp-content/uploads/woocommerce-placeholder-600x600.png;yes
WMT25100;ميزورة كوشوك شريط فايبر غلاس طول 100 متر عرض 12.5 مم ماركة WADFOW;6.24;https://hawarastore.com/wp-content/uploads/2025/05/WMT25100-1.png;yes
WMT2520;ميزورة كوشوك شريط فايبر غلاس طول 20 متر عرض 12.5 مم ماركة WADFOW;1.94;https://hawarastore.com/wp-content/uploads/2025/05/WMT2520-1.png;yes
WMT2530;ميزورة كوشوك شريط فايبر غلاس طول 30 متر عرض 12.5 مم ماركة WADFOW;2.38;;no
WMT2550;ميزورة كوشوك شريط فايبر غلاس طول 50 م عرض 12.5 مم ماركة WADFOW;4;https://hawarastore.com/wp-content/uploads/2025/05/WMT2550-1.png;yes
WMT3520;ميزورة كوشوك شريط معدن طول 20 متر عرض 12.5 مم ماركة WADFOW;3.75;https://hawarastore.com/wp-content/uploads/2025/05/WMT3520-1.png;yes
WMT3530;ميزورة كوشوك شريط معدن طول 30 متر عرض 12.5 مم ماركة WADFOW;4.76;https://hawarastore.com/wp-content/uploads/2025/05/WMT3530-1.png;yes
WMT3550;ميزورة كوشوك شريط معدن طول 50 متر عرض 12.5 مم ماركة WADFOW;9.15;https://hawarastore.com/wp-content/uploads/2025/05/WMT3550-1.png;yes
WMT4311;متر بلاستيك طول 3 متر عرض 16 مم ABS ماركة WADFOW;0.54;https://hawarastore.com/wp-content/uploads/2025/05/WMT4311-1.png;yes
WMT4321;متر بلاستيك طول 5 متر عرض 19 مم ماركة WADFOW;0.82;https://hawarastore.com/wp-content/uploads/2025/05/WMT4321-1.png;yes
WMT4331;متر بلاستيك طول 5 متر عرض 25 مم ABS ماركة WADFOW;1.09;https://hawarastore.com/wp-content/uploads/2025/05/WMT4331-1.png;yes
WMT4341;متر بلاستيك قياس 7.5 متر عرض 25 مم ABS ماركة WADFOW;1.66;https://hawarastore.com/wp-content/uploads/2025/05/WMT4341-1.png;yes
WMUM5012;جهاز ترددي متعدد الوظائف 16 فولت + بطارية 2 امبير عدد 2 + شاحن + اكسسوارات ضمن حقيبة بلاستيك WADFOW;38.94;https://hawarastore.com/wp-content/uploads/2025/06/WMUM5012.jpg;yes
WMUP5021;جهاز بطارية 20 فولت ترددي متعدد الوظائف + بطارية 1.5 امبير+ شاحن WADFOW;33.45;https://hawarastore.com/wp-content/uploads/2025/05/WMUP5021.jpg;yes
WMW1545;ميزورة دولاب ديجتال 0-9999.9 م صناعي دولاب صغير قطر 10 سم ماركة WADFOW;9.96;https://hawarastore.com/wp-content/uploads/2025/05/WMW1545-1.png;yes
WMW2523;ميزورة دولاب ديجتال 0-99999.9 م صناعي دولاب كبير قطر 15.9 سم ماركة WADFOW;21.58;https://hawarastore.com/wp-content/uploads/2025/05/WMW2523-1.png;yes
WMX151201;خلاط دهان 1200 واط مع شفرة واحده WADFOW;50.62;;no
WMX151408;خلاط دهان 1400 واط شفرة واحدة WADFOW;54.09;https://hawarastore.com/wp-content/uploads/2026/02/WMX151408.png;yes
WNA18151;كبسات مسامير طول 15 مم 5000 قطعة لزوم WBN2540,WBN1550 ماركة WADFOW;1.2;https://hawarastore.com/wp-content/uploads/2025/05/WNA18151-1.png;yes
WNA18201;كبسات مسامير طول 20 مم 5000 قطعة لزوم WBN2540,WBN1550,WBN3530,WBN3532 ماركة WADFOW;1.63;https://hawarastore.com/wp-content/uploads/2025/05/WNA18201-1.png;yes
WNA18251;كبسات مسامير طول 25 مم 5000 قطعة لزوم WBN2540,WBN1550,WBN3530,WBN3532 ماركة WADFOW;1.98;https://hawarastore.com/wp-content/uploads/2025/05/WNA18251-1.png;yes
WNA18301;كبسات مسامير طول 30 مم 5000 قطعة لزوم WBN2540,WBN1550,WBN3530,WBN3532 ماركة WADFOW;2.29;https://hawarastore.com/wp-content/uploads/2025/05/WNA18301-1.png;yes
WNA18351;كبسات مسامير طول 35 مم 5000 قطعة لزوم WBN2540,WBN1550 ماركة WADFOW;2.71;https://hawarastore.com/wp-content/uploads/2025/05/WNA18351-1.png;yes
WNA18401;كبسات مسامير طول 40 مم 5000 قطعة لزوم WBN2540,WBN1550 ماركة WADFOW;3.21;https://hawarastore.com/wp-content/uploads/2025/05/WNA18401-1.png;yes
WNA18501;كبسات مسامير طول 50 مم 5000 قطعة لزوم WBN2540,WBN1550 ماركة WADFOW;3.78;;no
WNA18506;كبسات مسامير طول 50 مم عدد 6000 قطعة ماركة WADFOW;0;;no
WNC1501;كرسي ورشة مستطيل بعجلات حمل 110 كغ وزن 4.2 كغ مع مساحة تخزين WADFOW;19.12;;no
WNC1521;كرسي ورشة دائري بعجلات حمل 110 كغ وزن 5.3 كغ مع مساحة تخزين WADFOW;23.75;;no
WNC1531;زحافة سيارة حمل 130 كغ مع مساحة تخزين WADFOW;39.02;;no
WND1401;طقم 2 قطعة فراشي تنظيف ناعمة ماركة WADFOW;2.43;https://hawarastore.com/wp-content/uploads/2025/05/WND1401-1.png;yes
WND2401;مجموعة فرشاة مثقب تنظيف خشنة وسط دائرية زرقاء 2- 3.5 انش حديث صناعي على كرت ماركة WADFOW;2.43;https://hawarastore.com/wp-content/uploads/2025/05/WND2401-1.png;yes
WND2402;مجموعة فرشاة مثقب تنظيف خشنة وسط شكل كوب - دائري زرقاء 3.5 انش حديث صناعي على كرت ماركة WADFOW;2.69;https://hawarastore.com/wp-content/uploads/2025/05/WND2402-1.png;yes
WND2403;مجموعة 3 قطع فرشاة تنظيف وسط ماركة WADFOW;3.13;https://hawarastore.com/wp-content/uploads/2025/05/WND2403-1.png;yes
WND2404;مجموعة فرشاة تنظيف زرقاء خشنة قاسية شكل كوب مع تطويلة حديث صناعي ماركة WADFOW;3.62;https://hawarastore.com/wp-content/uploads/2025/05/WND2404-1.png;yes
WND3401;مجموعة فرشاة تنظيف عشكل كوب مع عصا ماركة WADFOW;3.87;https://hawarastore.com/wp-content/uploads/2025/05/WND3401-1.png;yes
WND3402;مجموعة فرشاة مثقب تنظيف خشنة قاسية دائرية سوداء 2-3.5 انش حديث صناعي على كرت ماركة WADFOW;2.43;https://hawarastore.com/wp-content/uploads/2025/05/WND3402-1.png;yes
WND4401;مجموعة اسفنجة فرد تنظيف 3 قطع ماركة WADFOW;2.04;https://hawarastore.com/wp-content/uploads/2025/05/WND4401-1.png;yes
WND4405;مجموعة فرشاة مثقب 3 قطع تنظيف السيراميك والغرانيت والزجاج دائرية سوداء على كرت ماركة WADFOW;1.76;https://hawarastore.com/wp-content/uploads/2025/05/WND4405-1.png;yes
WND4406;مجموعة تنظيف 4 قطع ماركة WADFOW;1.98;https://hawarastore.com/wp-content/uploads/2025/05/WND4406-1.png;yes
WND5401;مجموعة فرشاة مثقب 3 قطع متعددة الاستعمال 2.5 انش خشن 3.5 انش ناعم 4 انش وسط ماركة WADFOW;3.87;https://hawarastore.com/wp-content/uploads/2025/05/WND5401-1.png;yes
WND5402;مجموعة فرشاة مثقب 7 قطع متعددة الاستعمال ماركة WADFOW;6.76;https://hawarastore.com/wp-content/uploads/2025/05/WND5402-1.png;yes
WND5403;مجموعة فرشاة مثقب 11 قطع متعددة الاستعمال ماركة WADFOW;9.14;https://hawarastore.com/wp-content/uploads/2025/05/WND5403-1.png;yes
WND5431;مجموعة فرشاة مثقب 3 قطع متعددة الاستعمال 2.5 انش وسط 3.5 انش وسط + فرشاة هرمية وسط WADFOW;4.01;https://hawarastore.com/wp-content/uploads/2025/09/WND5431.png;yes
WND5433;مجموعة فرشاة مثقب 3 قطع متعددة الاستعمال 2.5 انش حديد 3.5 انش خشنة كروي + 4 انش فرشاة خشن WADFOW;4.53;https://hawarastore.com/wp-content/uploads/2025/09/WND5433.png;yes
WND5511;مجموعة فرشاة مثقب + يدوي 11 قطعةمتعدد الاستخدام WADFOW;11.06;https://hawarastore.com/wp-content/uploads/2025/09/WND5511.png;yes
WND5515;مجموعة فرشاة مثقب 11 قطعة ( صنوبري )+ منشفة عدد 2 WADFOW;9.23;https://hawarastore.com/wp-content/uploads/2025/09/WND5515.png;yes
WNE0E34;مرش معدني 1/2 انش ماركة WADFOW;2.83;https://hawarastore.com/wp-content/uploads/2025/05/WNE0E34-1.png;yes
WNE1E04;راس مرش 4 انش 3 حركات ماركة WADFOW;0.7;https://hawarastore.com/wp-content/uploads/2025/05/WNE1E04-1.png;yes
WNE1E05;راس مرش 5 انش ماركة WADFOW;0.68;https://hawarastore.com/wp-content/uploads/2025/05/WNE1E05-1.png;yes
WNE1E06;راس مرش 6 انش 3 حركات ماركة WADFOW;1.09;https://hawarastore.com/wp-content/uploads/2025/05/WNE1E06-1.png;yes
WNE1E34;مرش بلاستيك 3 حركات ماركة WADFOW;0.9;https://hawarastore.com/wp-content/uploads/2025/05/WNE1E34-1.png;yes
WNE3E34;مرش مياه اتوماتيكي شك 20 الى 36 درجة ماركة WADFOW;2.11;https://hawarastore.com/wp-content/uploads/2025/05/WNE3E34-1.png;yes
WNE7E34;مرش بلاستيك 2 بـــ 1 + وصلة خرطوم ماركة WADFOW;1.44;https://hawarastore.com/wp-content/uploads/2025/05/WNE7E34-1.png;yes
WNE8E34;مرش حدائق جسم بلاستيك 3 اشكال ماركة WADFOW;1.55;https://hawarastore.com/wp-content/uploads/2025/05/WNE8E34-1.png;yes
WNE9E34;مرش حدائق جسم بلاستيك 9 نماذج ماركة WADFOW;2.04;https://hawarastore.com/wp-content/uploads/2025/05/WNE9E34-1.png;yes
WNG1110;خيط قصاصة عشب مبروم 2مم طول 15 متر WADFOW;0.43;https://hawarastore.com/wp-content/uploads/2025/09/WNG1110-1.png;yes
WNG1121;خيط قصاصة عشب مبروم 2.4 مم طول 12 متر WADFOW;0.48;https://hawarastore.com/wp-content/uploads/2025/09/WNG1121.png;yes
WNG1132;خيط قصاصة عشب مبروم 2.7 مم طول 12 متر WADFOW;0.57;https://hawarastore.com/wp-content/uploads/2025/09/WNG1132.png;yes
WNG1143;خيط قصاصة عشب مبروم 3 مم طول 9 متر WADFOW;0.54;https://hawarastore.com/wp-content/uploads/2025/08/WNG1143.png;yes
WNG2120;خيط قصاصة عشب مربع 2.4 مم طول 21 متر WADFOW;0.8;https://hawarastore.com/wp-content/uploads/2025/08/WNG2120.png;yes
WNG2131;خيط قصاصة عشب مربع 2.7 مم طول 17 متر WADFOW;0.82;https://hawarastore.com/wp-content/uploads/2025/08/WNG2131.png;yes
WNG2142;خيط قصاصة عشب مربع 3 مم طول 12 متر WADFOW;0.73;https://hawarastore.com/wp-content/uploads/2025/08/WNG2142.png;yes
WNG2153;خيط قصاصة عشب مربع 3.3 مم طول 11 متر WADFOW;0.79;https://hawarastore.com/wp-content/uploads/2025/08/WNG2153.png;yes
WNG3120;خيط قصاصة عشب مجدول 2.4 مم طول 15 متر WADFOW;0.57;https://hawarastore.com/wp-content/uploads/2025/09/WNG3120.png;yes
WNG3141;خيط قصاصة عشب مجدول 3 مم طول 15 متر WADFOW;0.75;https://hawarastore.com/wp-content/uploads/2025/09/WNG3141.png;yes
WNT6501;ميزان حرارة ليزري 50 - C الى 450 - C ماركة WADFOW;7;;no
WNY1401;فرشاة مثقب نايلون كوب 2 انش 50 مم ماركة WADFOW;0.88;https://hawarastore.com/wp-content/uploads/2025/05/WNY1401-1.png;yes
WNY1402;فرشاة مثقب نايلون كوب 3 انش 75 مم ماركة WADFOW;1.24;https://hawarastore.com/wp-content/uploads/2025/05/WNY1402-1.png;yes
WNY1440;فرشاة تنظيف برتقالية ناعمة 4 انش دارئرية ماركة WADFOW;1.62;https://hawarastore.com/wp-content/uploads/2025/08/WNY1440.png;yes
WNY2401;فرشاة مثقب نايلون دولاب 3 انش 75 مم ماركة WADFOW;0.94;https://hawarastore.com/wp-content/uploads/2025/08/WNY2401.png;yes
WNY2402;فرشاة مثقب نايلون دولاب 4 انش 100 مم ماركة WADFOW;1.4;https://hawarastore.com/wp-content/uploads/2025/08/WNY2402.png;yes
WNY2420;فرشاة مثقب تنظيف خشنة وسط 3.5 انش شكل كوب زرقاء على كرت ماركة WADFOW;1.58;https://hawarastore.com/wp-content/uploads/2025/08/WNY2420.png;yes
WNY2440;فرشاة تنظيف زرقاء وسط 4 انش دارئرية ماركة WADFOW;1.62;https://hawarastore.com/wp-content/uploads/2025/08/WNY2440.png;yes
WNY3440;فرشاة مثقب تنظيف خشنة قاسية 4 انش دائرية سوداء صناعي على كرت ماركة WADFOW;1.62;https://hawarastore.com/wp-content/uploads/2025/08/WNY3440.png;yes
WNY3601;فرشاة مثقب نايلون قلم قطر 1 انش 25 مم ماركة WADFOW;0.75;https://hawarastore.com/wp-content/uploads/2025/08/WNY3601.png;yes
WOS240681;كومبو 2 قطعة مثقب 20 فولت + مثقب SDS + بطارية 2 امبيرعدد 2 + شاحن + اكسسوارات ضمن علبة بلاستيك ماركة WADFOW;61.14;https://hawarastore.com/wp-content/uploads/2025/05/WOS240681-1.png;yes
WOS240682;مجموعة شحن بطارية 20 فولت 2 امبير عدد 2 على كرت بلاستيك WADFOW;19.47;https://hawarastore.com/wp-content/uploads/2025/05/WOS240682-1.png;yes
WOS240685;مجموعة شحن 20 فولت بطارية 4 امبير عدد 2 على كرت بلاستيك WADFOW;33.27;;no
WOS240981;كومبو 2 قطعة قصاصة خشب 165 مم + جهاز ترددي متعدد الاستعمالات + بطارية 3 امبير عدد 2 + شاحن WADFOW;79.64;https://hawarastore.com/wp-content/uploads/2025/05/WOS240981.jpg;yes
WOS241185;رجاج سيراميك 20 فولت + متر ليزري 60 متر +حماية ركب + بطارية 2A +شاحن ماركة WADFOW;40.71;;no
WOS250895;مثقب بطارية 20 فولت 62 نيوتن رجاج BL + بطارية 2 امبير عدد 2 + شاحن + علبتين ريش متنوعة + ريش حفر خشب ضمن حقيبة بلاستيك WADFOW;44.24;https://hawarastore.com/wp-content/uploads/2026/03/WOS250895.png;yes
WPA1E03;مقص كساح 8 انش اقصى قطع 16 مم ماركة WADFOW;4.11;;no
WPA1E06;مقص كساح 8 انش اقصى قطع 12 مم ماركة WADFOW;3.07;;no
WPA1E07;مقص كساح 8 انش اقصى قطع 12 مم ماركة WADFOW;2.92;;no
WPA1E08;مقص كساح 8 انش اقصى قطع 10 مم ماركة WADFOW;1.92;;no
WPB3901;فرشاة تنظيف قلم يدوية 10 انش 205 مم WADFOW;0.35;https://hawarastore.com/wp-content/uploads/2025/09/WPB3901.png;yes
WPB3902;فرشاة تنظيف قلم يدوية 12 انش 220 مم WADFOW;0.42;https://hawarastore.com/wp-content/uploads/2025/09/WPB3902.png;yes
WPB3903;فرشاة تنظيف قلم يدوية 14 انش 225 مم WADFOW;0.49;https://hawarastore.com/wp-content/uploads/2025/09/WPB3903.png;yes
WPB3904;فرشاة تنظيف قلم يدوية 16 انش 230 مم WADFOW;0.61;https://hawarastore.com/wp-content/uploads/2025/09/WPB3904.png;yes
WPB3905;فرشاة تنظيف قلم يدوية 18 انش 240 مم WADFOW;0.87;;no
WPB7310;فرشاة دهان قياس 20 × 100 خاصة لدهان الاسقف WADFOW;0.96;;no
WPC1622;قصاصة مواسير نحاس والمنيوم 3-22 مم WADFOW;1.59;https://hawarastore.com/wp-content/uploads/2025/08/WPC1622.png;yes
WPC1A01;هيدروفورم 1.5 بار موديل إيطالي ماركة WADFOW;14.29;https://hawarastore.com/wp-content/uploads/2025/08/WPC1A01.png;yes
WPC1A03;هيدروفورم 1.5 بار موديل اسباني WADFOW;14.43;https://hawarastore.com/wp-content/uploads/2025/05/WPC1A03.png;yes
WPC2664;قصاصة مواسير نحاس والمنيوم 6-64 مم ماركة WADFOW;8.52;https://hawarastore.com/wp-content/uploads/2025/05/WPC2664-1.png;yes
WPC3628;قصاصة مواسير نحاس والمنيوم 3-28 مم ماركة WADFOW;1.86;https://hawarastore.com/wp-content/uploads/2025/08/WPC3628.png;yes
WPC54642;مقص بواري PVC من 3 الى 42 مم طول 203 مم ماركة WADFOW;2.4;https://hawarastore.com/wp-content/uploads/2025/05/WPC54642-1.png;yes
WPD1420;قفل سطل نحاسي 20 مم وزن 32 غرام ماركة WADFOW;0.96;https://hawarastore.com/wp-content/uploads/2025/05/WPD1420-1.png;yes
WPD1430;قفل سطل نحاسي 30 مم وزن 49 غ ماركة WADFOW;1.55;https://hawarastore.com/wp-content/uploads/2025/08/WPD1430.png;yes
WPD1440;قفل سطل نحاسي 40 مم وزن 104 غ ماركة WADFOW;1.99;https://hawarastore.com/wp-content/uploads/2025/08/WPD1440.png;yes
WPD1450;قفل سطل نحاسي 50 مم وزن 173 غ ماركة WADFOW;3.04;https://hawarastore.com/wp-content/uploads/2025/08/WPD1450.png;yes
WPD1460;قفل سطل نحاسي 60 مم وزن 267 غ ماركة WADFOW;4.28;https://hawarastore.com/wp-content/uploads/2025/05/WPD1460-1.png;yes
WPD5442;طقم قفل سطل حديد جوزة نحاس 38 مم عدد 2 وزن مع 3 مفاتيح صناعي ماركة WADFOW;1.85;https://hawarastore.com/wp-content/uploads/2025/05/WPD5442-1.png;yes
WPD5444;طقم قفل سطل حديد جوزة نحاس 38 مم عدد 4 وزن مع 3 مفاتيح صناعي ماركة WADFOW;3.62;https://hawarastore.com/wp-content/uploads/2025/05/WPD5444-1.png;yes
WPD5530;قفل حديد سطل 32 مم جوزة نحاس وزن 82 غرام ماركة WADFOW;0.66;https://hawarastore.com/wp-content/uploads/2025/05/WPD5530-1.png;yes
WPD5540;قفل حديد سطل 38 مم جوزة نحاس وزن 128 غرام ماركة WADFOW;0.83;https://hawarastore.com/wp-content/uploads/2025/05/WPD5540-1.png;yes
WPD5550;قفل حديد سطل 50 مم جوزة نحاس وزن 218 غرام ماركة WADFOW;1.25;https://hawarastore.com/wp-content/uploads/2025/05/WPD5550-1.png;yes
WPD5560;قفل حديد سطل 63 مم جوزة نحاس وزن 370 غرام ماركة WADFOW;1.8;https://hawarastore.com/wp-content/uploads/2025/05/WPD5560-1.png;yes
WPD5575;قفل حديد سطل 75 مم جوزة نحاس وزن 633 غرام ماركة WADFOW;2.79;https://hawarastore.com/wp-content/uploads/2025/05/WPD5575-1.png;yes
WPD7570;قفل حديد مستطيل ثقيل جوزة نحاس قياس 70 مم وزن 427 غ ماركة WADFOW;2.57;https://hawarastore.com/wp-content/uploads/2025/05/WPD7570-1.png;yes
WPD7580;قفل حديد مستطيل ثقيل جوزة نحاس قياس 80 مم وزن 481غ ماركة WADFOW;2.9;https://hawarastore.com/wp-content/uploads/2025/05/WPD7580-1.png;yes
WPD7590;قفل حديد مستطيل ثقيل جوزة نحاس قياس 90 مم وزن 534 غرام ماركة WADFOW;3.27;https://hawarastore.com/wp-content/uploads/2025/05/WPD7590-1.png;yes
WPDT422;طقم قفل سطل نحاسي 2 قطعة 20 مم وزن 32 غرام مع 3 مفاتيح صناعي ماركة WADFOW;1.87;https://hawarastore.com/wp-content/uploads/2025/05/WPDT422-1.png;yes
WPDT442;طقم قفل سطل نحاسي 2 قطعة 40 مم وزن 108 غ مع 3 مفاتيح صناعي ماركة WADFOW;3.84;https://hawarastore.com/wp-content/uploads/2025/05/WPDT442-1.png;yes
WPDT444;طقم قفل سطل نحاسي 4 قطعة 40 مم وزن 108 غ مع 3 مفاتيح صناعي ماركة WADFOW;7.59;https://hawarastore.com/wp-content/uploads/2025/05/WPDT444-1.png;yes
WPE1912;مالج مليس قياس 120*280 ماركة WADFOW;2.01;;no
WPE2912;مالج مليس مضفر ستانلس ستيل قياس280*120 ماركة WADFOW;2.04;;no
WPE3923;مالج مليس قياس 100 × 230 مم ماركة WADFOW;1.13;https://hawarastore.com/wp-content/uploads/2025/05/WPE3923-1.png;yes
WPE4923;مالج مليس مضفر قياس 100 × 230 مم ماركة WADFOW;1.16;https://hawarastore.com/wp-content/uploads/2025/05/WPE4923-1.png;yes
WPE6301;مالج مليس زاوية خارجية ماركة WADFOW;1.79;https://hawarastore.com/wp-content/uploads/2025/05/WPE6301-1.png;yes
WPE6302;مالج مليس زاوية داخلية ماركة WADFOW;1.79;https://hawarastore.com/wp-content/uploads/2025/05/WPE6302-1.png;yes
WPG1801;كف مطاطي XL من WADFOW;0.41;https://hawarastore.com/wp-content/uploads/2025/05/WPG1801-1.png;yes
WPG1803;كف قماشي XL مطلي جلد PU للاعمال الدقيقة WADFOW;0.3;https://hawarastore.com/wp-content/uploads/2025/05/WPG1803-1.png;yes
WPG1805;كف بلور مقاوم للقطع XL للاستخدام الزجاج WADFOW;1.59;https://hawarastore.com/wp-content/uploads/2025/05/WPG1805.png;yes
WPL0951;بانسة الكترونية 4.5 انش ماركة WADFOW;1.01;https://hawarastore.com/wp-content/uploads/2025/05/WPL0951-1.png;yes
WPL0952;قطاعة امامية الكترونية 115مم 4.5 انش ماركة WADFOW;1.01;https://hawarastore.com/wp-content/uploads/2025/05/WPL0952-1.png;yes
WPL0953;قطاعة الكترونية 115مم 4.5 انش ماركة WADFOW;1.01;https://hawarastore.com/wp-content/uploads/2025/05/WPL0953-1.png;yes
WPL0954;بانسة الكترونية زردية بوز رفيع 115 مم 4.5 انش ماركة WADFOW;1.01;https://hawarastore.com/wp-content/uploads/2025/05/WPL0954-1.png;yes
WPL0955;بانسة الكترونية زردية بوز رفيع راس اعوج 115 مم 4.5 انش ماركة WADFOW;1.01;https://hawarastore.com/wp-content/uploads/2025/05/WPL0955-1.png;yes
WPL0956;بانسة الكترونية زردية بوز رفيع مدور الكترونية 115 مم 4.5 انش ماركة WADFOW;1.01;https://hawarastore.com/wp-content/uploads/2025/05/WPL0956-1.png;yes
WPL0957;بانسة الكترونية زردية بوز رفيع راس ابري 115 مم 4.5 انش ماركة WADFOW;1.01;https://hawarastore.com/wp-content/uploads/2025/05/WPL0957-1.png;yes
WPL0958;بانسة الكترونية 4.5 انش راس مبسط ماركة WADFOW;1.01;https://hawarastore.com/wp-content/uploads/2025/05/WPL0958-1.png;yes
WPL0C01;قصاصة زجاج وسيراميك يدوية 8 انش موديل A راسين معكوفات ماركة WADFOW;3.75;https://hawarastore.com/wp-content/uploads/2025/05/WPL0C01-1.png;yes
WPL0C02;قصاصة زجاج وسيراميك يدوية 8 انش موديل B قص الماس ماركة WADFOW;5.23;https://hawarastore.com/wp-content/uploads/2025/05/WPL0C02-1.png;yes
WPL0C03;قصاصة زجاج وسيراميك يدوية 8 انش راس معكوف ماركة WADFOW;2.39;https://hawarastore.com/wp-content/uploads/2025/05/WPL0C03-1.png;yes
WPL0C04;قصاصة زجاج وسيراميك يدوية 8 انش قص راس مبسط ماركة WADFOW;4.13;https://hawarastore.com/wp-content/uploads/2025/05/WPL0C04-1.png;yes
WPL0C05;كماشة كومجي رصرصة دواليب 10 انش 250 مم ماركة WADFOW;4.4;https://hawarastore.com/wp-content/uploads/2025/05/WPL0C05-1.png;yes
WPL1716;بانسة 160 مم 6 انش صناعي توفير عزم 30 % ماركة WADFOW;2.09;https://hawarastore.com/wp-content/uploads/2025/05/WPL1716-1.png;yes
WPL1717;بانسة 180 مم 7 انش صناعي عزم توفير 30 % ماركة WADFOW;2.31;https://hawarastore.com/wp-content/uploads/2025/05/WPL1717-1.png;yes
WPL1718;بانسة 200 مم 8 انش صناعي قوة عالي عزم 30 % ماركة WADFOW;2.59;https://hawarastore.com/wp-content/uploads/2025/05/WPL1718-1.png;yes
WPL1719;بانسة 240 مم 9.5 انش عزم عالي % 30 ماركة WADFOW;2.91;https://hawarastore.com/wp-content/uploads/2025/05/WPL1719-1.png;yes
WPL1768;بانسة 200 مم 8 انش متعددة الاستعمال 4 في 1 صناعي عزم %65 WADFOW;3.4;https://hawarastore.com/wp-content/uploads/2025/05/WPL1768-1.png;yes
WPL1778;بانسة 200 مم 8 انش متعدد الاستعمالات 7 في 1 ماركة WADFOW;3.92;https://hawarastore.com/wp-content/uploads/2025/05/WPL1778-1.png;yes
WPL1936;بانسة معزولة 160 مم 6 انش WADAFOW;2.71;;no
WPL1937;بانسة معزولة 180 مم 7 انش WADAFOW;3;;no
WPL1938;بانسة معزولة 200 مم 8 انش WADAFOW;3.3;;no
WPL1946;بانسة 160 مم 6انش ماركة WADFOW كربون ستيل;1.4;https://hawarastore.com/wp-content/uploads/2025/05/WPL1946-1.png;yes
WPL1947;بانسة 180 مم 7 انش ماركة WADFOW كربون ستيل;1.58;;no
WPL1948;بانسة 200 مم 8 انش ماركة WADFOW كربون ستيل;1.75;https://hawarastore.com/wp-content/uploads/2025/05/WPL1948-1.png;yes
WPL1C06;بانسة 160 مم 6 انش ماركة WADFOW كربون ستيل;1.61;https://hawarastore.com/wp-content/uploads/2025/05/WPL1C06-1.png;yes
WPL1C07;بانسة 180 مم 7 انش صناعي ماركة WADFOW;1.83;https://hawarastore.com/wp-content/uploads/2025/05/WPL1C07-1.png;yes
WPL1C08;بانسة 200 مم 8 انش صناعي ماركة WADFOW;1.91;https://hawarastore.com/wp-content/uploads/2025/05/WPL1C08-1.png;yes
WPL1E11;بانسة زردية بوز رفيع طويل 280 مم 11 انش ماركة WADFOW;2.64;https://hawarastore.com/wp-content/uploads/2025/05/WPL1E11-1.png;yes
WPL2716;بانسة زردية بوز رفيع 160 مم 6 انش صناعي عزم عالي توفير 30 % ماركة WADFOW;1.84;https://hawarastore.com/wp-content/uploads/2025/05/WPL2716-1.png;yes
WPL2718;بانسة زردية بوز رفيع 200 مم 8 انش صناعي عزم عالي توفير 30 %ماركة WADFOW;2.21;https://hawarastore.com/wp-content/uploads/2025/05/WPL2718-1.png;yes
WPL2768;بانسة زردية بوز رفيع 215 مم 8.5 انش عزم عالي توفير 65 % ماركة WADFOW;3.3;https://hawarastore.com/wp-content/uploads/2025/06/WPL2768.jpg;yes
WPL2778;بانسة 200 مم 8 انش متعددة الاستعمالات 6 في 1 ماركة WADFOW;3.65;https://hawarastore.com/wp-content/uploads/2025/05/WPL2778-1.png;yes
WPL2946;بانسة زردية بوز رفيع 150 مم 6 انش ماركة WADFOW;1.2;https://hawarastore.com/wp-content/uploads/2025/05/WPL2946-1.png;yes
WPL2948;بانسة زردية بوز رفيع 200 مم 8 انش ماركة WADFOW;1.58;https://hawarastore.com/wp-content/uploads/2025/05/WPL2948-1.png;yes
WPL2C06;بانسة زردية بوز رفيع 160 مم 6 انش صناعي ماركة WADFOW;1.4;https://hawarastore.com/wp-content/uploads/2025/05/WPL2C06-1.png;yes
WPL2C08;بانسة زردية 200 مم 8 انش صناعي ماركة WADFOW;1.79;;no
WPL2E11;بانسة زردية بوز رفيع راس اعوج 45 درجة 280 مم 11 انش خاص ميكانيكي ماركة WADFOW;2.71;https://hawarastore.com/wp-content/uploads/2025/05/WPL2E11-1.png;yes
WPL3716;قطاعة 160 مم 6 انش صناعي قوة عالي عزم 30 % ماركة WADFOW;1.96;https://hawarastore.com/wp-content/uploads/2025/05/WPL3716-1.png;yes
WPL3717;قطاعة 180 مم 7 انش عزم توفير 30 % ماركة WADFOW;2.24;https://hawarastore.com/wp-content/uploads/2025/05/WPL3717-1.png;yes
WPL3768;قطاعة 190 مم 7.5 انش توفير عزم 65 % WADFOW;3.48;https://hawarastore.com/wp-content/uploads/2025/09/WPL3768.png;yes
WPL3778;قطاعة 190 مم 7.5 انش 4 في 1 ماركة WADFOW;3.53;https://hawarastore.com/wp-content/uploads/2025/05/WPL3778-1.png;yes
WPL3946;قطاعة 160 مم 6 انش ماركة WADFOW;1.23;https://hawarastore.com/wp-content/uploads/2025/05/WPL3946-1.png;yes
WPL3947;قطاعة 180 مم 7 انش اقتصادية ماركة WADFOW;1.47;https://hawarastore.com/wp-content/uploads/2025/05/WPL3947-1.png;yes
WPL3C06;قطاعة 160 مم 6 انش صناعي ماركة WADFOW كربون ستيل;1.48;https://hawarastore.com/wp-content/uploads/2025/05/WPL3C06-1.png;yes
WPL3C07;قطاعة 180 مم 7 انش ماركة WADFOW كربون ستيل;1.76;https://hawarastore.com/wp-content/uploads/2025/05/WPL3C07-1.png;yes
WPL3E11;بانسة زردية بوز رفيع طويل اعوج 90 درجة 280 مم 11 انش ماركة WADFOW;2.71;https://hawarastore.com/wp-content/uploads/2025/05/WPL3E11-1.png;yes
WPL4716;بانسة زردية بوز رفيع راس اعوج 160 مم 6 انش صناعي عزم عالي توفير 30 % ماركة WADFOW;1.93;https://hawarastore.com/wp-content/uploads/2025/05/WPL4716-1.png;yes
WPL4718;بانسة زردية بوز رفيع 200 مم 8 انش عزم عالي توفير 30 % ماركة WADFOW;2.31;https://hawarastore.com/wp-content/uploads/2025/05/WPL4718-1.png;yes
WPL4778;مقص كهربائي متعدد الاستخدامات 8 انش 200 مم ماركة WADFOW;3.65;https://hawarastore.com/wp-content/uploads/2026/06/WPL4778.png;yes
WPL4C06;بانسة زردية بوز رفيع راس اعوج 150 مم 6 انش ماركة WADFOW;1.62;https://hawarastore.com/wp-content/uploads/2025/05/WPL4C06-1.png;yes
WPL4C08;بانسة زردية بوز رفيع راس اعوج 200 مم 8 انش ماركة WADFOW;2.04;https://hawarastore.com/wp-content/uploads/2025/05/WPL4C08-1.png;yes
WPL5607;بانسة+زلاطه شريط مع قطاعة 7 انش ماركة WADFOW;1.51;https://hawarastore.com/wp-content/uploads/2025/05/WPL5607-1.png;yes
WPL5617;قطاعة كبل 7 انش 180 مم ماركة WADFOW;2.21;https://hawarastore.com/wp-content/uploads/2025/05/WPL5617-1.png;yes
WPL5627;بانسة+زلاطه شريط مع قطاعة 7 انش ماركة WADFOW مع ميزة تزليط الكبل وجدله;2.82;https://hawarastore.com/wp-content/uploads/2025/05/WPL5627-1.png;yes
WPL5685;بانسة راس شريط مع قطاعة 8.5 انش ماركة WADFOW;2.14;https://hawarastore.com/wp-content/uploads/2025/05/WPL5685-1.png;yes
WPL5778;مقص كبل كهربائي 8 انش متعدد الاستخدام ماركة WADFOW;3.65;;no
WPL5C06;زلاطة سحب رأسي قياس 6 انش ماركة WADFOW;1.97;https://hawarastore.com/wp-content/uploads/2025/05/WPL5C06-1.png;yes
WPL5E11;بانسة زردية بوز رفيع طويل مدور من أجل العزقة 280 مم 11 انش ماركة WADFOW;2.81;https://hawarastore.com/wp-content/uploads/2025/05/WPL5E11-1.png;yes
WPL6610;بانسة لقط مصافي 250 مم 10 انش مجال 58-88 مم ماركة WADFOW;2.42;https://hawarastore.com/wp-content/uploads/2025/05/WPL6610-1.png;yes
WPL6612;بانسة لقط مصافي 300 مم 12 انش مجال 63.5-116 مم ماركة WADFOW;2.62;https://hawarastore.com/wp-content/uploads/2025/05/WPL6612-1.png;yes
WPL6707;بانسة كلب 7 انش ماركة WADFOW;3.32;https://hawarastore.com/wp-content/uploads/2025/05/WPL6707-1.png;yes
WPL6710;بانسة كلب 10 انش صناعي ماركة WADFOW;3.73;https://hawarastore.com/wp-content/uploads/2025/05/WPL6710-1.png;yes
WPL6712;بانسة كلب 12 انش صناعي ماركة WADFOW;4.72;https://hawarastore.com/wp-content/uploads/2025/05/WPL6712-1.png;yes
WPL7717;قطاعة راس طويل 180مم 7 انش عزم توفير 30 %ماركة WADFOW;2.38;https://hawarastore.com/wp-content/uploads/2025/05/WPL7717-1.png;yes
WPL7718;قطاعة 200 مم 8 انش عزم توفير 30% ماركة WADFOW;2.49;https://hawarastore.com/wp-content/uploads/2025/05/WPL7718-1.png;yes
WPL7C07;قطاعة راس طويل 180 مم 7 انش ماركة WADFOW;1.97;https://hawarastore.com/wp-content/uploads/2025/05/WPL7C07-1.png;yes
WPL7C08;قطاعة راس طويل 180 مم 7 انش ماركة WADFOW;2.22;https://hawarastore.com/wp-content/uploads/2025/05/WPL7C08-1.png;yes
WPL7C10;بانسة كلب 10 انش 50 مم ماركة WADFOW;2.32;https://hawarastore.com/wp-content/uploads/2025/05/WPL7C10-1.png;yes
WPL7C12;بانسة كلب 12 انش 60 مم ماركة WADFOW;3.43;https://hawarastore.com/wp-content/uploads/2025/05/WPL7C12-1.png;yes
WPL7C18;بانسة كلب 8 انش ماركة WADFOW;1.86;https://hawarastore.com/wp-content/uploads/2025/05/WPL7C18-1.png;yes
WPL8701;بانسة ضبة خرطوم 8.5 انش زاوية 45° -رأس مائل- WADFOW;3.04;https://sp-ao.shortpixel.ai/client/to_webp,q_glossy,ret_img/https://hawarastore.com/wp-content/uploads/woocommerce-placeholder-600x600.png;yes
WPL8702;بانسة ضبة خرطوم زاوية متحركة 8 انش WADFOW;3.3;https://sp-ao.shortpixel.ai/client/to_webp,q_glossy,ret_img/https://hawarastore.com/wp-content/uploads/woocommerce-placeholder-600x600.png;yes
WPL8703;بانسة ضبة خراطيم 6 انش فك وتركيب WADFOW Clic-R collar plier;3.16;;no
WPL8C06;قطاعة حديد باطون 160 مم 6 انش لقص نهاية الشريط ماركة WADFOW;1.94;;no
WPL8C07;قطاعة حديد باطون 180 مم 7 انش لقص نهاية الشريط ماركة WADFOW;2.16;https://hawarastore.com/wp-content/uploads/2025/05/WPL8C07-1.png;yes
WPL9620;Pump pliers جديد;2.19;;no
WPL9622;Pump pliers جديد;3.4;;no
WPL9C08;بانسة كماشة نجار 200 مم 8 انش WADFOW;1.86;;no
WPL9C10;بانسة كلب 10 انش 40 مم ماركة WADFOW;2.54;https://hawarastore.com/wp-content/uploads/2025/05/WPL9C10-1.png;yes
WPL9C12;بانسة كلب 12 انش 50 مم ماركة WADFOW;3.57;https://hawarastore.com/wp-content/uploads/2025/05/WPL9C12-1.png;yes
WPL9C20;بانسة كماشة نجار 250 مم 10 انش WADFOW;2.57;https://hawarastore.com/wp-content/uploads/2025/05/WPL9C20-1.png;yes
WPL9C71;بانسة سكمان خارجي فتح راس مستقيم قياس 7 انش ماركة WADFOW;1.42;https://hawarastore.com/wp-content/uploads/2025/05/WPL9C71-1.png;yes
WPL9C72;بانسة سكمان خارجي فتح راس اعوج قياس 7 انش ماركة WADFOW;1.51;https://hawarastore.com/wp-content/uploads/2025/05/WPL9C72-1.png;yes
WPL9C73;بانسة سكمان داخلي ضم راس مستقيم قياس 7 انش ماركة WADFOW;1.42;https://hawarastore.com/wp-content/uploads/2025/05/WPL9C73-1.png;yes
WPL9C74;بانسة سكمان داخلي ضم راس اعوج قياس 7 انش ماركة WADFOW;1.42;https://hawarastore.com/wp-content/uploads/2025/05/WPL9C74-1.png;yes
WPL9C91;بانسة سكمان خارجي فتح راس مستقيم قياس 9 انش ماركة WADFOW;2.38;https://hawarastore.com/wp-content/uploads/2025/05/WPL9C91-1.png;yes
WPL9C92;بانسة سكمان خارجي فتح راس اعوج قياس 9 انش ماركة WADFOW;2.38;https://hawarastore.com/wp-content/uploads/2025/05/WPL9C92-1.png;yes
WPL9C93;بانسة سكمان داخلي ضم راس مستقيم قياس 9 انش ماركة WADFOW;2.38;https://hawarastore.com/wp-content/uploads/2025/05/WPL9C93-1.png;yes
WPL9C94;بانسة سكمان داخلي ضم راس اعوج قياس 9 انش ماركة WADFOW;2.38;https://hawarastore.com/wp-content/uploads/2025/05/WPL9C94-1.png;yes
WPM3A060;رجاج باطون بنزين 6.5 حصان وزن 60 كغ عزم 11 كيلو نيوتن مساحة الرج 25*35 سم ماركة WADFOW;0;;no
WPM3A100;رجاج باطون بنزين 6.5 حصان وزن 100 كغ عزم 20 كيلو نيوتن مساحة الرج 58*50 سم ماركة WADFOW;0;;no
WPMB1501;جهاز رش يدوي لزوم مليس ماركة WADFOW;4.74;https://hawarastore.com/wp-content/uploads/2025/05/WPMB1501-1.png;yes
WPN1010;توال لاصق PVC لون ازرق طول 20 متر عرض 18 مم ماركة WADFOW;0.32;https://hawarastore.com/wp-content/uploads/2025/05/WPN1010-1.png;yes
WPN1011;توال لاصق PVC لون اصفر طول 20 متر عرض 18 مم ماركة WADFOW;0.32;https://hawarastore.com/wp-content/uploads/2025/05/WPN1011-1.png;yes
WPN1012;توال لاصق PVC لون احمر طول 20 متر عرض 18 مم ماركة WADFOW;0.32;https://hawarastore.com/wp-content/uploads/2025/05/WPN1012-1.png;yes
WPN1103;توال أسود طول 10 يارد ماركة WADFOW;0.16;https://hawarastore.com/wp-content/uploads/2025/05/WPN1103-1.png;yes
WPN1108;توال أبيض طول 10 ياردة ماركة WADFOW;0.17;https://hawarastore.com/wp-content/uploads/2025/05/WPN1108-1.png;yes
WPN1H05;لاصق شفاف 50 متر عرض 48 مم ماركة WADFOW;0.39;https://hawarastore.com/wp-content/uploads/2025/05/WPN1H05-1.png;yes
WPN2H10;شريط لاصق مانع تسرب طول 1.5 متر عرض 10 سم سماكة 0.6 مم ماركة WADFOW;1.63;https://hawarastore.com/wp-content/uploads/2025/05/WPN2H10-1.png;yes
WPP2501;منفاخ إطارات عن طريق القدم WADFOW;2.91;;no
WPR1301;مقص كساح تقليم طول 69 سم 27 انش ماركة WADFOW;4.36;https://hawarastore.com/wp-content/uploads/2025/05/WPR1301-1.png;yes
WPR1E27;مقص كساح قابل للتطويل 62-85 سم WADFOW;8.85;https://hawarastore.com/wp-content/uploads/2025/10/WPR1E27.jpeg;yes
WPR1E79;مقص كساح تقليم قابل للتطويل من 46 سم الى 77.5 سم طول 90 سم صناعي اقصى قطع 20 مم ماركة WADFOW;7.58;;no
WPR1E90;مقص كساح سور قابل للتمدد من 55 سم الى 75 سم ماركة WADFOW;7.47;https://hawarastore.com/wp-content/uploads/2025/05/WPR1E90-1.png;yes
WPR2301;مقص كساح تقليم 22 انش 550 مم ماركة WADFOW;4.44;https://hawarastore.com/wp-content/uploads/2025/05/WPR2301-1.png;yes
WPR3E04;مجموعة عناية بالحدائق 4 قطع مقص كساح 8.5 انش + مقص كساح 9 انش+مقص كساح 28 انش +مقص تقليم 21 انش WADFOW;13.22;https://hawarastore.com/wp-content/uploads/2025/10/WPR3E04.webp;yes
WPR4701;منشار شجر عصا 2.8 م صناعي ماركة WADFOW;10.64;;no
WPS0403;طقم 3 قطع (بانسة 8 انش- قطاعة 7.5 انش- زردية 8.5 انش ) عزم عالي توفير 65% ماركة WADFOW;8.52;https://hawarastore.com/wp-content/uploads/2026/06/WPS0403.jpg;no
WPS0413;طقم 3 قطع ( بانسة 8 انش- قطاعة 8 انش - زردية 7.5 انش ) CR-V ماركة WADFOW;9.9;https://hawarastore.com/wp-content/uploads/2025/05/WPS0413.png;yes
WPS0415;طقم 5 قطع كماشات ومقصات متعددة الوظائف;14.43;;no
WPS0604;طقم 4 قطع ( بانسة +قطاعة + منزلقة+ زردية) 6 انش على كرت ماركة WADFOW;4.82;https://hawarastore.com/wp-content/uploads/2025/05/WPS0604-1.png;yes
WPS0605;طقم 5 قطع ( بانسة وقطاعة و زردية 6 انش + بانسة وقطاعة 4.5 انش ) ماركة WADFOW;5.9;https://hawarastore.com/wp-content/uploads/2025/05/WPS0605-1.png;yes
WPS0613;طقم 3 قطع ( بانسة 8 انش - قطاعة 6 انش - زردية 6 انش ) عزم عالي توفير 30 % ماركة WADFOW;6.1;https://hawarastore.com/wp-content/uploads/2025/05/WPS0613-1.png;yes
WPS0617;طقم 7 قطع ( 4 الكترونية + 3 قطع بانسة+قطاعة+زردية ) عزم عالي توفير 30 % ماركة WADFOW;8.96;https://hawarastore.com/wp-content/uploads/2025/09/WPS0617.png;yes
WPS0623;طقم 3 قطع (بانسة 8 انش + قطاعة 6 انش + زردية 6 انش ) WADFOW;4.19;;no
WPS0624;طقم 4 قطع (بانسة +قطاعة+زردية+بانسة كلب) ماركة WADFOW;6.96;https://hawarastore.com/wp-content/uploads/2026/02/WPS0624.png;yes
WPS0644;طقم 4 قطع زردية بوز رفيع طويلة 11 انش ( مستقيمة + اعوج 90-45 +عزقة) WADFOW;9.05;https://hawarastore.com/wp-content/uploads/2025/09/WPS0644.png;yes
WPS1615;طقم 5 قطع الكتروني قطاعات وبانسات ماركة WADFOW;4.73;https://hawarastore.com/wp-content/uploads/2025/05/WPS1615-1.png;yes
WPS1618;طقم 8 قطع بانسات و قطاعات الكترونية ماركة WADFOW;8.02;https://hawarastore.com/wp-content/uploads/2025/05/WPS1618-1.png;yes
WPS1M08;طقم بانسات وقطاعات 8 قطع ضمن حقيبة قماشية WADFOW;13.91;https://hawarastore.com/wp-content/uploads/2025/09/WPS1M08.png;yes
WPS8701;طقم بانسات كبس خراطيم لمنع التسرب فيبر غلاس بالكامل 20+32+65 مم WADFOW;3.75;https://sp-ao.shortpixel.ai/client/to_webp,q_glossy,ret_img/https://hawarastore.com/wp-content/uploads/woocommerce-placeholder-600x600.png;yes
WPS8702;طقم بانسات كبس خراطيم لمنع التسرب فيبر غلاس بالكامل 19+24+35 مم 90 درجة WADFOW;3.62;https://sp-ao.shortpixel.ai/client/to_webp,q_glossy,ret_img/https://hawarastore.com/wp-content/uploads/woocommerce-placeholder-600x600.png;yes
WPT2301;مشحاف معجون مرن 1 انش قياس 25 مم WADFOW;0.6;;no
WPT2302;مشحاف معجون مرن 2 انش قياس 50 مم WADFOW;0.64;;no
WPT2303;مشحاف معجون مرن 3 انش قياس 75 مم WADFOW;0.68;;no
WPT2304;مشحاف معجون مرن 4 انش قياس 100 مم WADFOW;0.72;;no
WPT2305;مشحاف معجون مرن 5 انش قياس 125 مم WADFOW;0.77;;no
WPT2306;مشحاف معجون مرن 6 انش قياس 150 مم WADFOW;0.81;;no
WPT2315;مشحاف معجون مرن 1.5 انش قياس 38 مم WADFOW;0.6;;no
WPT2325;مشحاف معجون مرن 2.5 انش قياس 63 مم WADFOW;0.65;;no
WPT3302;مشحاف معجون 2 انش قياس 50 مم كربون ستيل WADFOW;0.35;;no
WPT3303;مشحاف معجون 3 انش قياس 75 مم كربون ستيل WADFOW;0.4;;no
WPT3304;مشحاف معجون 4 انش قياس 100 مم كربون ستيل WADFOW;0.42;;no
WPT3305;مشحاف معجون 5 انش قياس 125 مم كربون ستيل WADFOW;0.46;;no
WPT3325;مشحاف معجون 2.5 انش قياس 63 مم كربون ستيل WADFOW;0.37;;no
WPT4E41;طقم سكين قشط 4 قطع 5-12 سم WADFOW;0.94;;no
WPT9302;مشحاف معجون مرن 2 انش قياس 50 مم ستانلس ستيل بالكامل WADFOW;3.06;;no
WPT9303;مشحاف معجون مرن 3 انش قياس 75 مم ستانلس ستيل بالكامل WADFOW;3.24;;no
WPT9304;مشحاف معجون مرن 4 انش قياس 100مم ستانلس ستيل بالكامل WADFOW;3.41;;no
WPTP1A05;مضخة اختبار ضغط لشبكات المياه صمامين نحاس 50 بار وزن 7.4 كغ 12 لتر ماركة WADFOW;54.14;https://hawarastore.com/wp-content/uploads/2025/05/WPTP1A05-2.png;yes
WPTP1A06;مضخة اختبار ضغط لشبكات المياه صمام نحاس 50 بار وزن 4.3 كغ ماركة WADFOW;27.25;https://hawarastore.com/wp-content/uploads/2025/05/WPTP1A06-1.png;yes
WPV1501;خرطوشة كمامة تنفس لزوم WADFOW (WRJ1501& WRJ2502 );0.43;;no
WPW0A06;رنش 6 انش مجال 7-15 جسم مائل قابل للتعديل WADFOW;2.3;https://hawarastore.com/wp-content/uploads/2025/09/WPW0A06.png;yes
WPW0A08;رنش 8 انش مجال 9-25 جسم مائل قابل للتعديل WADFOW;2.82;https://hawarastore.com/wp-content/uploads/2025/09/WPW0A08.png;yes
WPW0A10;رنش 10 انش مجال 15-35 جسم مائل قابل للتعديل WADFOW;3.45;https://hawarastore.com/wp-content/uploads/2025/09/WPW0A10-1.png;yes
WPW0A12;رنش 12 انش مجال 19-43 جسم مائل قابل للتعديل WADFOW;4.7;https://hawarastore.com/wp-content/uploads/2025/09/WPW0A12.png;yes
WPW1108;رنش 8 انش 27 مم ماركة WADFOW;1.59;https://hawarastore.com/wp-content/uploads/2025/05/WPW1108-1.png;yes
WPW1110;رنش 10 انش 33 مم ماركة WADFOW;1.93;https://hawarastore.com/wp-content/uploads/2025/05/WPW1110-1.png;yes
WPW1112;رنش 12 انش 42 مم ماركة WADFOW;2.48;https://hawarastore.com/wp-content/uploads/2025/05/WPW1112-1.png;yes
WPW1114;رنش 14 انش 48 مم ماركة WADFOW;3.06;https://hawarastore.com/wp-content/uploads/2025/05/WPW1114-1.png;yes
WPW1118;رنش 18 انش 60 مم ماركة WADFOW;4.33;https://hawarastore.com/wp-content/uploads/2025/05/WPW1118-1.png;yes
WPW1124;رنش 24 انش 73 مم ماركة WADFOW;6.51;https://hawarastore.com/wp-content/uploads/2025/05/WPW1124-1.png;yes
WPW2101;بهبهانة رنش سويدي 1انش 90 درجة ماركة WADFOW;3.29;https://hawarastore.com/wp-content/uploads/2025/05/WPW2101-1.png;yes
WPW2102;بهبهانة رنش سويدي 2انش 90 درجة ماركة WADFOW;8.35;https://hawarastore.com/wp-content/uploads/2025/05/WPW2102-1.png;yes
WPW2115;بهبهانة رنش سويدي 1.5 انش 90 درجة ماركة WADFOW;5.2;https://hawarastore.com/wp-content/uploads/2025/05/WPW2115-1.png;yes
WPW3101;بهبهانة رنش سويدي 1 انش 45 درجة ماركة WADFOW;3.29;;no
WPW3102;بهبهانة رنش سويدي 2 انش 45 درجة ماركة WADFOW;8.35;https://hawarastore.com/wp-content/uploads/2025/05/WPW3102-1.png;yes
WPW3115;بهبهانة رنش سويدي 1.5 انش 45 درجة ماركة WADFOW;5.2;https://hawarastore.com/wp-content/uploads/2025/05/WPW3115-1.png;yes
WPW4107;بهبهانة رنش صحيه 7 انش 20 مم 90 درجة ماركة WADFOW;2.52;https://hawarastore.com/wp-content/uploads/2025/05/WPW4107-1.png;yes
WPW4109;بهبهانة رنش صحيه 9 انش 30 مم 90 درجة ماركة WADFOW;3.09;https://hawarastore.com/wp-content/uploads/2025/05/WPW4109-1.png;yes
WPW4110;بهبهانة رنش صحيه 10.5 انش 35 مم 90 درجة ماركة WADFOW;4.19;https://hawarastore.com/wp-content/uploads/2025/05/WPW4110-2.png;yes
WPW4112;بهبهانة رنش صحيه 12 انش 40 مم 90 درجة ماركة WADFOW;6.06;https://hawarastore.com/wp-content/uploads/2025/05/WPW4112-1.png;yes
WPW6108;رنش مائل 8 انش 27 مم ماركة WADFOW;2.25;https://hawarastore.com/wp-content/uploads/2025/05/WPW6108-1.png;yes
WPW6110;رنش مائل 10 انش 33 مم ماركة WADFOW;2.76;https://hawarastore.com/wp-content/uploads/2025/05/WPW6110-1.png;yes
WPW6112;رنش مائل 12 انش 42 مم ماركة WADFOW;3.7;https://hawarastore.com/wp-content/uploads/2025/05/WPW6112-1.png;yes
WPW6114;رنش مائل 14 انش 48 مم ماركة WADFOW;4.48;https://hawarastore.com/wp-content/uploads/2025/05/WPW6114-1.png;yes
WPW6118;رنش مائل 18 انش 60 مم ماركة WADFOW;6.06;https://hawarastore.com/wp-content/uploads/2025/05/WPW6118-1.png;yes
WPW6124;رنش مائل 24 انش 73 مم ماركة WADFOW;9.41;https://hawarastore.com/wp-content/uploads/2025/05/WPW6124-1.png;yes
WPW7110;مفتاح رنش صحية متعدد الاستخدام قياس 10 انش مجال 14-30 ماركة WADFOW;2.44;https://hawarastore.com/wp-content/uploads/2025/05/WPW7110-1.png;yes
WPW7114;مفتاح رنش صحية متعدد الاستخدام 14 انش مجال 30-60 ماركة WADFOW;3.95;;no
WPW8108;رنش 8 انش 27 مم CR-V من WADFOW;1.85;https://hawarastore.com/wp-content/uploads/2025/09/WPW8108.png;yes
WPW8110;رنش 10 انش 33 مم CR-V من WADFOW;2.31;https://hawarastore.com/wp-content/uploads/2025/05/WPW8110-1.png;yes
WPW8112;رنش 12 انش CR-V من WADFOW;2.9;https://hawarastore.com/wp-content/uploads/2025/05/WPW8112-1.png;yes
WPW8114;رنش 14 انش CR-V من WADFOW;3.57;https://hawarastore.com/wp-content/uploads/2025/05/WPW8114-1.png;yes
WPW8118;رنش 18 انش 60 مم CR-V من WADFOW;5.06;https://hawarastore.com/wp-content/uploads/2025/09/WPW8118.png;yes
WPW8124;رنش 24 انش 73 مم CR-V قياس 73 مم WADFOW;7.56;;no
WPW8136;رنش 36 انش 85 مم CR-V من WADFOW;15.92;https://hawarastore.com/wp-content/uploads/2025/09/WPW8136.png;yes
WPW8148;رنش 48 انش 110 مم CR-V من WADFOW;22.61;https://hawarastore.com/wp-content/uploads/2025/09/WPW8148.png;yes
WQB1345;لاوية حديد لفتح الصناديق 18 انش طول 45 سم ماركة WADFOW;1.98;https://hawarastore.com/wp-content/uploads/2025/05/WQB1345-1.png;yes
WQB1360;لاوية حديد لفتح الصناديق 24 انش طول 60 سم ماركة WADFOW;2.45;https://hawarastore.com/wp-content/uploads/2025/05/WQB1360-1.png;yes
WQB1375;لاوية حديد لفتح الصناديق 30 انش طول 75 سم ماركة WADFOW;3.48;https://hawarastore.com/wp-content/uploads/2025/05/WQB1375-1.png;yes
WQB1390;لاوية حديد لفتح الصناديق 36 انش طول 90 سم ماركة WADFOW;4.27;https://hawarastore.com/wp-content/uploads/2025/05/WQB1390-1.png;yes
WQB2316;لاوي قارص دواليب سيارة طول 400 مم ماركة WADFOW;3.29;https://hawarastore.com/wp-content/uploads/2025/05/WQB2316-1.png;yes
WQB2320;لاوي قارص دواليب سيارة طول 500 مم ماركة WADFOW;3.59;https://hawarastore.com/wp-content/uploads/2025/05/WQB2320-1.png;yes
WQB2324;لاوي قارص دواليب سيارة 24 انش 600 مم صناعي ماركة WADFOW;4.58;https://hawarastore.com/wp-content/uploads/2025/05/WQB2324-1.png;yes
WQB5405;طقم أدوات فك واجهات السيارة الداخلية 5 قطع بلاستيك WADFOW;3.23;https://sp-ao.shortpixel.ai/client/to_webp,q_glossy,ret_img/https://hawarastore.com/wp-content/uploads/woocommerce-placeholder-600x600.png;yes
WQB5406;طقم أدوات فك واجهات السيارة الداخلية 6 قطع بلاستيك WADFOW;2.97;https://sp-ao.shortpixel.ai/client/to_webp,q_glossy,ret_img/https://hawarastore.com/wp-content/uploads/woocommerce-placeholder-600x600.png;yes
WQB5D04;طقم شوكة فاصل المفاصل الكروية للسيارة (من أجزاء نظام التعليق والتوجيه) 5 قطع WADFOW;13.49;https://sp-ao.shortpixel.ai/client/to_webp,q_glossy,ret_img/https://hawarastore.com/wp-content/uploads/woocommerce-placeholder-600x600.png;yes
WQB5D11;طقم أدوات فك واجهات السيارة الداخلية 11 قطعة بلاستيك WADFOW;6.48;https://sp-ao.shortpixel.ai/client/to_webp,q_glossy,ret_img/https://hawarastore.com/wp-content/uploads/woocommerce-placeholder-600x600.png;yes
WQBS203;مفك غطاء صباب سيارة 3 قطع ماركة WADFOW;3.98;https://hawarastore.com/wp-content/uploads/2025/05/WQBS203-1.png;yes
WQC1E02;وصلة خرطوم باتجاهين ماركة WADFOW;0.32;https://hawarastore.com/wp-content/uploads/2025/05/WQC1E02-1.png;yes
WQC1E12;وصلة مغسل 1/2 انش بلاستيك ماركة WADFOW;0.47;https://hawarastore.com/wp-content/uploads/2025/05/WQC1E12-1.png;yes
WQC2E12;وصلة مغسل 1/2 انش بلاستيك مع مانع رجوع مياه ماركة WADFOW;0.51;https://hawarastore.com/wp-content/uploads/2025/05/WQC2E12-1.png;yes
WQC2E21;وصلة مغسل 1/2 انش MENDER ماركة WADFOW;0.39;https://hawarastore.com/wp-content/uploads/2025/05/WQC2E21-1.png;yes
WQC2E33;وصلة مغسل سيارات طقم 3 قطع ماركة WADFOW;1.13;https://hawarastore.com/wp-content/uploads/2025/05/WQC2E33-1.png;yes
WQC5534;مؤقت زمني 3/4 انش ديجيتال ماركة WADFOW;17.41;https://hawarastore.com/wp-content/uploads/2025/05/WQC5534-1.png;yes
WQC6E34;وصلة مغسل سيارات طقم 2 قطعة 1/2 انش + 3/4 انش ماركة WADFOW;0.79;https://hawarastore.com/wp-content/uploads/2025/05/WQC6E34-1.png;yes
WQC7E34;وصلة خرطوم واي بلاستيك ماركة WADFOW;0.41;https://hawarastore.com/wp-content/uploads/2025/05/WQC7E34-1.png;yes
WQC9E34;تحويلة خرطوم 1/2 - 3/4 انش بلاستيك ماركة WADFOW;0.4;https://hawarastore.com/wp-content/uploads/2025/05/WQC9E34-1.png;yes
WQD1665;نزاعة كبسات 6.5 انش ماركة WADFOW;1.16;https://hawarastore.com/wp-content/uploads/2025/05/WQD1665-1.png;yes
WQE15801;حفارة ارض زراعية 20 فولت BL + ريشة حفارة بقطر 15سم بدون بطارية وشاحن ماركة WADFOW;80.77;https://hawarastore.com/wp-content/uploads/2025/05/WQE15801-1.png;yes
WQG1905;خرطوم هواء 5 متر ماركة WADFOW;1.3;https://hawarastore.com/wp-content/uploads/2025/05/WQG1905-1.png;yes
WQG1910;خرطوم هواء 10 متر ماركة WADFOW;2.06;https://hawarastore.com/wp-content/uploads/2025/05/WQG1910-1.png;yes
WQG1915;خرطوم هواء 15 متر ماركة WADFOW;2.79;;no
WQJ0601;طقم مفكات شق ومصالب 6 قطع نوع S2 عادي ومصالب WADFOW;6.09;https://hawarastore.com/wp-content/uploads/2025/09/WQJ0601.png;yes
WQJ1254;مفك براغي طرق شق SL5.5*100 مم S2 ماركة WADFOW;0.86;https://hawarastore.com/wp-content/uploads/2025/05/WQJ1254-1.png;yes
WQJ1266;مفك براغي طرق شق 150*6.5 مم مغناطيس S2 ماركة WADFOW;0.96;https://hawarastore.com/wp-content/uploads/2025/05/WQJ1266-1.png;yes
WQJ1288;مفك براغي شق طرق قياس 200*SL8 مم مغناطيس S2 ماركة WADFOW;1.35;https://hawarastore.com/wp-content/uploads/2025/05/WQJ1288-1.png;yes
WQJ2214;مفك براغي طرق مصالب PH1*100 مم مغناطيس S2 ماركة WADFOW;0.86;https://hawarastore.com/wp-content/uploads/2025/05/WQJ2214-1.png;yes
WQJ2226;مفك براغي طرق مصالب 150*6 مم مغناطيس S2 ماركة WADFOW;0.96;https://hawarastore.com/wp-content/uploads/2025/05/WQJ2226-1.png;yes
WQJ2238;مفك براغي طرق مصالب 200*PH3 مم مغناطيس S2 ماركة WADFOW;1.35;https://hawarastore.com/wp-content/uploads/2025/05/WQJ2238-1.png;yes
WQM1A24;طيارة لرج الباطون بنزين محرك 6.5 حصان 56 كغ قطر 57 سم WADFOW;444.78;;no
WQM1A36;طيارة لرج الباطون بنزين محرك 6.5 حصان قطر91 سم 36 انش WADFOW;489.14;;no
WQM1A46;طيارة لرج الباطون بنزين 9 حصان وزن 100 كغ محيط 114 سم 46 انش ماركة WADFOW;696.05;;no
WQP0970;كوبلر ( وصلة ضاغط ) موديل أوروبي ماركة WADFOW;0.97;https://hawarastore.com/wp-content/uploads/2025/05/WQP0970-1.png;yes
WQP2950;طقم 2 قطعة وصلة هواء سريعة سن ذكر 1/4 انش ماركة WADFOW;0.48;https://hawarastore.com/wp-content/uploads/2025/05/WQP2950-1.png;yes
WQP2970;طقم 2 قطعة وصلة هواء سريعة سن انثى 1/4 انش ماركة WADFOW;0.53;https://hawarastore.com/wp-content/uploads/2025/05/WQP2970-1.png;yes
WQP3670;مجموعة كوبلير لزوم ضاغط عدد 5 قطع ماركة WADFOW;1.77;https://hawarastore.com/wp-content/uploads/2025/05/WQP3670-1.png;yes
WQP4670;طقم اكسسوار هواء كوبلير 1/4 انش 4 قطع ماركة WADFOW;2.26;https://hawarastore.com/wp-content/uploads/2025/05/WQP4670-1.png;yes
WQR13102;كاسة كور الماس مائي قطر 102 مم طول 45 سم مع ادابتر صناعي ماركة;0;;no
WQR13122;كاسة كور الماس مائي قطر 122 مم طول 45 سم مع ادابتر صناعي ماركة;0;;no
WQR1328;كاسة كور الماس مائي قطر 28 مم طول 45 سم مع ادابتر صناعي ماركة;0;;no
WQR1352;كاسة كور الماس مائي قطر 52 مم طول 45 سم مع ادابتر صناعي ماركة;0;;no
WQR1365;كاسة كور الماس مائي قطر 65 مم طول 45 سم مع ادابتر صناعي ماركة;0;;no
WQR1382;كاسة كور الماس مائي قطر 82 مم طول 45 سم مع ادابتر صناعي ماركة;0;;no
WQT1A01;شلاحة دواليب 41 انش يدوية ماركة WADFOW;136.12;https://hawarastore.com/wp-content/uploads/2025/05/WQT1A01-1.png;yes
WQX0120;مغسل سيارات بطارية 20 فولت 24.5 بار بدون بطارية وشاحن + اكسسوارات WADFOW;21.2;https://hawarastore.com/wp-content/uploads/2025/05/WQX0120-1.png;yes
WQX01203;مغسل سيارات بطارية 20 فولت 24.5 بار + بطارية 2 امبير + شاحن + اكسسوارات WADFOW;35.02;;no
WQX11203;مغسل سيارات بطارية 20 فولت ضغط 24.8 بار BL + بطارية 2 امبير عدد 2 + شاحن WADFOW;64.52;https://hawarastore.com/wp-content/uploads/2025/09/WQX11203.png;yes
WQX1528;مغسل سيارات بطارية 20 فولت ضغط 24.5 بار تدفق 2.5 ل/د بدون (بطارية وشاحن) ماركة WADFOW;21.12;;no
WQXS1501;كومبو 2 قطعة مغسل بطارية 20 فولت +كور هواء ساخن 20 فولت + بطارية 4 امبير + شاحن + اكسسوارات WADFOW;46.01;;no
WQZ1301;مشرط قشط طول 20 سم مع نصلة عدد 2 ماركة WADFOW;1.13;https://hawarastore.com/wp-content/uploads/2025/05/WQZ1301-1.png;yes
WRB4L42;مريول عمل مع حذاء عمل مقاوم للماء قياس 42 WADFOW;16.13;https://hawarastore.com/wp-content/uploads/2025/09/WRB4L42.png;yes
WRB4L43;مريول عمل مع حذاء عمل مقاوم للماء قياس 43 WADFOW;16.13;https://hawarastore.com/wp-content/uploads/2025/09/WRB4L43.png;yes
WRB4L44;مريول عمل مع حذاء عمل مقاوم للماء قياس 44 WADFOW;16.13;https://hawarastore.com/wp-content/uploads/2025/09/WRB4L44.png;yes
WRC300L;بدلة عمل مطرية قطعتين سماكة 0.25 مم قياس L ماركة WADFOW;5.6;;no
WRC30XL;بدلة عمل مطرية قطعتين سماكة 0.25 مم قياس XL ماركة WADFOW;5.6;;no
WRC3XXL;بدلة عمل مطرية قطعتين سماكة 0.25 مم قياس XXL ماركة WADFOW;5.6;;no
WRCM2A18;قصاصة زفت بنزين 13 حصان وزن 180 كغ اقصى عمق قطع 17 سم ماركة WADFOW;1082.74;https://hawarastore.com/wp-content/uploads/2026/06/WRCM2A18-878x1024.png;yes
WRG1401;ريشة روتر (حفر ) علوية امامية 6.35 × 6 مم WADFOW على كرت 6*6.35;0.89;https://hawarastore.com/wp-content/uploads/2025/09/WRG1401.png;yes
WRG1402;ريشة روتر (حفر ) علوية امامية 8 × 6 مم WADFOW على كرت 6*7.96;0.9;https://hawarastore.com/wp-content/uploads/2025/09/WRG1402.png;yes
WRG1403;ريشة روتر (حفر ) علوية امامية 9.5 × 6 مم WADFOW على كرت 6*9.5;1.05;https://hawarastore.com/wp-content/uploads/2025/09/WRG1403.png;yes
WRG1404;ريشة روتر (حفر ) علوية امامية 12.7 × 6 مم WADFOW على كرت 6*12.7;1.27;https://hawarastore.com/wp-content/uploads/2025/09/WRG1404-.png;yes
WRG1405;ريشة روتر (حفر ) علوية امامية 16 × 6 مم WADFOW على كرت 6*15.9;1.55;https://hawarastore.com/wp-content/uploads/2025/09/WRG1405.png;yes
WRG1406;ريشة روتر (حفر ) علوية امامية 19 × 6 مم WADFOW على كرت;2.12;https://hawarastore.com/wp-content/uploads/2025/09/WRG1406.png;yes
WRG1407;ريشة روتر (حفر ) علوية امامية 22 × 6 مم WADFOW على كرت;2.24;https://hawarastore.com/wp-content/uploads/2025/09/WRG1407.png;yes
WRG1408;ريشة روتر (حفر ) علوية امامية 25 × 6 مم WADFOW على كرت 6*25.4;2.42;https://hawarastore.com/wp-content/uploads/2025/09/WRG1408.png;yes
WRG2401;ريشة روتر حرف V قياس 6.35 × 6 مم WADFOW على كرت 6*6.35;0.87;https://hawarastore.com/wp-content/uploads/2025/09/WRG2401-.png;yes
WRG2402;ريشة روتر حرف V قياس 8 × 6 مم WADFOW على كرت;0.9;https://hawarastore.com/wp-content/uploads/2025/09/WRG2402-.png;yes
WRG2403;ريشة روتر حرف V قياس 9.5 × 6 مم WADFOW على كرت 6*9.52;1.02;https://hawarastore.com/wp-content/uploads/2025/09/WRG2403-.png;yes
WRG2404;ريشة روتر حرف V قياس 12.7 × 6 مم WADFOW على كرت 6*12.7;1.19;https://hawarastore.com/wp-content/uploads/2025/09/WRG2404.png;yes
WRG2P06;طقم ريش روتر 35 قطعة 6 مم ضمن صندوق المنيوم WADFOW;0;;no
WRG3401;ريشة روتر 45 درجة 22 × 6 مم WADFOW على كرت;1.61;https://hawarastore.com/wp-content/uploads/2025/09/WRG3401-.png;yes
WRG3402;ريشة روتر 45 درجة 24 × 6 مم WADFOW على كرت;1.7;https://hawarastore.com/wp-content/uploads/2025/09/WRG3402-.png;yes
WRG3403;ريشة روتر 45 درجة 26 × 6 مم WADFOW على كرت;1.77;https://hawarastore.com/wp-content/uploads/2025/09/WRG3403.png;yes
WRG3404;ريشة روتر 45 درجة 30 × 6 مم WADFOW على كرت;1.97;https://hawarastore.com/wp-content/uploads/2025/09/WRG3404-.png;yes
WRG4401;ريشة روتر رومان (حفر ) جانبية 2.38 × 6 مم WADFOW على كرت 6*2.38;1.68;https://hawarastore.com/wp-content/uploads/2025/09/WRG4401.png;yes
WRG4402;ريشة روتر رومان (حفر ) جانبية 3.17 × 6 مم WADFOW على كرت 6*3.17;1.67;https://hawarastore.com/wp-content/uploads/2025/09/WRG4402-.png;yes
WRG4403;ريشة روتر رومان (حفر ) جانبية 3.96 × 6 مم WADFOW على كرت 6*3.96;1.67;https://hawarastore.com/wp-content/uploads/2025/09/WRG4403-.png;yes
WRG4404;ريشة روتر رومان (حفر ) جانبية 4.76 × 6 مم WADFOW على كرت 6*4.76;1.67;https://hawarastore.com/wp-content/uploads/2025/09/WRG4404-.png;yes
WRG5401;ريشة روتر روماني دمج 22 × 6 مم WADFOW على كرت 6*9.52;1.73;https://hawarastore.com/wp-content/uploads/2025/09/WRG5401.png;yes
WRG5402;ريشة روتر روماني دمج 25 × 6 مم WADFOW على كرت 6*12.7;1.73;https://hawarastore.com/wp-content/uploads/2025/09/WRG5402-.png;yes
WRG5403;ريشة روتر روماني دمج 29 × 6 مم WADFOWعلى كرت 6*15.9;2.36;https://hawarastore.com/wp-content/uploads/2025/09/WRG5403-.png;yes
WRG5404;ريشة روتر روماني دمج 32 × 6 مم WADFOW على كرت 6*19.04;2.35;https://hawarastore.com/wp-content/uploads/2025/09/WRG5404-.png;yes
WRG5405;ريشة روتر روماني دمج 35 × 6 مم WADFOW على كرت 6*22.2;3.7;https://hawarastore.com/wp-content/uploads/2025/09/WRG5405-.png;yes
WRG5P06;طقم ريش روتر 15 قطعة 6 مم ضمن علبة خشب WADFOW;10.04;;no
WRG6401;ريشة روتر رومان (دمج) زاوية 17 × 6 مم WADFOW على كرت 6*5;1.36;https://hawarastore.com/wp-content/uploads/2025/09/WRG6401.png;yes
WRG6402;ريشة روتر رومان (دمج) زاوية 19 × 6 مم WADFOW على كرت 6*6.34;1.41;https://hawarastore.com/wp-content/uploads/2025/09/WRG6402-.png;yes
WRG6403;ريشة روتر رومان (دمج) زاوية 21 × 6 مم WADFOW على كرت 6*7.92;1.53;https://hawarastore.com/wp-content/uploads/2025/09/WRG6403-.png;yes
WRG6404;ريشة روتر رومان (دمج) زاوية 22 × 6 مم WADFOW على كرت 6*9.56;1.59;https://hawarastore.com/wp-content/uploads/2025/09/WRG6404-.png;yes
WRG6405;ريشة روتر رومان (دمج) زاوية 25 × 6 مم WADFOW على كرت 6*12.7;1.71;https://hawarastore.com/wp-content/uploads/2025/09/WRG6405-.png;yes
WRG6406;ريشة روتر رومان (دمج) زاوية 28 × 6 مم WADFOW على كرت 6*15.92;1.97;https://hawarastore.com/wp-content/uploads/2025/09/WRG6406-.png;yes
WRG6407;ريشة روتر رومان (دمج) زاوية 31 × 6 مم WADFOW على كرت 6*19.04;2.53;https://hawarastore.com/wp-content/uploads/2025/09/WRG6407-.png;yes
WRG6408;ريشة روتر رومان (دمج) زاوية 35 × 6 مم WADFOW على كرت 6*22.2;2.68;https://hawarastore.com/wp-content/uploads/2025/09/WRG6408-.png;yes
WRG6409;ريشة روتر رومان (دمج) زاوية 38 × 6 مم WADFOW على كرت 6*25.4;3.12;https://hawarastore.com/wp-content/uploads/2025/09/WRG6409-.png;yes
WRG7401;ريشة روتر حواف 7 × 6 مم WADFOW على كرت 6*7;2.38;https://hawarastore.com/wp-content/uploads/2025/09/WRG7401-.png;yes
WRG7402;ريشة روتر حواف 8 × 6 مم WADFOW على كرت 6*8;2.41;https://hawarastore.com/wp-content/uploads/2025/09/WRG7402-.png;yes
WRG7403;ريشة روتر حواف 9.5 × 6 مم WADFOW على كرت 6*9.5;2.51;https://hawarastore.com/wp-content/uploads/2025/09/WRG7403-.png;yes
WRG7404;ريشة روتر حواف 12.7 × 6 مم WADFOW على كرت 6*12.7;2.76;https://hawarastore.com/wp-content/uploads/2025/09/WRG7404-.png;yes
WRG8401;ريشة روتر امامية نصف كرة 6.4 × 6 مم WADFOW على كرت 6*6.35;1.73;https://hawarastore.com/wp-content/uploads/2025/09/WRG8401.png;yes
WRG8402;ريشة روتر امامية نصف كرة 8 × 6 مم WADFOW على كرت 6*7.96;1.78;https://hawarastore.com/wp-content/uploads/2025/09/WRG8402-.png;yes
WRG8403;ريشة روتر امامية نصف كرة 9.5 × 6 مم WADFOW على كرت 6*9.52;1.83;https://hawarastore.com/wp-content/uploads/2025/09/WRG8403.png;yes
WRG8404;ريشة روتر امامية نصف كرة 12.7 × 6 مم WADFOW على كرت 6*12.7;2.08;https://hawarastore.com/wp-content/uploads/2025/09/WRG8404-.png;yes
WRH1D26;مثقب 800 واط 26 مم SDS PLUS + اكسسوارات ضمن حقيبة بلاستيك ماركة WADFOW;37.64;https://hawarastore.com/wp-content/uploads/2025/05/WRH1D26-1.png;yes
WRH1D26-2;مثقب 800 واط 26 مم SDS PLUS + كوانة اوتوماتيك + اكسسوارات ضمن حقيبة بلاستيك WADFOW;44.11;https://hawarastore.com/wp-content/uploads/2025/05/WRH1D26-2-1.png;yes
WRH2D26;كسارة دق برم 1050 واط 4.5 جول SDS + اكسسوارات ضمن حقيبة بلاستيك WADFOW;47.29;https://hawarastore.com/wp-content/uploads/2025/05/WRH2D26-1.png;yes
WRH2D32;كسارة دق برم 1500 واط 5.5 جول SDS PLUS + اكسسوارات ضمن حقيبة بلاستيك WADFOW;53.42;https://hawarastore.com/wp-content/uploads/2025/05/WRH2D32-1.png;yes
WRH3D38;كسارة دق برم 1600 واط 10 جول 40 مم SDS MAX + اكسسوارات ضمن حقيبة بلاستيك WADFOW;85.34;https://hawarastore.com/wp-content/uploads/2025/05/WRH3D38-1.png;yes
WRJ1501;كمامة ( نصف قناع ) مع شريحة تصفية واحدة WADFOW;1.6;;no
WRJ2502;كمامة ( نصف قناع ) مع شريحتين تصفية WADFOW;1.94;;no
WRKSR0106;طقم ريش حفر روتر 6 قطع 6 مم WADFOW;5.75;https://hawarastore.com/wp-content/uploads/2025/09/WRKSR0106.png;yes
WRKSR0112;طقم ريش حفر روتر 6 قطع 12 مم WADFOW;5.75;https://hawarastore.com/wp-content/uploads/2025/09/WRKSR0112.png;yes
WRM1101;بانسة تجميع قياس 11 انش ماركة WADFOW;7.15;https://hawarastore.com/wp-content/uploads/2025/05/WRM1101-1.png;yes
WRM2003;كومبو 3 بانسات تقنيات تشكيل المعادن للتثبيت و الطي و الكبس WADFOW;20.87;https://hawarastore.com/wp-content/uploads/2025/09/WRM2003.jpg;yes
WRP1606;بلبل مغناطيس شريط 6 متر ماركة WADFOW;4.4;https://hawarastore.com/wp-content/uploads/2025/05/WRP1606-1.png;yes
WRR8001;مجموعة حقائب 4 قطع + اكسسوارت جلخ محوري WADFOW;6.36;https://hawarastore.com/wp-content/uploads/2025/09/WRR8001.png;yes
WRS1550;مرش مبيدات زراعي يدوي 5 ليتر ماركة WADFOW;6.78;https://hawarastore.com/wp-content/uploads/2025/05/WRS1550-1.png;yes
WRS15752;منشار ترددي 750 واط خشب + حديد + اكسسوارات ماركة WADFOW;36.03;;no
WRS1820;مرش مبيدات زراعي يدوي 2 ليتر حديث ماركة WADFOW;2.34;https://hawarastore.com/wp-content/uploads/2025/05/WRS1820-1.png;yes
WRSUK19;مشرط 61 × 19 مم ماركة WADFOW;0.48;https://hawarastore.com/wp-content/uploads/2025/05/WRSUK19-1.png;yes
WRU1315;مسطرة ستانلس ستيل طول 15 سم عرض 15 مم ماركة WADFOW;0.2;https://hawarastore.com/wp-content/uploads/2025/05/WRU1315-1.png;yes
WRU1330;مسطرة ستانلس ستيل طول 30 سم عرض 25 مم ماركة WADFOW;0.56;https://hawarastore.com/wp-content/uploads/2025/05/WRU1330-1.png;yes
WRU1350;مسطرة ستانلس ستيل طول 50 سم عرض 29 مم ماركة WADFOW;1.05;https://hawarastore.com/wp-content/uploads/2025/05/WRU1350-1.png;yes
WRU1360;مسطرة ستانلس ستيل طول 60 سم عرض 30 مم ماركة WADFOW;1.28;https://hawarastore.com/wp-content/uploads/2025/05/WRU1360-1.png;yes
WRV1801;صدرية عاكسة لون برتقالي 4 خطوط عاكس قياس XL ماركة WADFOW;2.03;;no
WRV1802;صدرية عاكسة لون اصفر 4 خطوط عاكس قياس XL ماركة WADFOW;2.03;;no
WRV2801;صدرية عاكسة لون برتقالي خطين عاكس قياس XL ماركة WADFOW;1.75;;no
WRV2802;صدرية عاكسة لون اصفر خطين عاكس قياس XL ماركة WADFOW;1.75;;no
WRW1212;مفتاح طقطاق 1/2 انش صناعي ماركة WADFOW;4.57;https://hawarastore.com/wp-content/uploads/2025/05/WRW1212-1.png;yes
WRW1214;مفتاح طقطاق 1/4 انش طول 158 مم صناعي ماركة WADFOW;2.64;https://hawarastore.com/wp-content/uploads/2025/05/WRW1214-1.png;yes
WRW1238;مفتاح طقطاق 3/8 انش طول 205 مم صناعي ماركة WADFOW;3.64;https://hawarastore.com/wp-content/uploads/2025/05/WRW1238-1.png;yes
WRW2212;مفتاح طقطاق 1/2 انش قصير جدا طول 137 مم ماركة WADFOW;4.44;https://hawarastore.com/wp-content/uploads/2026/06/WRW2212.png;yes
WRW2214;مفتاح طقطاق 1/4 انش قصير جدا طول 85 مم ماركة WADFOW;2.42;https://hawarastore.com/wp-content/uploads/2026/06/WRW2214.png;yes
WRW2238;مفتاح طقطاق 3/8 انش قصير جدا طول 100 مم ماركة WADFOW;3.3;https://hawarastore.com/wp-content/uploads/2026/06/WRW2238-1024x717.png;yes
WRW2J14;مفتاح طقطاق 1/4 انش صغير طول 110 مم ماركة WADFOW;2.84;https://hawarastore.com/wp-content/uploads/2025/05/WRW2J14-1.png;yes
WRW3234;مفتاح طقطاق 3/4 انش طول 500 مم ماركة WADFOW;14.78;https://hawarastore.com/wp-content/uploads/2026/06/WRW3234.png;yes
WRW4212;مفتاح طقطاق 1/2 انش قابل للتعديل ماركة WADFOW;8;https://hawarastore.com/wp-content/uploads/2025/05/WRW4212-1.png;yes
WRW4214;مفتاح طقطاق 1/4 انش طول 200 مم قابل للتعديل 180 درجة ماركة WADFOW;4.71;https://hawarastore.com/wp-content/uploads/2025/05/WRW4214-1.png;yes
WRW4238;مفتاح طقطاق 3/8 انش قابل للتعديل 180 درجة ماركة WADFOW;6.06;https://hawarastore.com/wp-content/uploads/2025/05/WRW4238-1.png;yes
WRW5212;مفتاح طقطاق 1/2 انش قابل للتطويل من 340 حتى 450 مم WADFOW;7.83;;no
WRW5501;أداة توسيع المكابس WADFOW;9.5;https://hawarastore.com/wp-content/uploads/2025/09/WRW5501.png;yes
WRW7212;مفتاح طقطاق طويل 1/2 انش طول 600 مم ماركة WADFOW;9.04;https://hawarastore.com/wp-content/uploads/2026/06/WRW7212.png;yes
WRW7214;مفتاح طقطاق طويل 1/4 انش طول 305 مم ماركة WADFOW;4.35;https://hawarastore.com/wp-content/uploads/2026/06/WRW7214.png;yes
WRW7238;مفتاح طقطاق طويل 3/8 انش طول 460 مم ماركة WADFOW;6.7;https://hawarastore.com/wp-content/uploads/2026/06/WRW7238.png;yes
WRY16180;جلخ محوري بطارية 18 فولت بطارية داخلية + اكسسوارات على كرت بلاستيك ماركة WADFOW;9.94;https://hawarastore.com/wp-content/uploads/2025/05/WRY16180-1.png;yes
WRY1D131;جلخ محوري متسارع 130 واط 3.2 مم +اكسسوارات ضمن حقيبة بلاستيك WADFOW;16.73;https://hawarastore.com/wp-content/uploads/2025/05/WRY1D131-1.png;yes
WRY1M121;جلخ محوري بطارية 12 فولت TYPE-C بدون شاحن + اكسسوارات ضمن حقيبة قماشيةماركة WADFOW;26.19;https://hawarastore.com/wp-content/uploads/2025/05/WRY1M121-1.png;yes
WRYN418;جلخ محوري 4 فولت بطارية داخلية موديل TYPE-C مع 50 قطعة اكسسوار WADFOW;15.22;https://hawarastore.com/wp-content/uploads/2025/10/WRYN418.jpeg;yes
WRYP1504;جلخ محوري 4 فولت بطارية داخلية موديل TYPE-Cمع اكسسوارات 34 قطعة WADFOW;17.75;https://hawarastore.com/wp-content/uploads/2025/05/WRYP1504-1.png;yes
WSA1106;مفتاح طرف 6 مم صناعي ماركة WADFOW;0.45;https://hawarastore.com/wp-content/uploads/2025/05/WSA1106-1.png;yes
WSA1107;مفتاح طرف 7 مم صناعي WADFOW;0.46;https://hawarastore.com/wp-content/uploads/2025/05/WSA1107-1.png;yes
WSA1108;مفتاح طرف 8 مم ماركة WADFOW;0.48;https://hawarastore.com/wp-content/uploads/2025/05/WSA1108-1.png;yes
WSA1109;مفتاح طرف 9 مم ماركة WADFOW;0.54;https://hawarastore.com/wp-content/uploads/2025/05/WSA1109-1.png;yes
WSA1110;مفتاح طرف 10 مم ماركة WADFOW;0.56;;no
WSA1111;مفتاح طرف 11 مم صناعي ماركة WADFOW;0.63;https://hawarastore.com/wp-content/uploads/2025/05/WSA1111-1.png;yes
WSA1112;مفتاح طرف 12 مم ماركة WADFOW;0.66;https://hawarastore.com/wp-content/uploads/2025/05/WSA1112-1.png;yes
WSA1113;مفتاح طرف 13 مم ماركة WADFOW;0.68;;no
WSA1114;مفتاح طرف 14 مم ماركة WADFOW;0.73;https://hawarastore.com/wp-content/uploads/2025/05/WSA1114-1.png;yes
WSA1115;مفتاح طرف 15 مم ماركة WADFOW;0.86;https://hawarastore.com/wp-content/uploads/2025/05/WSA1115-1.png;yes
WSA1116;مفتاح طرف 16 مم ماركة WADFOW;0.95;;no
WSA1117;مفتاح طرف 17 مم ماركة WADFOW;0.94;https://hawarastore.com/wp-content/uploads/2025/05/WSA1117-1.png;yes
WSA1118;مفتاح طرف 18 مم ماركة WADFOW;1;https://hawarastore.com/wp-content/uploads/2025/05/WSA1118-1.png;yes
WSA1119;مفتاح طرف 19 مم ماركة WADFOW;1.04;https://hawarastore.com/wp-content/uploads/2025/05/WSA1119-1.png;yes
WSA1120;مفتاح طرف 20 مم صناعي ماركة WADFOW;1.24;https://hawarastore.com/wp-content/uploads/2025/05/WSA1120-1.png;yes
WSA1121;مفتاح طرف 21 مم ماركة WADFOW;1.31;https://hawarastore.com/wp-content/uploads/2025/05/WSA1121-1.png;yes
WSA1122;مفتاح طرف 22 مم ماركة WADFOW;1.4;https://hawarastore.com/wp-content/uploads/2025/05/WSA1122-1.png;yes
WSA1124;مفتاح طرف 24 مم ماركة WADFOW;1.79;https://hawarastore.com/wp-content/uploads/2025/05/WSA1124-1.png;yes
WSA1127;مفتاح طرف 27 مم ماركة WADFOW;2.55;;no
WSA1130;مفتاح طرف 30 مم صناعي ماركة WADFOW;3.14;https://hawarastore.com/wp-content/uploads/2025/05/WSA1130-1.png;yes
WSA1132;مفتاح طرف 32 مم ماركة WADFOW;3.38;https://hawarastore.com/wp-content/uploads/2025/05/WSA1132-1.png;yes
WSA1306;مفتاح طرف 6 مم ماركة WADFOW;0.45;;no
WSA1307;مفتاح طرف 7 مم ماركة WADFOW;0.46;;no
WSA1308;مفتاح طرف 8 مم ماركة WADFOW;0.48;;no
WSA1309;مفتاح طرف 9 مم ماركة WADFOW;0.54;;no
WSA1310;مفتاح طرف 10 مم ماركة WADFOW;0.58;;no
WSA1311;مفتاح طرف 11 مم ماركة WADFOW;0.62;;no
WSA1312;مفتاح طرف 12 مم ماركة WADFOW;0.65;;no
WSA1313;مفتاح طرف 13 مم ماركة WADFOW;0.71;;no
WSA1314;مفتاح طرف 14 مم ماركة WADFOW;0.76;;no
WSA1315;مفتاح طرف 15 مم ماركة WADFOW;0.86;;no
WSA1316;مفتاح طرف 16 مم ماركة WADFOW;0.89;;no
WSA1317;مفتاح طرف 17 مم ماركة WADFOW;0.98;;no
WSA1318;مفتاح طرف 18 مم ماركة WADFOW;1.04;;no
WSA1319;مفتاح طرف 19 مم ماركة WADFOW;1.09;;no
WSA1320;مفتاح طرف 20 مم ماركة WADFOW;1.3;;no
WSA1321;مفتاح طرف 21 مم ماركة WADFOW;1.37;;no
WSA1322;مفتاح طرف 6 مم ماركة WADFOW;1.45;;no
WSA1324;مفتاح طرف 24 مم ماركة WADFOW;1.88;;no
WSA1327;مفتاح طرف 27 مم ماركة WADFOW;2.66;;no
WSA1330;مفتاح طرف 30 مم ماركة WADFOW;3.29;;no
WSA1332;مفتاح طرف 32 مم ماركة WADFOW;3.53;;no
WSA2201;مفتاح شق 6 × 7 ماركة WADFOW;0.46;;no
WSA2202;مفتاح شق 8 × 9 ماركة WADFOW;0.49;;no
WSA2203;مفتاح شق 10 × 11 ماركة WADFOW;0.52;;no
WSA2204;مفتاح شق 12 × 13 ماركة WADFOW;0.54;;no
WSA2205;مفتاح شق 14 × 15 ماركة WADFOW;0.75;;no
WSA2206;مفتاح شق 16 × 17 ماركة WADFOW;0.88;;no
WSA2207;مفتاح شق 6 × 7 ماركة WADFOW;0.93;;no
WSA2208;مفتاح شق 20 × 22 ماركة WADFOW;1.21;;no
WSA2209;مفتاح شق 21 × 23 ماركة WADFOW;1.44;;no
WSA2210;مفتاح شق 24 × 27 ماركة WADFOW;1.86;;no
WSA2211;مفتاح شق 6 × 7 ماركة WADFOW;2.45;;no
WSA2212;مفتاح شق 30 × 32 ماركة WADFOW;2.78;;no
WSA2301;مفتاح شق 6 × 7 ماركة WADFOW;0.47;https://hawarastore.com/wp-content/uploads/2025/05/WSA2301-1.png;yes
WSA2302;مفتاح شق 8 × 9 ماركة WADFOW;0.47;https://hawarastore.com/wp-content/uploads/2025/05/WSA2302-1.png;yes
WSA2303;مفتاح شق 10 × 11 ماركة WADFOW;0.5;https://hawarastore.com/wp-content/uploads/2025/05/WSA2303-1.png;yes
WSA2304;مفتاح شق 13 × 12 مم ماركة WADFOW;0.52;https://hawarastore.com/wp-content/uploads/2025/05/WSA2304-1.png;yes
WSA2305;مفتاح شق 14 × 15 ماركة WADFOW;0.73;https://hawarastore.com/wp-content/uploads/2025/05/WSA2305-1.png;yes
WSA2306;مفتاح شق 16 × 17 ماركة WADFOW;0.85;https://hawarastore.com/wp-content/uploads/2025/05/WSA2306-1.png;yes
WSA2307;مفتاح شق 18 × 19 ماركة WADFOW;0.93;https://hawarastore.com/wp-content/uploads/2025/05/WSA2307-1.png;yes
WSA2308;مفتاح شق 20 × 22 ماركة WADFOW;1.16;https://hawarastore.com/wp-content/uploads/2025/05/WSA2308-1.png;yes
WSA2309;مفتاح شق 23 × 21 ماركة WADFOW;1.38;https://hawarastore.com/wp-content/uploads/2025/05/WSA2309-1.png;yes
WSA2310;مفتاح شق 24 × 27 ماركة WADFOW;1.86;https://hawarastore.com/wp-content/uploads/2025/05/WSA2310-1.png;yes
WSA2311;مفتاح شق 28 × 25 ماركة WADFOW;2.34;https://hawarastore.com/wp-content/uploads/2025/05/WSA2311-1.png;yes
WSA2312;مفتاح شق 30 × 32 ماركة WADFOW;2.66;https://hawarastore.com/wp-content/uploads/2025/05/WSA2312-1.png;yes
WSA3101;مفتاح حلق 6 × 7 مم ماركة WADFOW;0.53;https://hawarastore.com/wp-content/uploads/2025/05/WSA3101-1.png;yes
WSA3102;مفتاح حلق 8 × 9 ماركة WADFOW;0.61;https://hawarastore.com/wp-content/uploads/2025/05/WSA3102-1.png;yes
WSA3103;مفتاح حلق 10 × 11 ماركة WADFOW;0.67;https://hawarastore.com/wp-content/uploads/2025/05/WSA3103-1.png;yes
WSA3104;مفتاح حلق 12 × 13 ماركة WADFOW;0.73;;no
WSA3105;مفتاح حلق 14 × 15 ماركة WADFOW;0.93;https://hawarastore.com/wp-content/uploads/2025/05/WSA3105-1.png;yes
WSA3106;مفتاح حلق 16 × 17 ماركة WADFOW;1.1;https://hawarastore.com/wp-content/uploads/2025/05/WSA3106-1.png;yes
WSA3107;مفتاح حلق 18 × 19 ماركة WADFOW;1.14;https://hawarastore.com/wp-content/uploads/2025/05/WSA3107-1.png;yes
WSA3108;مفتاح حلق 22 × 20 مم ماركة WADFOW;1.57;https://hawarastore.com/wp-content/uploads/2025/05/WSA3108-1.png;yes
WSA3109;مفتاح حلق 21 × 23 مم ماركة WADFOW;1.81;https://hawarastore.com/wp-content/uploads/2025/05/WSA3109-1.png;yes
WSA3110;مفتاح حلق 24 × 27 ماركة WADFOW;2.43;https://hawarastore.com/wp-content/uploads/2025/05/WSA3110-1.png;yes
WSA3111;مفتاح حلق 25 × 28 ماركة WADFOW;2.57;https://hawarastore.com/wp-content/uploads/2025/05/WSA3111-1.png;yes
WSA3112;مفتاح حلق 30 × 32 ماركة WADFOW;3.16;https://hawarastore.com/wp-content/uploads/2025/05/WSA3112-1.png;yes
WSA3201;مفتاح حلق 6 × 7 مم ماركة WADFOW;0.52;;no
WSA3202;مفتاح حلق 8 × 9 مم ماركة WADFOW;0.6;;no
WSA3203;مفتاح حلق 10 × 11 مم ماركة WADFOW;0.66;;no
WSA3204;مفتاح حلق 12 × 13 مم ماركة WADFOW;0.76;;no
WSA3205;مفتاح حلق 14 × 15 مم ماركة WADFOW;0.98;;no
WSA3206;مفتاح حلق 16 × 17 مم ماركة WADFOW;1.14;;no
WSA3207;مفتاح حلق 18 × 19 مم ماركة WADFOW;1.2;;no
WSA3208;مفتاح حلق 20 × 22 مم ماركة WADFOW;1.55;;no
WSA3209;مفتاح حلق 21 × 23 مم ماركة WADFOW;1.9;;no
WSA3210;مفتاح حلق 24 × 27 مم ماركة WADFOW;2.54;;no
WSA3211;مفتاح حلق 25 × 28 مم ماركة WADFOW;2.54;;no
WSA3212;مفتاح حلق 30 × 32 مم ماركة WADFOW;3.3;;no
WSA5106;مفتاح طرف طقطاق 6 مم WADFOW;1.06;https://hawarastore.com/wp-content/uploads/2025/09/WSA5106.png;yes
WSA5107;مفتاح طرف طقطاق 7 مم WADFOW;1.06;https://hawarastore.com/wp-content/uploads/2025/09/WSA5107.png;yes
WSA5108;مفتاح طرف طقطاق 8 مم WADFOW;1.16;https://hawarastore.com/wp-content/uploads/2025/09/WSA5108.png;yes
WSA5109;مفتاح طرف طقطاق 9 مم WADFOW;1.18;https://hawarastore.com/wp-content/uploads/2025/09/WSA5109.png;yes
WSA5110;مفتاح طرف طقطاق 10 مم WADFOW;1.2;https://hawarastore.com/wp-content/uploads/2025/09/WSA5110.png;yes
WSA5111;مفتاح طرف طقطاق 11 مم WADFOW;1.25;https://hawarastore.com/wp-content/uploads/2025/05/WSA5111-1.png;yes
WSA5112;مفتاح طرف طقطاق 12 مم WADFOW;1.36;https://hawarastore.com/wp-content/uploads/2025/09/WSA5112.png;yes
WSA5113;مفتاح طرف طقطاق 13 مم WADFOW;1.4;https://hawarastore.com/wp-content/uploads/2025/09/WSA5113.png;yes
WSA5114;مفتاح طرف طقطاق 14 مم WADFOW;1.5;https://hawarastore.com/wp-content/uploads/2025/05/WSA5114-1.png;yes
WSA5115;مفتاح طرف طقطاق 15 مم WADFOW;1.55;https://hawarastore.com/wp-content/uploads/2025/09/WSA5115.png;yes
WSA5116;مفتاح طرف طقطاق 16 مم WADFOW;1.7;https://hawarastore.com/wp-content/uploads/2025/05/WSA5116-1.png;yes
WSA5117;مفتاح طرف طقطاق 17 مم WADFOW;1.76;https://hawarastore.com/wp-content/uploads/2025/09/WSA5117.png;yes
WSA5118;مفتاح طرف طقطاق 18 مم WADFOW;1.96;https://hawarastore.com/wp-content/uploads/2025/05/WSA5118-1.png;yes
WSA5119;مفتاح طرف طقطاق 19 مم WADFOW;1.98;;no
WSA5121;مفتاح طرف طقطاق 21 مم WADFOW;2.74;https://hawarastore.com/wp-content/uploads/2025/09/WSA5121.png;yes
WSA5122;مفتاح طرف طقطاق 22 مم WADFOW;2.74;https://hawarastore.com/wp-content/uploads/2025/05/WSA5122-1.png;yes
WSA5124;مفتاح طرف طقطاق 24 مم WADFOW;3.46;https://hawarastore.com/wp-content/uploads/2025/09/WSA5124.png;yes
WSA5127;مفتاح طرف طقطاق 27 مم WADFOW;4.44;https://hawarastore.com/wp-content/uploads/2025/09/WSA5127.png;yes
WSA5206;مفتاح طرف طقطاق 6 مم ماركة WADFOW;1.11;;no
WSA5207;مفتاح طرف طقطاق 7 مم ماركة WADFOW;1.11;;no
WSA5208;مفتاح طرف طقطاق 8 مم ماركة WADFOW;1.22;;no
WSA5209;مفتاح طرف طقطاق 9 مم ماركة WADFOW;1.24;;no
WSA5210;مفتاح طرف طقطاق 10 مم ماركة WADFOW;1.26;;no
WSA5211;مفتاح طرف طقطاق 11 مم ماركة WADFOW;1.3;;no
WSA5212;مفتاح طرف طقطاق 12 مم ماركة WADFOW;1.42;;no
WSA5213;مفتاح طرف طقطاق 13 مم ماركة WADFOW;1.47;;no
WSA5214;مفتاح طرف طقطاق 14 مم ماركة WADFOW;1.57;;no
WSA5215;مفتاح طرف طقطاق 15 مم ماركة WADFOW;1.63;;no
WSA5216;مفتاح طرف طقطاق 16 مم ماركة WADFOW;1.77;;no
WSA5217;مفتاح طرف طقطاق 17 مم ماركة WADFOW;1.88;;no
WSA5218;مفتاح طرف طقطاق 18 مم ماركة WADFOW;2.05;;no
WSA5219;مفتاح طرف طقطاق 19 مم ماركة WADFOW;2.07;;no
WSA5221;مفتاح طرف طقطاق 21 مم ماركة WADFOW;2.87;;no
WSA5222;مفتاح طرف طقطاق 22 مم ماركة WADFOW;2.87;;no
WSA5224;مفتاح طرف طقطاق 24 مم ماركة WADFOW;3.64;;no
WSA5227;مفتاح طرف طقطاق 27 مم ماركة WADFOW;4.66;;no
WSA6208;مفتاح طرف طقطاق قابل للتعديل 8 مم ماركة WADFOW;1.53;;no
WSA6210;مفتاح طرف طقطاق قابل للتعديل 10 مم ماركة WADFOW;1.58;;no
WSA6211;مفتاح طرف طقطاق قابل للتعديل 11 مم ماركة WADFOW;1.63;;no
WSA6212;مفتاح طرف طقطاق قابل للتعديل 12 مم ماركة WADFOW;1.77;;no
WSA6213;مفتاح طرف طقطاق قابل للتعديل 13 مم ماركة WADFOW;1.83;;no
WSA6214;مفتاح طرف طقطاق قابل للتعديل 14 مم ماركة WADFOW;1.95;;no
WSA6215;مفتاح طرف طقطاق قابل للتعديل 15 مم ماركة WADFOW;2.02;;no
WSA6217;مفتاح طرف طقطاق قابل للتعديل 17 مم ماركة WADFOW;2.33;;no
WSA6219;مفتاح طرف قابل للتعديل 19 ملم;2.61;;no
WSB6540;حذاء امان جلد ( سفتي ) حماية كاملة نمرة 40 WADFOW;15.8;https://hawarastore.com/wp-content/uploads/2025/09/WSB6540.png;yes
WSB6541;حذاء امان جلد ( سفتي ) حماية كاملة نمرة 41 WADFOW;15.8;https://hawarastore.com/wp-content/uploads/2025/09/WSB6541.png;yes
WSB6542;حذاء امان جلد ( سفتي ) حماية كاملة نمرة 42 WADFOW;15.8;https://hawarastore.com/wp-content/uploads/2025/05/WSB6542-1.png;yes
WSB6543;حذاء امان جلد ( سفتي ) حماية كاملة نمرة 43 WADFOW;15.8;https://hawarastore.com/wp-content/uploads/2025/05/WSB6543-1.png;yes
WSB6544;حذاء امان جلد ( سفتي ) حماية كاملة نمرة 44 WADFOW;15.8;https://hawarastore.com/wp-content/uploads/2025/09/WSB6544.png;yes
WSB6545;حذاء امان جلد ( سفتي ) حماية كاملة نمرة 45 WADFOW;15.8;https://hawarastore.com/wp-content/uploads/2025/09/WSB6545.png;yes
WSB6546;حذاء امان جلد ( سفتي ) حماية كاملة نمرة 46 WADFOW;15.8;https://hawarastore.com/wp-content/uploads/2025/05/WSB6546.png;yes
WSB7541;حذاء امان ( سفتي ) حماية امامية نمرة 41 WADFOW;16.54;;no
WSB7542;حذاء امان ( سفتي ) حماية امامية نمرة 42 WADFOW;16.54;;no
WSB7543;حذاء امان ( سفتي ) حماية امامية نمرة 43 WADFOW;16.54;;no
WSB7544;حذاء امان ( سفتي ) حماية امامية نمرة 44 WADFOW;16.54;;no
WSB7545;حذاء امان ( سفتي ) حماية امامية نمرة 45 WADFOW;16.54;;no
WSBB1A40;ماكينة تطعيج قضبان فولاذية 3 فاز محرك 4 حصان مجال من 6 الى 36 مم وزن 295 كغ ماركة WADFOW;1022.59;https://hawarastore.com/wp-content/uploads/2026/06/WSBB1A40.png;no
WSBC1A40;ماكينة قص قضبان فولاذية 3 فاز محرك 4 حصان مجال من 6 الى 36 مم وزن 355 كغ ماركة WADFOW;967.89;https://hawarastore.com/wp-content/uploads/2026/06/WSBC1A40.png;no
WSC1208;فنجان 1/2 انش 8 مم ماركة WADFOW;0.44;https://hawarastore.com/wp-content/uploads/2025/05/WSC1208-1.png;yes
WSC1209;فنجان 1/2 انش 9 مم ماركة WADFOW;0.44;https://hawarastore.com/wp-content/uploads/2025/05/WSC1209-1.png;yes
WSC1210;فنجان 1/2 انش 10 مم ماركة WADFOW;0.44;;no
WSC1211;فنجان 1/2 انش 11 مم WADFOW;0.44;https://hawarastore.com/wp-content/uploads/2025/05/WSC1211-1.png;yes
WSC1212;فنجان 1/2 انش 12 مم ماركة WADFOW;0.44;;no
WSC1213;فنجان 1/2 انش 13 مم ماركة WADFOW;0.44;;no
WSC1214;فنجان 1/2 انش 14 مم ماركة WADFOW;0.44;https://hawarastore.com/wp-content/uploads/2025/05/WSC1214-1.png;yes
WSC1215;فنجان 1/2 انش 15 مم ماركة WADFOW;0.44;https://hawarastore.com/wp-content/uploads/2025/05/WSC1215-1.png;yes
WSC1216;فنجان 1/2 انش 16 مم ماركة WADFOW;0.44;https://hawarastore.com/wp-content/uploads/2025/05/WSC1216-1.png;yes
WSC1217;فنجان 1/2 انش 17 مم ماركة WADFOW;0.47;;no
WSC1218;فنجان 1/2 انش 18 مم ماركة WADFOW;0.53;https://hawarastore.com/wp-content/uploads/2025/05/WSC1218-1.png;yes
WSC1219;فنجان 1/2 انش 19 مم ماركة WADFOW;0.53;;no
WSC1220;فنجان 1/2 انش 20 مم ماركة WADFOW;0.57;https://hawarastore.com/wp-content/uploads/2025/05/WSC1220-1.png;yes
WSC1221;فنجان 1/2 انش 21 مم ماركة WADFOW;0.57;https://hawarastore.com/wp-content/uploads/2025/05/WSC1221-1.png;yes
WSC1222;فنجان 1/2 انش 22 مم ماركة WADFOW;0.62;https://hawarastore.com/wp-content/uploads/2025/05/WSC1222-1.png;yes
WSC1223;فنجان 1/2 انش 23 مم ماركة WADFOW;0.69;https://hawarastore.com/wp-content/uploads/2025/05/WSC1223-1.png;yes
WSC1224;فنجان 1/2 انش24 مم ماركة WADFOW;0.69;;no
WSC1227;فنجان 1/2 انش27 مم ماركة WADFOW;0.94;https://hawarastore.com/wp-content/uploads/2025/05/WSC1227-1.png;yes
WSC1230;فنجان 1/2 انش 30 مم ماركة WADFOW;1.19;https://hawarastore.com/wp-content/uploads/2025/05/WSC1230-1.png;yes
WSC1232;فنجان 1/2 انش 32 مم ماركة WADFOW;1.26;https://hawarastore.com/wp-content/uploads/2025/05/WSC1232-1.png;yes
WSC1515;جهاز تنظيف بالبخار 1.5 لتر 5 بار 1800 واط WADFOW;55.62;;no
WSC2212;وصلة جوزة 1/2 انش متحركة ماركة WADFOW;1.51;https://hawarastore.com/wp-content/uploads/2025/05/WSC2212-1.png;yes
WSC3205;تطويلة فنجان 125 مم 5 انش ماركة WADFOW;1.01;https://hawarastore.com/wp-content/uploads/2025/05/WSC3205-1.png;yes
WSC3210;تطويلة فنجان 250 مم 10انش ماركة WADFOW;1.64;https://hawarastore.com/wp-content/uploads/2025/05/WSC3210-1.png;yes
WSC4210;ساعد مع منزلقة 1/2 انش طول 10 انش WADFOW 50BV30;1.72;;no
WSC4216;فنجان بوجية 1/2 انش 16 مم ماركة WADFOW;0.67;;no
WSC5201;فنجان 1/2 انش راس مسدس 4 مم طول 100 مم ماركة WADFOW;0.68;https://hawarastore.com/wp-content/uploads/2025/05/WSC5201-1.png;yes
WSC5202;فنجان 1/2 انش راس مسدس 5 مم طول 100 مم ماركة WADFOW;0.68;https://hawarastore.com/wp-content/uploads/2025/05/WSC5202-1.png;yes
WSC5203;فنجان 1/2 انش راس مسدس 6 مم طول 100 مم ماركة WADFOW;0.68;https://hawarastore.com/wp-content/uploads/2025/05/WSC5203-1.png;yes
WSC5204;فنجان 1/2 انش راس مسدس 7مم طول 100 مم ماركة WADFOW;0.68;https://hawarastore.com/wp-content/uploads/2025/05/WSC5204-1.png;yes
WSC5205;فنجان 1/2 انش راس مسدس 8 مم طول 100 مم ماركة WADFOW;0.68;https://hawarastore.com/wp-content/uploads/2025/05/WSC5205-1.png;yes
WSC5206;فنجان 1/2 انش راس مسدس 10 مم طول 100 مم ماركة WADFOW;0.74;https://hawarastore.com/wp-content/uploads/2025/05/WSC5206-1.png;yes
WSC5207;فنجان 1/2 انش راس مسدس 12 مم طول 100 مم ماركة WADFOW;0.81;https://hawarastore.com/wp-content/uploads/2025/05/WSC5207-1.png;yes
WSC5208;فنجان 1/2 انش راس مسدس 14مم طول 100 مم ماركة WADFOW;0.9;https://hawarastore.com/wp-content/uploads/2025/05/WSC5208-1.png;yes
WSC5209;فنجان 1/2 انش راس مسدس 17 مم طول 100 مم ماركة WADFOW;1.05;https://hawarastore.com/wp-content/uploads/2025/05/WSC5209-1.png;yes
WSC5211;فنجان 1/2 انش راس مسدس T20 طول 100 مم ماركة WADFOW;0.68;https://hawarastore.com/wp-content/uploads/2025/05/WSC5211-1.png;yes
WSC5212;فنجان 1/2 انش راس مشرشر 25 T طول 100 مم ماركة WADFOW;0.68;https://hawarastore.com/wp-content/uploads/2025/05/WSC5212-1.png;yes
WSC5213;فنجان 1/2 انش راس مشرشر 27 T طول 100 مم ماركة WADFOW;0.68;;no
WSC5214;فنجان 1/2 انش راس مشرشر 30 T طول 100 مم ماركة WADFOW;0.68;https://hawarastore.com/wp-content/uploads/2025/05/WSC5214-1.png;yes
WSC5215;فنجان 1/2 انش راس مشرشر 40 T طول 100 مم ماركة WADFOW;0.68;https://hawarastore.com/wp-content/uploads/2025/05/WSC5215-1.png;yes
WSC5216;فنجان 1/2 انش راس مشرشر 45 T طول 100 مم ماركة WADFOW;0.74;https://hawarastore.com/wp-content/uploads/2025/05/WSC5216-1.png;yes
WSC5217;فنجان 1/2 انش راس مشرشر 50 T طول 100 مم ماركة WADFOW;0.74;https://hawarastore.com/wp-content/uploads/2025/05/WSC5217-1.png;yes
WSC5218;فنجان 1/2 انش راس مشرشر 55 T طول 100 مم ماركة WADFOW;0.74;https://hawarastore.com/wp-content/uploads/2025/05/WSC5218-1.png;yes
WSC5219;فنجان 1/2 انش راس مشرشر 60 T طول 100 مم ماركة WADFOW;0.81;https://hawarastore.com/wp-content/uploads/2025/05/WSC5219-1.png;yes
WSC7208;فنجان 1/2 انش 8 مم طويلة WADFOW;0.8;;no
WSC7210;فنجان 1/2 انش 10 مم طويلة WADFOW;0.81;;no
WSC7212;فنجان 1/2 انش 12 مم طويلة WADFOW;0.82;;no
WSC7213;فنجان 1/2 انش 13 مم طويلة WADFOW;0.82;;no
WSC8215;تطويلة فنجان مقبض 1/2 انش راس متحرك طول 375 مم WADFOW;4.27;https://sp-ao.shortpixel.ai/client/to_webp,q_glossy,ret_img/https://hawarastore.com/wp-content/uploads/woocommerce-placeholder-600x600.png;yes
WSC8224;تطويلة فنجان 1/2 انش طول 600 مم راس قابل للتعديل ماركة WADFOW;7.3;https://hawarastore.com/wp-content/uploads/2026/06/WSC8224.png;yes
WSC9212;تحويلة فنجان 1/2 انش الى 3/4 انش WADFOW;1.1;https://hawarastore.com/wp-content/uploads/2025/06/WSC9212.jpg;yes
WSC9234;تحويلة فنجان 3/4 انش الى 1/2 انش WADFOW;1.88;https://hawarastore.com/wp-content/uploads/2025/06/WSC9234.jpeg;yes
WSD0145;مفتاح قناني كازوز ماركة WADFOW;0.44;https://hawarastore.com/wp-content/uploads/2025/09/WSD0145.png;yes
WSD1233;مفك براغي شق 75*SL3 مم مغناطيس CRV ماركة WADFOW;0.26;https://hawarastore.com/wp-content/uploads/2025/05/WSD1233-1.png;yes
WSD1244;مفك براغي شق SL4*100 مم مغناطيس CRV ماركة WADFOW;0.32;https://hawarastore.com/wp-content/uploads/2025/05/WSD1244-1.png;yes
WSD1251;مفك براغي شق نجاصة SL5.5*38 مم مغناطيس CRV ماركة WADFOW;0.29;;no
WSD1253;مفك براغي شق SL5.5*75 مم مغناطيس CRV ماركة WADFOW;0.35;;no
WSD1254;مفك براغي شق SL5.5*100 مم مغناطيس CRV ماركة WADFOW;0.37;;no
WSD1261;مفك براغي شق نجاصة 38*SL6.5 مم مغناطيس CRV ماركة WADFOW;0.32;;no
WSD1264;مفك براغي شق SL6.5*100 مم مغناطيس CRV ماركة WADFOW;0.43;;no
WSD1265;مفك براغي شق SL6.5*125 مم مغناطيس CRV ماركة WADFOW;0.46;https://hawarastore.com/wp-content/uploads/2025/05/WSD1265-1.png;yes
WSD1266;مفك براغي شق SL6.5*150 مم مغناطيس CRV ماركة WADFOW;0.48;https://hawarastore.com/wp-content/uploads/2025/05/WSD1266-1.png;yes
WSD1286;مفك براغي شق SL8*150 مم مغناطيس CRV ماركة WADFOW;0.72;https://hawarastore.com/wp-content/uploads/2025/05/WSD1286-1.png;yes
WSD1288;مفك براغي شق SL8*200 مم مغناطيس CRV ماركة WADFOW;0.76;https://hawarastore.com/wp-content/uploads/2025/05/WSD1288-1.png;yes
WSD145114;طقم ورق حف متعدد الاستخدامات 30 قطعة مستطيلة قياس 114*145 نعومة (40-80-120-180) P ماركة WADFOW;0;;no
WSD2203;مفك براغي مصالب 75*PH0 مم مغناطيس CRV ماركة WADFOW;0.26;https://hawarastore.com/wp-content/uploads/2025/05/WSD2203-1.png;yes
WSD2211;مفك براغي مصالب نجاصة PH1*38 مم مغناطيس CRV ماركة WADFOW;0.29;https://hawarastore.com/wp-content/uploads/2025/05/WSD2211-1.png;yes
WSD2213;مفك براغي مصالب PH1*75 مم مغناطيس CRV ماركة WADFOW;0.35;https://hawarastore.com/wp-content/uploads/2025/05/WSD2213-1.png;yes
WSD2214;مفك براغي مصالب PH1*100 مم مغناطيس CRV ماركة WADFOW;0.37;https://hawarastore.com/wp-content/uploads/2025/05/WSD2214-1.png;yes
WSD2221;مفك براغي مصالب نجاصة PH2*38 مم مغناطيس CRV ماركة WADFOW;0.32;https://hawarastore.com/wp-content/uploads/2025/05/WSD2221-1.png;yes
WSD2224;مفك براغي مصالب PH2*100 مم مغناطيس CRV ماركة WADFOW;0.43;https://hawarastore.com/wp-content/uploads/2025/05/WSD2224-1.png;yes
WSD2225;مفك براغي مصالب PH2*125 مم مغناطيس CRV ماركة WADFOW;0.46;https://hawarastore.com/wp-content/uploads/2025/05/WSD2225-1.png;yes
WSD2226;مفك براغي مصالب PH2*150 مم مغناطيس CRV ماركة WADFOW;0.48;https://hawarastore.com/wp-content/uploads/2025/05/WSD2226-1.png;yes
WSD2236;مفك براغي مصالب PH3*150 مم مغناطيس CRV ماركة WADFOW;0.72;https://hawarastore.com/wp-content/uploads/2025/05/WSD2236-1.png;yes
WSD2238;مفك براغي مصالب PH3*200 مم مغناطيس CRV ماركة WADFOW;0.76;https://hawarastore.com/wp-content/uploads/2025/05/WSD2238-1.png;yes
WSD3233;مفك براغي شق SL3*75 مم كروم مغناطيس 40CR ماركة WADFOW;0.18;https://hawarastore.com/wp-content/uploads/2025/05/WSD3233-1.png;yes
WSD3244;مفك براغي شق SL4*100 مم كروم مغناطيس 40CR ماركة WADFOW;0.21;https://hawarastore.com/wp-content/uploads/2025/05/WSD3244-1.png;yes
WSD3253;مفك براغي شق 75*SL5.5 مم كروم مغناطيس 40CR ماركة WADFOW;0.25;https://hawarastore.com/wp-content/uploads/2025/05/WSD3253-1.png;yes
WSD3254;مفك براغي شق SL5.5*100 مم كروم مغناطيس 40CR ماركة WADFOW;0.26;https://hawarastore.com/wp-content/uploads/2025/05/WSD3254-1.png;yes
WSD3261;مفك براغي شق نجاصة SL6.5*38 مم كروم مغناطيس 40CR ماركة WADFOW;0.22;https://hawarastore.com/wp-content/uploads/2025/05/WSD3261-1.png;yes
WSD3264;مفك براغي شق SL6.5*100 مم كروم مغناطيس 40CR ماركة WADFOW;0.33;https://hawarastore.com/wp-content/uploads/2025/05/WSD3264-1.png;yes
WSD3265;مفك براغي شق SL6.5*125 مم كروم مغناطيس 40CR ماركة WADFOW;0.35;https://hawarastore.com/wp-content/uploads/2025/05/WSD3265-1.png;yes
WSD3266;مفك براغي شق SL6.5*150 مم كروم مغناطيس 40CR ماركة WADFOW;0.36;https://hawarastore.com/wp-content/uploads/2025/05/WSD3266-1.png;yes
WSD3286;مفك براغي شق SL8*150 مم كروم مغناطيس 40CR ماركة WADFOW;0.47;https://hawarastore.com/wp-content/uploads/2025/05/WSD3286-1.png;yes
WSD3288;مفك براغي شق SL8*200 مم كروم مغناطيس 40CR ماركة WADFOW;0.54;https://hawarastore.com/wp-content/uploads/2025/05/WSD3288-1.png;yes
WSD4203;مفك براغي مصالب PH0*75 مم كروم مغناطيس 40CR ماركة WADFOW;0.18;https://hawarastore.com/wp-content/uploads/2025/05/WSD4203-1.png;yes
WSD4213;مفك براغي مصالب PH1*75 مم كروم مغناطيس 40CR ماركة WADFOW;0.25;https://hawarastore.com/wp-content/uploads/2025/05/WSD4213-1.png;yes
WSD4214;مفك براغي مصالب PH1*100 مم كروم مغناطيس 40CR ماركة WADFOW;0.26;https://hawarastore.com/wp-content/uploads/2025/05/WSD4214-1.png;yes
WSD4221;مفك براغي مصالب نجاصة PH2*38 مم كروم مغناطيس 40CR ماركة WADFOW;0.22;https://hawarastore.com/wp-content/uploads/2025/05/WSD4221-1.png;yes
WSD4224;مفك براغي مصالب PH2*100 مم كروم مغناطيس 40CR ماركة WADFOW;0.33;https://hawarastore.com/wp-content/uploads/2025/05/WSD4224-1.png;yes
WSD4225;مفك براغي مصالب PH2*125 مم كروم مغناطيس 40CR ماركة WADFOW;0.35;https://hawarastore.com/wp-content/uploads/2025/05/WSD4225-1.png;yes
WSD4226;مفك براغي مصالب PH2*150 مم كروم مغناطيس 40CR ماركة WADFOW;0.36;https://hawarastore.com/wp-content/uploads/2025/05/WSD4226-1.png;yes
WSD4236;مفك براغي مصالب PH3*150 مم كروم مغناطيس 40CR ماركة WADFOW;0.47;https://hawarastore.com/wp-content/uploads/2025/05/WSD4236-1.png;yes
WSD4238;مفك براغي مصالب PH3*200 مم كروم مغناطيس 40CR ماركة WADFOW;0.54;https://hawarastore.com/wp-content/uploads/2025/05/WSD4238-1.png;yes
WSD5233;مفك براغي كريستال شق SL3*75 مم كروم مغناطيس 45CS ماركة WADFOW;0.21;https://hawarastore.com/wp-content/uploads/2025/05/WSD5233-1.png;yes
WSD5244;مفك براغي كريستال شق SL4*100 مم كروم مغناطيس 45CS ماركة WADFOW;0.27;https://hawarastore.com/wp-content/uploads/2025/05/WSD5244-1.png;yes
WSD5254;مفك براغي كريستال شقSL5.5*100 مم كروم مغناطيس 45CS ماركة WADFOW;0.34;https://hawarastore.com/wp-content/uploads/2025/05/WSD5254-1.png;yes
WSD5264;مفك براغي كريستال شق SL6.5*100 مم كروم مغناطيس 45CS ماركة WADFOW;0.39;https://hawarastore.com/wp-content/uploads/2025/05/WSD5264-1.png;yes
WSD5266;مفك براغي كريستال شق SL6.5*150 مم كروم مغناطيس 45CS ماركة WADFOW;0.43;https://hawarastore.com/wp-content/uploads/2025/05/WSD5266-1.png;yes
WSD6203;مفك براغي كريستال مصالب PH0*75 مم كروم مغناطيس 45CS ماركة WADFOW;0.21;https://hawarastore.com/wp-content/uploads/2025/05/WSD6203-1.png;yes
WSD6214;مفك براغي كريستال مصالب PH1*100 مم كروم مغناطيس 45CS ماركة WADFOW;0.34;https://hawarastore.com/wp-content/uploads/2025/05/WSD6214-1.png;yes
WSD6224;مفك براغي كريستال مصالب PH2*100 مم كروم مغناطيس 45CS ماركة WADFOW;0.39;https://hawarastore.com/wp-content/uploads/2025/05/WSD6224-1.png;yes
WSD6226;مفك براغي كريستال مصالب PH2*150 مم كروم مغناطيس45CS ماركة WADFOW;0.43;https://hawarastore.com/wp-content/uploads/2025/05/WSD6226-1.png;yes
WSD938630;طقم ورق حف متعدد الاستخدامات 30 قطعة مستطيلة قياس 114*145 نعومة (40-80-120-180) P ماركة WADFOW;0;;no
WSDA244;مفك براغي شق S2 قياس100*SL4 مم مغناطيس ماركة WADFOW;0.47;https://hawarastore.com/wp-content/uploads/2025/05/WSDA244-1.png;yes
WSDA254;مفك براغي شق S2 قياس SL5.5*100 مم مغناطيس ماركة WADFOW;0.54;https://hawarastore.com/wp-content/uploads/2025/05/WSDA254-1.png;yes
WSDA261;مفك براغي شق نجاصة S2 قياس SL6.5*35 مم مغناطيس ماركة WADFOW;0.47;https://hawarastore.com/wp-content/uploads/2025/05/WSDA261-1.png;yes
WSDA265;مفك براغي شق S2 قياس SL6.5*125 مم مغناطيس ماركة WADFOW;0.65;https://hawarastore.com/wp-content/uploads/2025/05/WSDA265-1.png;yes
WSDA266;مفك براغي شق S2 قياس SL6.5*150 مم مغناطيس ماركة WADFOW;0.69;https://hawarastore.com/wp-content/uploads/2025/05/WSDA266-1.png;yes
WSDA286;مفك براغي شق S2 قياس 150*SL8 مم مغناطيس ماركة WADFOW;0.9;https://hawarastore.com/wp-content/uploads/2025/05/WSDA286-1.png;yes
WSDA288;مفك براغي شق S2 قياس SL8 *200 مم مغناطيس ماركة WADFOW;1;https://hawarastore.com/wp-content/uploads/2025/05/WSDA288-1.png;yes
WSDB203;مفك براغي مصالب S2 قياس PH0*75 مغناطيس ماركة WADFOW;0.4;https://hawarastore.com/wp-content/uploads/2025/05/WSDB203-1.png;yes
WSDB214;مفك براغي مصالب S2 قياس 100*PH1 مم مغناطيس ماركة WADFOW;0.54;https://hawarastore.com/wp-content/uploads/2025/05/WSDB214-1.png;yes
WSDB221;مفك براغي مصالب نجاصة S2 قياس PH2*38 مغناطيس ماركة WADFOW;0.47;https://hawarastore.com/wp-content/uploads/2025/05/WSDB221-1.png;yes
WSDB225;مفك براغي مصالب S2 قياس PH2*125 مغناطيس ماركة WADFOW;0.65;https://hawarastore.com/wp-content/uploads/2025/05/WSDB225-1.png;yes
WSDB226;مفك براغي -S2 - قياس PH2 × 150 ماركة WADFOW;0.69;https://hawarastore.com/wp-content/uploads/2025/05/WSDB226-1.png;yes
WSDB236;مفك براغي مصالب S2 قياس PH3*150 مغناطيس ماركة WADFOW;0.9;https://hawarastore.com/wp-content/uploads/2025/05/WSDB236-1.png;yes
WSDB238;مفك براغي مصالب S2 قياس PH3*200 مغناطيس ماركة WADFOW;1;https://hawarastore.com/wp-content/uploads/2025/05/WSDB238-1.png;yes
WSDC214;مفك براغي مصالب S2 قياس PZ1*100 مغناطيس ماركة WADFOW;0.54;https://hawarastore.com/wp-content/uploads/2025/05/WSDC214-1.png;yes
WSDC226;مفك براغي مصالب S2 قياس PH2*150 مغناطيس ماركة WADFOW;0.69;https://hawarastore.com/wp-content/uploads/2025/05/WSDC226-1.png;yes
WSDD214;مفك براغي نجمة S2 قياس T10 طول 100 مم قطر 5 مم راس مغنطيس ماركة WADFOW;0.54;https://hawarastore.com/wp-content/uploads/2025/05/WSDD214-1.png;yes
WSDD226;مفك براغي نجمة S2 قياس T20*150 ماركة WADFOW (( صناعي ));0.69;https://hawarastore.com/wp-content/uploads/2025/05/WSDD226-1.png;yes
WSDT214;مفك براغي نجمة قياس T10*100 ماركة WADFOW (( صناعي ));0.37;https://hawarastore.com/wp-content/uploads/2025/05/WSDT214-1.png;yes
WSDT226;مفك براغي نجمة قياس T20*150 ماركة WADFOW (( صناعي ));0.48;https://hawarastore.com/wp-content/uploads/2025/05/WSDT226-1.png;yes
WSDZ214;مفك براغي مصالب بوزي درايف PZ1*100 مم مغناطيس CRV ماركة WADFOW;0.37;https://hawarastore.com/wp-content/uploads/2025/05/WSDZ214-1.png;yes
WSDZ226;مفك براغي مصالب PZ2*150 مم بوزي درايف مغناطيس CRV ماركة WADFOW;0.48;https://hawarastore.com/wp-content/uploads/2025/05/WSDZ226-1.png;yes
WSE1327;رفش كريك طول 1000 مم يد خشب مع مقبض ماركة WADFOW;3.4;https://hawarastore.com/wp-content/uploads/2025/05/WSE1327-1.png;yes
WSE2327;رفش كريك طول 1470 مم يد خشب ماركة WADFOW;3.84;https://hawarastore.com/wp-content/uploads/2025/05/WSE2327-1.png;yes
WSF1403;طقم مبارد خشب 3 قطع 200 مم 8 انش WADFOW;3.79;https://hawarastore.com/wp-content/uploads/2025/05/WSF1403-1.png;yes
WSF1606;طقم مبارد حديد ناعم 6 قطع 140 مم القطر 3مم WADFOW;1.51;https://hawarastore.com/wp-content/uploads/2025/05/WSF1606-1.png;yes
WSF2405;طقم مبارد حديد 5 قطع 200 مم 8 انش WADFOW;6.56;https://hawarastore.com/wp-content/uploads/2025/05/WSF2405-1.png;yes
WSF2505;فارة نجار نمرة 5 مع شفرة عدد 2 صناعي ماركة WADFOW;20.09;;no
WSF2506;فارة نجار نمرة 6 طول 45 سم مع شفرة عدد 2 موديل حديث ماركة WADFOW;26.56;;no
WSF2514;فارة نجارة نمرة 4 مع شفرة عدد 2 ماركة WADFOW;19.17;https://hawarastore.com/wp-content/uploads/2025/05/WSF2514-1.png;yes
WSF2515;فارة نجار نمرة 5 مع شفرة عدد 2 صناعي ماركة WADFOW;21.98;;no
WSF2516;فارة نجار نمرة 6 طول 45 سم مع شفرة عدد 2 صناعي ماركة WADFOW;28.47;;no
WSF3401;مشرط قشط 9 انش لزوم نجارين صناعي ماركة WADFOW;3.26;https://hawarastore.com/wp-content/uploads/2025/05/WSF3401-1.png;yes
WSF3402;مقشط قشر 9 انش لزوم النجارين صناعي ماركة WADFOW;3.26;https://hawarastore.com/wp-content/uploads/2025/05/WSF3402-1.png;yes
WSFC08012;بكرة لحام MIG كربون ستيل 1 كغ سماكة 0.8 مم WADFOW;5.01;https://hawarastore.com/wp-content/uploads/2025/05/WSFC08012.png;yes
WSFP1A188;شفرة رجاج تسوية باطون 1.88 متر WADFOW;38.36;https://hawarastore.com/wp-content/uploads/2025/05/WSFP1A188.png;yes
WSFP1A240;شفرة رجاج تسوية باطون 2.4 متر WADFOW;49.34;https://hawarastore.com/wp-content/uploads/2025/05/WSFP1A240.png;yes
WSFP1A300;شفرة رجاج تسوية باطون 3 متر WADFOW;60.14;https://hawarastore.com/wp-content/uploads/2025/05/WSFP1A300.png;yes
WSFS2A09;رجاج تسوية باطون بنزين 1.2 حصان 18 كغ باطون بدون شفرة WADFOW;207.59;https://hawarastore.com/wp-content/uploads/2025/05/WSFS2A09.png;yes
WSG1801;نظارة امان شفافة ماركة WADFOW;0.46;https://hawarastore.com/wp-content/uploads/2025/05/WSG1801-1.png;yes
WSG1802;نظارة امان شفافة 20 غرام اطار ازرق ماركة WADFOW;0.67;https://hawarastore.com/wp-content/uploads/2025/05/WSG1802-1.png;yes
WSG1803;نظارة امان شفافة ضد النثر ماركة WADFOW;0.7;https://hawarastore.com/wp-content/uploads/2025/05/WSG1803-1.png;yes
WSG1804;نظارة امان شفافة قابلة للتعديل اطار اسود WADFOW;0.58;https://hawarastore.com/wp-content/uploads/2025/09/WSG1804-2.png;yes
WSG1805;نظارة امان شفافة 180 درجة مع مطاط خلفي WADFOW;1.46;https://hawarastore.com/wp-content/uploads/2025/09/WSG1805.png;yes
WSG2801;نظارة امان مرنة شفافة مع مطاط خلفي ماركة WADFOW;0.7;https://hawarastore.com/wp-content/uploads/2025/05/WSG2801-1.png;yes
WSG3808;نظارة امان عيار 4 ماركة WADFOW;0.56;https://hawarastore.com/wp-content/uploads/2025/05/WSG3808-1.png;yes
WSG3811;نظارة امان ضد اللحام و النثر قلاب ماركة WADFOW;0.78;;no
WSH1301;خوذة امان لون ازرق وزن 320 غرام ماركة WADFOW;1.64;https://hawarastore.com/wp-content/uploads/2025/05/WSH1301-1.png;yes
WSH1302;خوذة امان لون اصفر وزن 320 غرام ماركة WADFOW;1.64;https://hawarastore.com/wp-content/uploads/2025/05/WSH1302-1.png;yes
WSH1303;خوذة امان لون ابيض وزن 320 غرام ماركة WADFOW;1.64;https://hawarastore.com/wp-content/uploads/2025/05/WSH1303-1.png;yes
WSH1304;خوذة امان لون احمر وزن 320 غرام ماركة WADFOW;1.64;https://hawarastore.com/wp-content/uploads/2025/05/WSH1304-1.png;yes
WSH1305;خوذة امان لون برتقالي وزن 320 غرام WADFOW;1.72;;no
WSK1061;سكين لزوم اعمال دقيقة 37.5 × 8 مم ماركة WADFOW;0.72;;no
WSK1509;مشرط معدن 80 × 9 مم رفيع كبس ماركة WADFOW;0.18;https://hawarastore.com/wp-content/uploads/2025/05/WSK1509-1.png;yes
WSK2204;طقم مشارط 4 قطع مشرط 18 × 100 مم+ مشرط 9 × 80 مم + علبة نصلات عدد 2 ماركة WADFOW;1.06;https://hawarastore.com/wp-content/uploads/2025/05/WSK2204-1.png;yes
WSK2902;مشرط 9 × 80 مم رفيع كبس ماركة WADFOW;0.12;https://hawarastore.com/wp-content/uploads/2025/05/WSK2902-1.png;yes
WSK2913;مشرط 18 × 100 مم كبس ماركة WADFOW;0.16;https://hawarastore.com/wp-content/uploads/2025/05/WSK2913-1.png;yes
WSK3909;مشرط رفيع 80 × 9 مم ماركة WADFOW;0.32;https://hawarastore.com/wp-content/uploads/2025/05/WSK3909-1.png;yes
WSK3913;مشرط 18 × 100 مم مع قفل ماركة WADFOW;0.35;https://hawarastore.com/wp-content/uploads/2025/05/WSK3913-1.png;yes
WSK4918;مشرط 18 × 100 مم مع نصلة قفل اوتوماتيكي ماركة WADFOW;1.09;https://hawarastore.com/wp-content/uploads/2025/05/WSK4918-1.png;yes
WSK4928;مشرط المنيوم 18 × 100 مم ماركة WADFOW;0.78;;no
WSK6418;مشرط مائل متعدد الاستخدام 61 × 19 مم مع نصلات عدد 5 WADFOW;2.12;https://hawarastore.com/wp-content/uploads/2026/03/WSK6418.jpeg;yes
WSK6661;مشرط جسم المنيوم 61 × 19 مم ماركة WADFOW;0.81;https://hawarastore.com/wp-content/uploads/2025/05/WSK6661-1.png;yes
WSK8618;مشرط قياس 18 × 100 مم 3 قطع نصلات ماركة WADFOW;0.7;https://hawarastore.com/wp-content/uploads/2025/05/WSK8618-1.png;yes
WSK9419;مشرط معدني قابل للطي يد المنيوم قياس 61×19 مم ماركة WADFOW;1.27;https://hawarastore.com/wp-content/uploads/2025/05/WSK9419-1.png;yes
WSK9461;مشرط المنيوم 61 × 19 مم WADFOW;1.77;https://hawarastore.com/wp-content/uploads/2025/09/WSK9461.png;yes
WSL0G10;زيبق 10 سم سماكة 0.8 مم مكوشك ماركة WADFOW;0.85;https://hawarastore.com/wp-content/uploads/2025/05/WSL0G10-1.png;yes
WSL0G20;زيبق 10 سم سماكة 1 مم مكوشك مفناطيس ماركة WADFOW;1.13;https://hawarastore.com/wp-content/uploads/2025/10/WSL0G20.webp;yes
WSL1G40;زيبق 40 سم سماكة 1.5 مم ماركة WADFOW ثقيل;3.51;https://hawarastore.com/wp-content/uploads/2025/05/WSL1G40-1.png;yes
WSL1G60;زيبق 60 سم ماركة WADFOW ثقيل سماكة 1.5 مم ثلاث عينات;4.92;;no
WSL2G30;زيبق 30 سم سماكة 1 مم ماركة WADFOW;1.16;https://hawarastore.com/wp-content/uploads/2025/05/WSL2G30-1.png;yes
WSL2G40;زيبق 40 سم سماكة 1 مم ماركة WADFOW;1.45;https://hawarastore.com/wp-content/uploads/2025/05/WSL2G40-1.png;yes
WSL2G60;زيبق 60 سم سماكة 1 مم عينتين ماركة WADFOW;1.95;https://hawarastore.com/wp-content/uploads/2025/05/WSL2G60-1.png;yes
WSL4310;زيبق 22.5 سم مغناطيس Aluminum and ABS plastic ماركة WADFOW;0.86;;no
WSL4320;زيبق 22.5 سم مغناطيس ماركة WADFOW;0.51;https://hawarastore.com/wp-content/uploads/2025/05/WSL4320-1.png;yes
WSL5G040;زيبق 40 سم ماركة ثقيل سماكة 1.6 مم 3 عينات WADFOW;2.17;https://hawarastore.com/wp-content/uploads/2026/03/WSL5G040.png;yes
WSL5G060;زيبق 60 سم سماكة 1.6 مم ماركة WADFOW;0;;no
WSL5G080;زيبق 80 سم سماكة 1.6 مم ماركة WADFOW;0;;no
WSL5G100;زيبق 80 سم سماكة 1.6 مم ماركة WADFOW;0;;no
WSL6G100;مسطرة المنيوم قدة طول 100 سم سماكة 1 مم ماركة WADFOW;0;;no
WSL6G150;مسطرة المنيوم قدة طول 150 سم سماكة 1 مم ماركة WADFOW;0;;no
WSL6G200;مسطرة المنيوم قدة طول 200 سم سماكة 1 مم ماركة WADFOW;0;;no
WSL8G100;زيبق المنيوم 100 سم 3 عينات سماكة 1.2 مم ماركة WADFOW;6.18;https://hawarastore.com/wp-content/uploads/2026/03/WSL8G100.jpg;yes
WSL8G120;زيبق المنيوم 120 سم 3 عينات سماكة 1.2 مم ماركة WADFOW;7.29;https://hawarastore.com/wp-content/uploads/2026/02/WSL8G120.png;yes
WSL8G40;زيبق المنيوم 40 سم 3 عينات سماكة 1.2 مم ماركة WADFOW;3.16;;no
WSL8G60;زيبق المنيوم 60 سم 3 عينات سماكة 1.2 مم ماركة WADFOW;4.16;https://hawarastore.com/wp-content/uploads/2026/02/WSL8G60.png;yes
WSL8G80;زيبق المنيوم 80 سم 3 عينات سماكة 1.2 مم ماركة WADFOW;5.17;https://hawarastore.com/wp-content/uploads/2026/03/WSL8G80.jpeg;yes
WSN1E03;مرش حدائق بلاستيك 3 اشكال ماركة WADFOW;1.44;https://hawarastore.com/wp-content/uploads/2025/05/WSN1E03-1.png;yes
WSN1E07;مرش حدائق جسم بلاستيك 7 اشكال ماركة WADFOW;1.87;https://hawarastore.com/wp-content/uploads/2025/05/WSN1E07-1.png;yes
WSN1E15;مرش 15 فتحة ماركة WADFOW;4.06;https://hawarastore.com/wp-content/uploads/2025/05/WSN1E15-1.png;yes
WSN1E17;مرش 15 فتحة حرف U ماركة WADFOW;5.28;https://hawarastore.com/wp-content/uploads/2025/05/WSN1E17-1.png;yes
WSN1E23;مرش مياه اتوماتيكي 3 اذرع 3/4 انش ماركة WADFOW;1.67;https://hawarastore.com/wp-content/uploads/2025/05/WSN1E23-1.png;yes
WSP1205;طقم مفاتيح طرف 8-14 (( 5 قطع )) علاقة بلاستيك ماركة WADFOW;3.11;https://hawarastore.com/wp-content/uploads/2025/05/WSP1205-1.png;yes
WSP1208;طقم مفاتيح طرف 6-19 مم (( 8 قطع )) ماركة WADFOW;5.28;https://hawarastore.com/wp-content/uploads/2025/05/WSP1208-1.png;yes
WSP1215;طقم مفاتيح طرف 5 قطع 10-19مم ماركة WADFOW;3.92;https://hawarastore.com/wp-content/uploads/2025/05/WSP1215-1.png;yes
WSP1M12;طقم مفاتيح طرف 22-6 مم 12 قطع حقيبة قماشية ماركة WADFOW;9.06;https://hawarastore.com/wp-content/uploads/2025/05/WSP1M12-1.png;yes
WSP1M14;طقم مفاتيح طرف 14 قطعة 6-32 مم ضمن حقيبة قماشية ماركة WADFOW;18.34;;no
WSP4207;طقم 7 قطع مفتاح طرف طقطاق 8 - 19 مم WADFOW;9.47;https://hawarastore.com/wp-content/uploads/2025/05/WSP4207-1.png;yes
WSP4212;طقم مفاتيح طرف طقطاق 8-19 (( 12 قطعة )) WADFOW;17.04;https://hawarastore.com/wp-content/uploads/2025/09/WSP4212.png;yes
WSP5205;طقم 5 قطع مفتاح طرف طقطاق قابل للتعديل 8 - 14 مم WADFOW;8;https://hawarastore.com/wp-content/uploads/2025/05/WSP5205-1.png;yes
WSP5207;طقم 7 قطع مفتاح طرف طقطاق قابل للتعديل 8 - 19 مم WADFOW;12;https://hawarastore.com/wp-content/uploads/2025/05/WSP5207-1.png;yes
WSP5212;طقم مفاتيح طرف طقطاق 8-19 (( 12 قطعة )) قابل للتعديل WADFOW;21.22;https://hawarastore.com/wp-content/uploads/2025/09/WSP5212.png;yes
WSP5D05;طقم مفاتيح حلق مكوشك طويل مائل 13-15-16-17-19 مم WADFOW;26.96;https://sp-ao.shortpixel.ai/client/to_webp,q_glossy,ret_img/https://hawarastore.com/wp-content/uploads/woocommerce-placeholder-600x600.png;yes
WSP5D07;طقم 7 قطع لتنظيف البخاخات WADFOW;16.7;https://hawarastore.com/wp-content/uploads/2025/09/WSP5D07.png;yes
WSP6406;طقم مفاتيح طرف طقطاق 8-17 (( 6 قطع )) علاقة بلاستيك ماركة WADFOW;6.89;https://hawarastore.com/wp-content/uploads/2025/05/WSP6406-1.png;yes
WSP7406;طقم 6 قطع مفتاح طرف طقطاق قابل للتعديل 8-17 مم WADFOW;8.7;https://hawarastore.com/wp-content/uploads/2025/05/WSP7406.png;yes
WSR1401;مسطرة ستانلس ستيل زاوية رقمية طول 200-400 مم 180 درجة WADFOW;5.2;;no
WSR2915;مسطرة زاوية 90 ستانلس ستيل طول 15سم عرض 27 مم ماركة WADFOW;1.33;https://hawarastore.com/wp-content/uploads/2025/05/WSR2915-1.png;yes
WSR2920;مسطرة زاوية 90 ستانلس ستيل طول 20 سم عرض 27مم ماركة WADFOW;1.62;;no
WSR2925;مسطرة زاوية 90 ستانلس ستيل طول 25سم عرض 27مم ماركة WADFOW;1.94;;no
WSR2930;مسطرة زاوية 90 ستانلس ستيل طول 30 سم عرض 27 مم ماركة WADFOW;2.02;;no
WSR2935;مسطرة زاوية 90 ستانلس ستيل طول 35 سم عرض 27 مم ماركة WADFOW;2.18;;no
WSR2950;مسطرة زاوية 90 ستانلس ستيل طول 50 سم عرض 27 مم ماركة WADFOW;3.1;https://hawarastore.com/wp-content/uploads/2025/05/WSR2950-1.png;yes
WSR3330;مسطرة ستانلس ستيل طول 100 سم عرض 32 مم ماركة WADFOW;2.72;https://hawarastore.com/wp-content/uploads/2025/05/WSR3330-1.png;yes
WSR4330;مسطرة زاوية 90 ستانلس ستيل طول 30 سم عرض 15 سم ماركة WADFOW;1.86;;no
WSR4350;مسطرة زاوية 90 ستانلس ستيل طول 50 سم عرض 25 سم ماركة WADFOW;2.86;https://hawarastore.com/wp-content/uploads/2025/05/WSR4350-1.png;yes
WSR5601;مسطرة قابلة للتعديل 6 جوانب لزوم اعمال صحية WADFOW;3.92;https://hawarastore.com/wp-content/uploads/2025/09/WSR5601.png;yes
WSS1202;طقم مفكات قطعتين نجاصة عادي و مصالب صناعي ماركة WADFOW;0.67;https://hawarastore.com/wp-content/uploads/2025/05/WSS1202-1.png;yes
WSS1204;طقم مفكات 4 قطع 2 عادي + 2 مصالب ماركة WADFOW;1.64;https://hawarastore.com/wp-content/uploads/2025/05/WSS1204-1.png;yes
WSS1206;طقم مفكات 6 قطع 3 عادي + 3 مصالب ماركة WADFOW;2.21;https://hawarastore.com/wp-content/uploads/2025/05/WSS1206-1.png;yes
WSS1302;طقم مفك قطعتين CRV مصالب 100*PH2 + عادي 100*6.5 ماركة WADFOW;0.89;https://hawarastore.com/wp-content/uploads/2025/05/WSS1302-1.png;yes
WSS1402;طقم مفك قطعتين مصالب 300*PH2 + عادي 300*6.5 ماركة WADFOW;1.27;https://hawarastore.com/wp-content/uploads/2025/05/WSS1402-1.png;yes
WSS1408;طقم مفكات 8 قطع CR-V مصالب و عادي راس مغناطيس ماركة WADFOW;3.07;https://hawarastore.com/wp-content/uploads/2025/05/WSS1408-1.png;yes
WSS1416;طقم مفكات 16 قطعة ماركة WADFOW;4.28;https://hawarastore.com/wp-content/uploads/2025/05/WSS1416-1.png;yes
WSS1430;طقم مفكات 30 قطعة CR-V مصالب - عادي - مشرشر - جوز بوز درايف راس مغناطيس ماركة WADFOW;3.75;https://hawarastore.com/wp-content/uploads/2025/05/WSS1430-1.png;yes
WSS1602;طقم 2 قطعة نازع كبسات فرش بلاستيك ماركة WADFOW;1.15;https://hawarastore.com/wp-content/uploads/2025/05/WSS1602-1.png;yes
WSS1612;حامل مفك مع 11 راس شد مصالب و عادي راس مغناطيس ماركة WADFOW;1.17;https://hawarastore.com/wp-content/uploads/2025/05/WSS1612-1.png;yes
WSS1B10;مفك براغي قلاب 9 في 1 مع عشر رؤوس مختلفة ماركة WADFOW;2.32;https://hawarastore.com/wp-content/uploads/2025/05/WSS1B10-1.png;yes
WSS1J31;مفك اعمال دقيقة 31 في 1 ماركة WADFOW;1.91;https://hawarastore.com/wp-content/uploads/2025/05/WSS1J31-1.png;yes
WSS2202;طقم مفكات قطعتين انجاصة عادي ومصالب طول 38 مم ماركة WADFOW;0.44;https://hawarastore.com/wp-content/uploads/2025/05/WSS2202-1.png;yes
WSS2204;طقم مفكات 4 قطعة ماركة WADFOW;1.15;https://hawarastore.com/wp-content/uploads/2025/05/WSS2204-1.png;yes
WSS2206;طقم مفكات براغي شق + مصالب 6 قطع 40CR ماركة WADFOW;1.53;https://hawarastore.com/wp-content/uploads/2025/05/WSS2206-1.png;yes
WSS2302;طقم مفكات قطعتين براغي شق 6.5*100 + مصالب 40CR- PH2*100 ماركة WADFOW;0.66;https://hawarastore.com/wp-content/uploads/2025/05/WSS2302-1.png;yes
WSS2408;طقم مفكات 8 قطع شق و مصالب 40CR ماركة WADFOW;2.01;https://hawarastore.com/wp-content/uploads/2025/05/WSS2408-1.png;yes
WSS2410;مفك براغي شق و مصالب 10 قطع 40CR ماركة WADFOW;3.07;https://hawarastore.com/wp-content/uploads/2025/05/WSS2410-1.png;yes
WSS24T6;طقم مفك فنجان مسدس 6 قطع ماركة WADFOW;3.91;https://hawarastore.com/wp-content/uploads/2025/05/WSS24T6-1.png;yes
WSS2604;طقم 4 قطع خطاف ماركة WADFOW;1.05;https://hawarastore.com/wp-content/uploads/2025/05/WSS2604-1.png;yes
WSS2606;طقم 6 قطع لزوم اعمال دقيقة WADFOW;1.71;https://hawarastore.com/wp-content/uploads/2025/05/WSS2606-1.png;yes
WSS2B06;مجموعة مفكات مقبض بلاستيك 6 قطع اعمال دقيقة مغناطيس ماركة WADFOW;1.59;https://hawarastore.com/wp-content/uploads/2025/05/WSS2B06-1.png;yes
WSS2B26;طقم مفكات ساعاتي 6 قطع ماركة WADFOW;0.56;https://hawarastore.com/wp-content/uploads/2025/05/WSS2B26-1.png;yes
WSS2J04;مفك شكل قلم 4 في 1 ماركة WADFOW;0.53;https://hawarastore.com/wp-content/uploads/2025/05/WSS2J04-1.png;yes
WSS3206;طقم مفك كريستال 6 قطع شق +مصالب كروم مغناطيس 45CS ماركة WADFOW;1.81;https://hawarastore.com/wp-content/uploads/2025/05/WSS3206-1.png;yes
WSS45M1;مفك براغي قلاب 2ب1 نجاصة شق + مصالب CR-V قياس 38 مم ماركة WADFOW;0.56;https://hawarastore.com/wp-content/uploads/2025/05/WSS45M1-1.png;yes
WSS45M3;مفك براغي قلاب 2ب1 شق + مصالب CR-V قياس 130 مم ماركة WADFOW;0.78;https://hawarastore.com/wp-content/uploads/2025/05/WSS45M3-1.png;yes
WSS45M5;مفك براغي قلاب 2ب1 شق + مصالب CR-V قياس 150 مم ماركة WADFOW;0.84;https://hawarastore.com/wp-content/uploads/2025/09/WSS45M5.png;yes
WSS5506;طقم مفكات براغي شق + مصالب + مشقوق 6 في 1 ماركة WADFOW;1.24;;no
WSS8431;طقم 31 قطعة مفك مع رؤوس شد نوع CR-V من WADFOW;2.17;https://hawarastore.com/wp-content/uploads/2025/09/WSS8431.png;yes
WSS8603;طقم 3 قطع مفك براغي طرفين WADFOW;0.69;https://hawarastore.com/wp-content/uploads/2025/05/WSS8603-1.png;yes
WSS8608;مفك 8 في 1 ماركة WADFOW;1.31;https://hawarastore.com/wp-content/uploads/2025/05/WSS8608-1.png;yes
WSS8B05;طقم 106 قطعة مفك طقطاق مع رؤوس شد WADFOW;7.57;https://hawarastore.com/wp-content/uploads/2025/09/WSS8B05.png;yes
WSS8B28;طقم مفكات براغي + جوز طقطاق 28 قطعة ماركة WADFOW;2.9;https://hawarastore.com/wp-content/uploads/2025/05/WSS8B28-1.png;yes
WSS8B43;مجموعة مفك رؤوس مختلفة 43 قطعة ماركة WADFOW;5.47;https://hawarastore.com/wp-content/uploads/2025/05/WSS8B43-1.png;yes
WSS8B45;مجموعة مفك 45 قطعة مسكة T ماركة WADFOW;5.19;https://hawarastore.com/wp-content/uploads/2025/05/WSS8B45-1.png;yes
WSSA402;طقم 2 قطعة مفك مصالب + شق( S2 ) م WADFOW;1.38;https://hawarastore.com/wp-content/uploads/2025/05/WSSA402-1.png;yes
WSSA404;طقم مفكات 4 قطع شق +مصالب ( S2 ) من WADFOW;2.52;https://hawarastore.com/wp-content/uploads/2025/05/WSSA404-1.png;yes
WSSA406;طقم مفكات 6 قطع شق +مصالب ( S2 ) من WADFOW;3.65;https://hawarastore.com/wp-content/uploads/2025/05/WSSA406-1.png;yes
WSSB402;طقم مفكات قطعتين نجاصة نوع S2 عادي ومصالب WADFOW;0.93;https://hawarastore.com/wp-content/uploads/2025/09/WSSB402.png;yes
WST1412;طقم فنجان 1/2 انش راس مسدس + مشرشر 10 قطع ماركة WADFOW;5.8;https://hawarastore.com/wp-content/uploads/2025/05/WST1412-1.png;yes
WST2212;طقم فنجان 1/2 انش 10-24 مم مع علاقة بلاستيك 12 قطعة ماركة WADFOW;9.9;https://hawarastore.com/wp-content/uploads/2025/05/WST2212-1.png;yes
WST2410;طقم جوز 1/2 انش عدد 10 قطع CRV ماركة WADFOW;5.23;https://hawarastore.com/wp-content/uploads/2025/05/WST2410-1.png;yes
WST2414;مجموعة راس مفك عدد 12 قطعة مسدس 1/4 انش ماركة WADFOW;2.83;https://hawarastore.com/wp-content/uploads/2025/05/WST2414-1.png;yes
WST2D25;طقم فنجان 1/2 انش - 25 قطعه علبة بلاستيك صناعي ماركة WADFOW;24.49;https://hawarastore.com/wp-content/uploads/2025/05/WST2D25-1.png;yes
WST2L24;طقم فنجان 1/2 انش 24 قطعة ماركة WADFOW;25.5;https://hawarastore.com/wp-content/uploads/2025/05/WST2L24-1.png;yes
WST3212;طقم فنجان 3/8 12 قطعة+ مقبض مع جوز + تطويلة 3/4 انش ماركة WADFOW;7.4;;no
WST3D14;طقم فنجان مشرشر 1/4+1/2+3/8 موديل E عدد 14 قطعة من 4 الى 24 ماركة WADFOW;4.9;https://hawarastore.com/wp-content/uploads/2025/05/WST3D14-1.png;yes
WST4212;طقم فنجان 1/4 انش 12 قطعة 5-14 مم ماركة WADFOW;4.96;;no
WST4410;طقم فنجان 1/4 انش 10 قطع 14 - 5 مم ماركة WADFOW;2.38;https://hawarastore.com/wp-content/uploads/2025/05/WST4410-1.png;yes
WST4D07;طقم فك حساسات الأوكسجين للسيارة (دبو البيئة) 1/2 انش + 3/8 انش - 7 قطع WADFOW Cr-Mo;20;https://sp-ao.shortpixel.ai/client/to_webp,q_glossy,ret_img/https://hawarastore.com/wp-content/uploads/woocommerce-placeholder-600x600.png;yes
WST4D12;طقم فك براغي كرتير الزيت للسيارة 12 قطعة 3/8 انش WADFOW;12;https://sp-ao.shortpixel.ai/client/to_webp,q_glossy,ret_img/https://hawarastore.com/wp-content/uploads/woocommerce-placeholder-600x600.png;yes
WST4D45;طقم فنجان 1/4 انش 45 قطعة ماركة WADFOW;11.18;https://hawarastore.com/wp-content/uploads/2025/05/WST4D45-1.png;yes
WST9604;طقم تحويلة فنجان 4 قطع من 1/4 الى 3/8 + من 3/8 الى 1/4 + من 1/2 الى 3/8 + من3/8 الى 1/2 WADFOW;1.76;https://hawarastore.com/wp-content/uploads/2025/10/WST9604.jpg;yes
WSTC1501;جهاز تنظيف مكيف بالبخار 1 لتر 1.5بار 1500 واط كبل 2.5 متر WADFOW;40.87;https://sp-ao.shortpixel.ai/client/to_webp,q_glossy,ret_img/https://hawarastore.com/wp-content/uploads/woocommerce-placeholder-600x600.png;yes
WSU3066;فرد بخ دهان بطارية 20 فولت عبوة 800 مل علبة بلاستيك بدون شاحن وبطارية WADFOW;19.54;https://hawarastore.com/wp-content/uploads/2026/03/WSU3066.png;yes
WSU30661;فرد بخ دهان بطارية 20 فولت طاسة ستانلس + اكسسوارات بدون بطارية وشاحن ماركة WADFOW;21.01;https://hawarastore.com/wp-content/uploads/2026/06/WSU30661.png;yes
WSV0K11;راس شد مزدوج مصالب + شق PH2 طول 65 مم مجموعة قطعتين ماركة WADFOW;0.3;https://hawarastore.com/wp-content/uploads/2025/05/WSV0K11-1.png;yes
WSV0K12;راس مفك مصالب طرفين مجموعة 2 قطعة طول 65 مم WADFOW;0.3;;no
WSV0KPH25;مجموعة راس شد مصالب PH2 جهتين 150 قطعة CRV طول 65 مم WADFOW;17.52;https://hawarastore.com/wp-content/uploads/2025/09/WSV0KPH25.png;yes
WSV1066;كومبو طقم 2 علبة ريش ( معدن + خشب ) +علبة رؤوس شد طرق شاملة WADFOW;10.79;https://hawarastore.com/wp-content/uploads/2026/02/WSV1066.png;yes
WSV2K01;طقم 2 قطعة حامل لقمة + مغناطيس قياس 60 مم ماركة WADFOW;0.6;https://hawarastore.com/wp-content/uploads/2025/05/WSV2K01-1.png;yes
WSV2K05;تطويلة راس شد براغي مغناطيس 125 مم ماركة WADFOW;0.84;https://hawarastore.com/wp-content/uploads/2025/05/WSV2K05-1.png;yes
WSV2K07;تطويلة راس شد براغي 180 مم ماركة WADFOW;0.97;https://hawarastore.com/wp-content/uploads/2025/05/WSV2K07-1.png;yes
WSV2K11;راس شد مصالب PH1*50 مجموعة قطعتين ماركة WADFOW;0.22;https://hawarastore.com/wp-content/uploads/2025/05/WSV2K11-1.png;yes
WSV2K31;راس شد مصالب PZ1*50 مجموعة قطعتين ماركة WADFOW;0.22;https://hawarastore.com/wp-content/uploads/2025/05/WSV2K31-1.png;yes
WSV2K32;راس شد مصالب PZ2*50 مجموعة قطعتين ماركة WADFOW;0.22;https://hawarastore.com/wp-content/uploads/2025/05/WSV2K32-1.png;yes
WSV2K61;راس شد طرق مصالب PH2*50 مجموعة قطعتين .ماركة WADFOW;0.34;https://hawarastore.com/wp-content/uploads/2025/05/WSV2K61-1.png;yes
WSV3B01;مجموعة راس شد مصالب 10 قطع PH1+PH2 مغناطيس قوي WADFOW;3.87;https://hawarastore.com/wp-content/uploads/2025/10/WSV3B01.webp;yes
WSV3K01;طقم 2 قطعة حامل لقمة قياس 60 مم مع قفل ماركة WADFOW;1.45;;no
WSV3K06;تطويلة راس شد براغي 150 مم مع قفل ماركة WADFOW;2.55;https://hawarastore.com/wp-content/uploads/2025/05/WSV3K06-1.png;yes
WSV3K62;راس شد طرق مزدوج مصالب طول 65 مم مجموعة قطعتين ماركة WADFOW;0.42;https://hawarastore.com/wp-content/uploads/2025/05/WSV3K62-1.png;yes
WSV3K63;راس شد طرق مزدوج شق + مصالب طول 65 مم مجموعة قطعتين ماركة WADFOW;0.42;https://hawarastore.com/wp-content/uploads/2025/05/WSV3K63-1.png;yes
WSV4K64;راس شد طرق PH2*150 مجموعة قطعتين ماركة WADFOW;0.9;https://hawarastore.com/wp-content/uploads/2025/05/WSV4K64-1.png;yes
WSV4KPH2;مجموعة راس شد مصالب طرق 5 قطع PH2 × 150 ماركة WADFOW;1.82;;no
WSV5601;راس شد عمق محدد مغناطيس مصالب ph2 طول 25 مم مجموعة قطعتين ماركة WADFOW;0.43;https://hawarastore.com/wp-content/uploads/2025/05/WSV5601-1.png;yes
WSV5602;راس شد عمق محدد مغناطيس مصالب ph2 طول 50 مم مجموعة قطعتين ماركة WADFOW;0.51;https://hawarastore.com/wp-content/uploads/2025/05/WSV5602-1.png;yes
WSV5K65;راس شد طرق مصالب PH2*150 مجموعة قطعتين ماركة WADFOW;1.34;https://hawarastore.com/wp-content/uploads/2025/05/WSV5K65-1.png;yes
WSV5KPH265;راس شد براغي مصالب PH2*65 من الجهتين عدد 100 قطعة علبة بلاستيك ماركة WADFOW;13.56;https://hawarastore.com/wp-content/uploads/2026/06/WSV5KPH265-1024x819.png;yes
WSV6K66;راس شد طرق مصالب PH2*250 مجموعة قطعتين ماركة WADFOW;1.63;https://hawarastore.com/wp-content/uploads/2025/05/WSV6K66-1.png;yes
WSV7K01;تحويلة فنجان 1/2 انش الى 1/4 انش ماركة WADFOW;1.32;https://hawarastore.com/wp-content/uploads/2025/05/WSV7K01-1.png;yes
WSWD081;طرنس لحام نقطي 8 كيلو واط مجال العمل 0.6 - 1.5 مم 220 فولت WADFOW;125.36;https://hawarastore.com/wp-content/uploads/2026/02/WSWD081.png;yes
WSX1601;مقص 8.5 انش 215 مم ماركة WADFOW;0.9;;no
WSX1602;مقص يدوي 8 انش 210 مم ماركة WADFOW;0.85;https://hawarastore.com/wp-content/uploads/2025/05/WSX1602-1.png;yes
WSX1603;مقص 8 انش 210 مم سماكة الشفرة 1.8 مم مع ميزة كسراللوز ماركة WADFOW;1.2;https://hawarastore.com/wp-content/uploads/2025/05/WSX1603-1.png;yes
WSX1604;مقص يدوي 11 انش 275 مم WADFOW;1.22;https://hawarastore.com/wp-content/uploads/2025/09/WSX1604.png;yes
WSX1605;مقص يدوي 9 انش 275 مم سماكة الشفرة 3 مم ماركة WADFOW;2.09;https://hawarastore.com/wp-content/uploads/2025/09/WSX1605.png;yes
WSX1617;مقص كهربائي 7 انش 178 مم WADFOW;1.81;https://hawarastore.com/wp-content/uploads/2025/05/WSX1617.png;yes
WSX1618;مقص كهربائي 8 انش 200 مم ستانلس ستيل WADFOW;1.94;https://hawarastore.com/wp-content/uploads/2025/09/WSX1618.png;yes
WSX1655;مقص يدوي 5.5 انش 145 مم للاعمال الالكترونية سماكة الشفرة 3 مم WADFOW;1.15;https://hawarastore.com/wp-content/uploads/2025/09/WSX1655.png;yes
WSX2607;مقص يدوي 6.5 انش 160 مم ماركة WADFOW;0.61;https://hawarastore.com/wp-content/uploads/2025/05/WSX2607-1.png;yes
WSX2655;مقص يدوي 5.5 انش 140 مم ماركة WADFOW;0.58;https://hawarastore.com/wp-content/uploads/2025/05/WSX2655-1.png;yes
WSX3607;مقص يدوي 7 انش 180 مم للحلاقة ماركة WADFOW;0.62;https://hawarastore.com/wp-content/uploads/2025/05/WSX3607-1.png;yes
WSX4603;طقم 3 قطع مقصات (5.5-8-8.5) انش WADFOW;1.99;https://hawarastore.com/wp-content/uploads/2025/05/WSX4603-2.png;yes
WSX4633;طقم مقصات 3 قطع(5.5-6.5-8.5) انش ماركة WADFOW;1.88;https://hawarastore.com/wp-content/uploads/2025/05/WSX4633-1.png;yes
WSX5601;مقص يدوي 11 انش 275 مم سماكة الشفرة 3 مم WADFOW;1.88;https://hawarastore.com/wp-content/uploads/2025/05/WSX5601.png;yes
WSX5602;مقص يدوي 9.5 انش 240 مم مطلي بالزنك سماكة الشفرة 3 مم صناعي WADFOW;3.65;https://hawarastore.com/wp-content/uploads/2025/09/WSX5602.png;yes
WSX5608;مقص عنب 8 انش ستالس ستيل ماركة WADFOW;1.02;;no
WSX6601;مقص يدوي 7.5 انش 190 مم 5 شفرات ستانلس ستيل سماكة الشفرة 1.1 مم ماركة WADFOW;1.97;https://hawarastore.com/wp-content/uploads/2025/09/WSX6601.png;yes
WSX8601;مقص متعدد الاستعمالات 8 انش 200 مم ماركة WADFOW;2;https://hawarastore.com/wp-content/uploads/2025/05/WSX8601.png;yes
WSX8602;مقص متعدد الاستعمالات نصلة منحنية 8 انش 190 مم ماركة WADFOW;2.09;https://hawarastore.com/wp-content/uploads/2025/09/WSX8602.png;yes
WSX8603;قطاعة كبل 7 انش 180 مم اقصى قطع 10 مم WADFOW;2.07;https://hawarastore.com/wp-content/uploads/2025/05/WSX8603-1.png;yes
WSX8604;قطاعة كبل 7 انش 180 مم اقصى قطع 16 مم صناعي WADFOW;2.07;https://hawarastore.com/wp-content/uploads/2025/05/WSX8604-1.png;yes
WSX8611;سكين كبل 7 انش 180 مم WADFOW;1.24;https://hawarastore.com/wp-content/uploads/2025/09/WSX8611.png;yes
WSX8612;سكين كبل 7 انش 180 مم نصلة معكوفة WADFOW;1.25;https://hawarastore.com/wp-content/uploads/2025/09/WSX8612.png;yes
WSX8644;طقم مقصات كهربائي 4 قطع WADFOW;5.75;https://hawarastore.com/wp-content/uploads/2025/09/WSX8644.png;yes
WSX9601;سكين خطاف 7 انش ستانلس ستيل 180 مم WADFOW;1.37;https://hawarastore.com/wp-content/uploads/2025/09/WSX9601.png;yes
WSY1328;مسكة برداغ المنيوم مع ملاقط ماركة WADFOW;1.83;https://hawarastore.com/wp-content/uploads/2025/05/WSY1328-1.png;yes
WTB0101;لاوية انابيب 1 انش 30درجة الى 90 درجة ماركة WADFOW;13.28;https://hawarastore.com/wp-content/uploads/2025/05/WTB0101-1.png;yes
WTB0112;طعاجة بواري قياس 1/2 انش ماركة WADFOW;4.46;https://hawarastore.com/wp-content/uploads/2025/05/WTB0112-1.png;yes
WTB0134;طعاجة مواسير 3/4 انش معدنية ماركة WADFOW;7.72;https://hawarastore.com/wp-content/uploads/2025/05/WTB0134-1.png;yes
WTB0603;حاوية بلاستيك طقم 6 قطع قياس 10 انش سعة 3 لتر (250*155*125) ماركة WADFOW;5.3;https://hawarastore.com/wp-content/uploads/2026/06/WTB0603.png;yes
WTB0604;حاوية بلاستيك طقم 6 قطع قياس 12 انش سعة 5.5 لتر (300*200*135) مم ماركة WADFOW;5.62;https://hawarastore.com/wp-content/uploads/2026/06/WTB0604.png;yes
WTB0605;حاوية بلاستيك طقم 4 قطع قياس 14 انش 9.5 لتر ( 360*225*160) ماركة WADFOW;6.84;https://hawarastore.com/wp-content/uploads/2026/06/WTB0605.png;yes
WTB0606;طقم 4 قطع حاوية بلاستيك قياس 435*300*180 مم ماركة WADFOW;7.86;https://hawarastore.com/wp-content/uploads/2026/06/WTB0606.png;yes
WTB1101;فارة خشب يدوية 163 مم ماركة WADFOW;1.65;;no
WTB4308;طقم صناديق عدة بلاستيك عدد 2 قياس 18 انش + 10.5 انش WADFOW;33.3;https://hawarastore.com/wp-content/uploads/2026/02/WTB4308.png;yes
WTB4501;فرشاة تنظيف انابيب - ستانلس ستيل 20 × 200 مم WADFOW;1.01;https://hawarastore.com/wp-content/uploads/2025/09/WTB4501.png;yes
WTB4520;مجموعة فرشاة تنظيف انابيب 20 قطعة WADFOW;8.7;https://hawarastore.com/wp-content/uploads/2025/09/WTB4520.png;yes
WTB8A11;صندوق عدة معدن قياس 363*150*117 مم وزن 1.2 كغ ماركة WADFOW;5.16;https://hawarastore.com/wp-content/uploads/2026/06/WTB8A11.png;yes
WTB8A12;صندوق عدة معدن قياس 483*180*178 مم وزن 3.1 كغ ماركة WADFOW;11.23;https://hawarastore.com/wp-content/uploads/2026/06/WTB8A12.png;yes
WTB8A22;صندوق عدة معدن درج واحد قياس 470*218*210 مم وزن 4.6 كغ ماركة WADFOW;16.57;https://hawarastore.com/wp-content/uploads/2026/06/WTB8A22.png;yes
WTB8A33;صندوق عدة معدن طبقتين قياس 420x205x160 ماركة WADFOW;10.68;https://hawarastore.com/wp-content/uploads/2026/03/WTB8A33.jpg;yes
WTB8A81;طقم صناديق عدة معدن عدد 2 (كبير + صغير ) مرفق ب درج واحد ماركة WADFOW;31.16;https://hawarastore.com/wp-content/uploads/2026/02/WTB8A81.png;yes
WTC1K02;ديسك قص خشب 185 مم 30 WADFOW;3.09;https://hawarastore.com/wp-content/uploads/2025/05/WTC1K02-1.png;yes
WTC1K03;ديسك قص خشب 185 مم 60 سن ماركة WADFOW;3.91;https://hawarastore.com/wp-content/uploads/2025/05/WTC1K03-1.png;yes
WTC1K04;ديسك قص خشب 185 مم 24 سن فتحة 20 مم WADFOW;2.91;https://hawarastore.com/wp-content/uploads/2025/05/WTC1K04-1.png;yes
WTC1K05;ديسك قص خشب 185 مم 40 سن فتحة 20 مم WADFOW;3.45;https://hawarastore.com/wp-content/uploads/2025/05/WTC1K05-1.png;yes
WTC1K06;ديسك قص خشب 235 مم 30 سن فتحة 30 مم نقاصة 25.4 مم صناعي ماركة WADFOW;4.85;https://hawarastore.com/wp-content/uploads/2025/05/WTC1K06-1.png;yes
WTC1K07;ديسك قص خشب 235 مم 40 سن فتحة 30 مم نقاصة 25.4 مم صناعي ماركة WADFOW;5.19;https://hawarastore.com/wp-content/uploads/2025/05/WTC1K07-1.png;yes
WTC1K08;ديسك قص خشب 235 مم 60 سن ماركة WADFOW;6.04;https://hawarastore.com/wp-content/uploads/2025/05/WTC1K08-1.png;yes
WTC1K09;ديسك قص خشب 254 مم 40 سن WADFOW;6.86;https://hawarastore.com/wp-content/uploads/2025/05/WTC1K09-1.png;yes
WTC1K10;ديسك قص خشب 254 مم 60 سن ماركة WADFOW;7.45;https://hawarastore.com/wp-content/uploads/2025/05/WTC1K10-1.png;yes
WTC1K11;ديسك قص خشب 305 مم 60 سن WADFOW;12.52;https://hawarastore.com/wp-content/uploads/2025/05/WTC1K11-1.png;yes
WTC2K06;ديسك قص المنيوم 305 مم 12 انش 120 سن فتحة 30 مم WADFOW;21.71;;no
WTC3K14;طقم 2 قطعة ديسك خشب 140 مم 24 T من WADFOW;4.98;https://hawarastore.com/wp-content/uploads/2025/05/WTC3K14.png;yes
WTC5401;ديسك قصاصة عشب قطر 9 انش 40 سن WADFOW;3.75;;no
WTC9K09;طقم 3 قطع ديسك قص خشب 185 مم فتحة 20 مم WADFOW 40T مع 3 اقلام ملونة تعليم;5.4;https://hawarastore.com/wp-content/uploads/2025/10/WTC9K09.jpg;yes
WTDW1K12;مفتل قلووظ فتح سن ( M3-M12 ) قياس 200 مم WADFOW;2.58;https://hawarastore.com/wp-content/uploads/2025/09/WTDW1K12.png;yes
WTDW1K20;مفتل قلووظ فتح سن ( M5-M20 ) قياس 370 مم WADFOW;7.85;https://hawarastore.com/wp-content/uploads/2025/09/WTDW1K20-.png;yes
WTDW2K10;مفتل قلووظ فتح سن طقطاق ( M3-M8 ) قياس 85 مم WADFOW;5.21;https://hawarastore.com/wp-content/uploads/2025/09/WTDW2K10.png;yes
WTDW2K12;مفتل قلووظ فتح سن طقطاق ( M5-M12 ) قياس 100 مم WADFOW;6.5;https://hawarastore.com/wp-content/uploads/2025/09/WTDW2K12-.png;yes
WTE310025;حزامة بلاستيك 10 سم عرض 2.5 مم لون ابيض WADFOW;0.21;https://hawarastore.com/wp-content/uploads/2025/09/WTE310025.png;yes
WTE315025;حزامة بلاستيك 15 سم عرض 2.5 مم لون ابيض WADFOW;0.35;https://hawarastore.com/wp-content/uploads/2025/09/WTE315025.png;yes
WTE320036;حزامة بلاستيك 20 سم عرض 3.6 مم لون ابيض WADFOW;0.72;https://hawarastore.com/wp-content/uploads/2025/09/WTE320036.png;yes
WTE325048;حزامة بلاستيك 25 سم عرض 4.8 مم لون ابيض WADFOW;1.3;https://hawarastore.com/wp-content/uploads/2025/09/WTE325048.png;yes
WTE330048;حزامة بلاستيك 30 سم عرض 4.8 مم لون ابيض WADFOW;1.42;https://hawarastore.com/wp-content/uploads/2025/09/WTE330048.png;yes
WTE335048;حزامة بلاستيك 35 سم عرض 4.8 مم لون ابيض WADFOW;1.76;https://hawarastore.com/wp-content/uploads/2025/09/WTE335048.png;yes
WTE340072;حزامة بلاستيك 40 سم عرض 7.2 مم لون ابيض WADFOW;3.73;;no
WTE340076;حزامة بلاستيك 40 سم عرض 7.6 مم لون ابيض WADFOW;4.21;https://hawarastore.com/wp-content/uploads/2025/09/WTE340076.png;yes
WTE345076;حزامة بلاستيك 45 سم عرض 7.6 مم لون ابيض WADFOW;4.77;https://hawarastore.com/wp-content/uploads/2025/09/WTE345076.png;yes
WTE350090;حزامة بلاستيك 50 سم عرض 9 مم لون ابيض WADFOW;6.96;https://hawarastore.com/wp-content/uploads/2025/09/WTE350090.png;yes
WTE355090;حزامة بلاستيك 55 سم عرض 9 مم لون ابيض WADFOW;7.92;https://hawarastore.com/wp-content/uploads/2025/09/WTE355090.png;yes
WTE360090;حزامة بلاستيك 60 سم عرض 9 مم لون ابيض WADFOW;8.44;https://hawarastore.com/wp-content/uploads/2025/09/WTE360090.png;yes
WTE372090;حزامة بلاستيك 72 سم عرض 9 مم لون ابيض WADFOW;10.61;https://hawarastore.com/wp-content/uploads/2025/09/WTE372090.png;yes
WTE376090;حزامة بلاستيك 76 سم عرض 9 مم لون ابيض WADFOW;11.19;https://hawarastore.com/wp-content/uploads/2025/09/WTE376090.png;yes
WTE380090;حزامة بلاستيك 80 سم عرض 9 مم لون ابيض WADFOW;11.76;https://hawarastore.com/wp-content/uploads/2025/09/WTE380090.png;yes
WTEB510025;حزامة بلاستيك 10 سم عرض 2.5 مم لون اسود WADFOW;0.21;https://hawarastore.com/wp-content/uploads/2025/09/WTEB510025.png;yes
WTEB515025;حزامة بلاستيك 15 سم عرض 2.5 مم لون اسود WADFOW;0.35;https://hawarastore.com/wp-content/uploads/2025/09/WTEB515025.png;yes
WTEB520036;حزامة بلاستيك 20 سم عرض 3.6 مم لون اسود WADFOW;0.72;https://hawarastore.com/wp-content/uploads/2025/09/WTEB520036.png;yes
WTEB525048;حزامة بلاستيك 25 سم عرض 4.8 مم لون اسود WADFOW;1.3;https://hawarastore.com/wp-content/uploads/2025/09/WTEB525048.png;yes
WTEB530048;حزامة بلاستيك 30 سم عرض 4.8 مم لون اسود WADFOW;1.42;https://hawarastore.com/wp-content/uploads/2025/09/WTEB530048.png;yes
WTEB535048;حزامة بلاستيك 35 سم عرض 4.8 مم لون اسود WADFOW;1.76;https://hawarastore.com/wp-content/uploads/2025/09/WTEB535048.png;yes
WTEB540072;حزامة بلاستيك 40 سم عرض 7.2 مم لون اسود WADFOW;3.73;https://hawarastore.com/wp-content/uploads/2025/09/WTEB540072.png;yes
WTEB540076;حزامة بلاستيك 40 سم عرض 7.6 مم لون اسود WADFOW;4.21;https://hawarastore.com/wp-content/uploads/2025/09/WTEB540076.png;yes
WTEB545076;حزامة بلاستيك 45 سم عرض 7.6 مم لون اسود WADFOW;4.77;https://hawarastore.com/wp-content/uploads/2025/09/WTEB545076.png;yes
WTEB550090;حزامة بلاستيك 50 سم عرض 9 مم لون اسود WADFOW;6.96;https://hawarastore.com/wp-content/uploads/2025/09/WTEB550090.png;yes
WTEB555090;حزامة بلاستيك 55 سم عرض 9 مم لون اسود WADFOW;7.92;https://hawarastore.com/wp-content/uploads/2025/09/WTEB555090.png;yes
WTEB560090;حزامة بلاستيك 60 سم عرض 9 مم لون اسود WADFOW;8.44;https://hawarastore.com/wp-content/uploads/2025/09/WTEB560090.png;yes
WTEB572090;حزامة بلاستيك 72 سم عرض 9 مم لون اسود WADFOW;10.61;https://hawarastore.com/wp-content/uploads/2025/09/WTEB572090.png;yes
WTEB576090;حزامة بلاستيك 76 سم عرض 9 مم لون اسود WADFOW;11.19;https://hawarastore.com/wp-content/uploads/2025/09/WTEB576090.png;yes
WTEB580090;حزامة بلاستيك 80 سم عرض 9 مم لون اسود WADFOW;11.76;https://hawarastore.com/wp-content/uploads/2025/09/WTEB580090.png;yes
WTG2107;حقيبة عدة قماشية مع حزام على الخصر عدة 3 قطع 8 جيوب حمل 8 كغ WADFOW;5.39;https://hawarastore.com/wp-content/uploads/2026/02/WTG2107.png;yes
WTG3112;حقيبة قماشية 12 انش حمل 6 كغ WADFOW;2.04;https://hawarastore.com/wp-content/uploads/2025/09/WTG3112.png;yes
WTG3113;حقيبة قماشية 13 انش حمل 8 كغ WADFOW;2.99;https://hawarastore.com/wp-content/uploads/2025/05/WTG3113-1.png;yes
WTG3116;حقيبة قماشية 16 انش حمل 12 كغ WADFOW;4;https://hawarastore.com/wp-content/uploads/2025/05/WTG3116-1.png;yes
WTG3119;حقيبة قماشية 19 انش حمل 16 كغ WADFOW;9.45;https://hawarastore.com/wp-content/uploads/2025/05/WTG3119.png;yes
WTG3120;حقيبة قماشية 19 انش قاعدة كوشوك حمل 20 كغ WADFOW;13.09;https://hawarastore.com/wp-content/uploads/2025/10/WTG3120.jpg;yes
WTG3216;حقيبة عدة قماشية 16 انش قاعدة كوتشوك حمل 18 كغ WADFOW;7.5;;no
WTG4100;حقيبة عدة على الظهر قماشية حمل 8 كغ WADFOW;12.28;https://hawarastore.com/wp-content/uploads/2025/05/WTG4100-1.png;yes
WTG6105;سترة عدة قماشية 11 جيب حمل 3 كغ WADFOW;7.6;;no
WTGR102;حقيبة قماشية 19 انش عرباية حمل 20 كغ WADFOW;26.17;https://hawarastore.com/wp-content/uploads/2025/09/WTGR102.png;yes
WTGR103;مجموعة حقائب قماشية 3 قطع 19 انش WADFOW;35.66;https://hawarastore.com/wp-content/uploads/2025/09/WTGR103.png;yes
WTH1108;مفك جوز حرف T قياس 8 مم صناعي ماركة WADFOW;0.84;https://hawarastore.com/wp-content/uploads/2025/05/WTH1108-1.png;yes
WTH1110;مفك جوز حرف T قياس 10 مم ماركة WADFOW;0.84;https://hawarastore.com/wp-content/uploads/2025/05/WTH1110-1.png;yes
WTH1112;مفك جوز حرف T قياس 12 مم صناعي ماركة WADFOW;0.84;;no
WTH1113;مفك جوز حرف T قياس 13 مم صناعي ماركة WADFOW;0.84;;no
WTH1114;مفك جوز حرف T قياس 14 مم صناعي ماركة WADFOW;0.84;https://hawarastore.com/wp-content/uploads/2025/05/WTH1114-1.png;yes
WTH1117;مفك جوز حرف T قياس 17 مم صناعي ماركة WADFOW;1.06;https://hawarastore.com/wp-content/uploads/2025/05/WTH1117-1.png;yes
WTH1119;مفك جوز حرف T قياس 19 مم صناعي ماركة WADFOW;1.06;https://hawarastore.com/wp-content/uploads/2025/05/WTH1119-1.png;yes
WTH1D68;مفتاح جنط ميكانيكي - رنش مضاعف عزم 1 انش 330 مم ماركة WADFOW;34.04;;no
WTH1D88;مفتاح جنط ميكانيكي - رنش مضاعف عزم 1 انش 380 مم ماركة WADFOW;39.51;https://hawarastore.com/wp-content/uploads/2025/05/WTH1D88-1.png;yes
WTH2100;مفك جوز حرف Y قياس 8-9-10 ماركة WADFOW;1.13;https://hawarastore.com/wp-content/uploads/2025/05/WTH2100-1.png;yes
WTH2101;مفك جوز حرف Y قياس 12-10-8 مم صناعي ماركة WADFOW;1.13;https://hawarastore.com/wp-content/uploads/2025/05/WTH2101-1.png;yes
WTH2102;مفك جوز حرف Y قياس 14-12-10 مم صناعي ماركة WADFOW;1.13;https://hawarastore.com/wp-content/uploads/2025/05/WTH2102-1.png;yes
WTH3108;فنجان مفرد 8 مم حرف L صناعي ماركة WADFOW;0.92;https://hawarastore.com/wp-content/uploads/2025/05/WTH3108-1.png;yes
WTH3110;فنجان مفرد 10 مم حرف L صناعي ماركة WADFOW;1.05;https://hawarastore.com/wp-content/uploads/2025/05/WTH3110-1.png;yes
WTH3111;فنجان مفرد 11 مم حرف L صناعي ماركة WADFOW;1.16;https://hawarastore.com/wp-content/uploads/2025/05/WTH3111-1.png;yes
WTH3112;فنجان مفرد 12 مم حرف L صناعي ماركة WADFOW;1.26;https://hawarastore.com/wp-content/uploads/2025/05/WTH3112-1.png;yes
WTH3113;فنجان مفرد 13 مم طرف L صناعي ماركة WADFOW;1.36;https://hawarastore.com/wp-content/uploads/2025/05/WTH3113-1.png;yes
WTH3114;فنجان مفرد 14 مم حرف L صناعي ماركة WADFOW;1.5;https://hawarastore.com/wp-content/uploads/2025/05/WTH3114-1.png;yes
WTH3117;فنجان مفرد 17 مم حرف L صناعي ماركة WADFOW;1.97;https://hawarastore.com/wp-content/uploads/2025/05/WTH3117-1.png;yes
WTH3119;فنجان مفرد 19 مم حرف L صناعي ماركة WADFOW;2.41;https://hawarastore.com/wp-content/uploads/2025/05/WTH3119-1.png;yes
WTH5116;مفتاح بوجية يدوي قابل للطي 16 مم ماركة WADFOW;1.09;https://hawarastore.com/wp-content/uploads/2025/05/WTH5116-1.png;yes
WTH5121;مفتاح بوجية يدوي قابل للطي 21 مم ماركة WADFOW;1.13;https://hawarastore.com/wp-content/uploads/2025/05/WTH5121-1.png;yes
WTH6317;فنجان مفرد 17 مم حرف L طرف واحد صناعي ماركة WADFOW;1.61;https://hawarastore.com/wp-content/uploads/2025/05/WTH6317-1.png;yes
WTH6319;مفتاح جنط 19 مم صناعي حرف L ماركة WADFOW;1.65;https://hawarastore.com/wp-content/uploads/2025/05/WTH6319-1.png;yes
WTH8314;مفتاح جنط 14 انش مع 4 رؤوس 1/2 انش قياس 17-19-21-23 ماركة WADFOW;3.23;https://hawarastore.com/wp-content/uploads/2025/05/WTH8314-1.png;yes
WTH8316;مفتاح جنط 16 انش مع 4 رؤوس 1/2 انش قياس 17-19-21-23 صناعي ماركة WADFOW;3.51;https://hawarastore.com/wp-content/uploads/2025/05/WTH8316-1.png;yes
WTIG1A18;طرنس لحام الكتروني 180 امبير TIG MMA مع اكسسوارات مضاد للالتصاق / بداية ساخنة / قوة قوس WADFOW;153.56;https://hawarastore.com/wp-content/uploads/2026/02/WTIG1A18.png;yes
WTK1A38;شلاحة دواليب 38 انش نصف اتوماتيك 0.75 كيلو واط ماركة WADFOW;864.97;;no
WTK2A41;شلاحة دواليب 41 انش اتوماتيك 0.75 كيلو واط ماركة WADFOW;1245.04;;no
WTL3A135;عزاقة محرك ديزل 9 حصان سعة الخزان 5.5 لتر WADFOW;701.41;;no
WTL3A135D;عزاقة ديزل محرك 10 حصان سعة 5.5 لتر ماركة WADFOW;771.38;;no
WTP1501;مفك فاز صغير 140 مم ماركة WADFOW;0.27;https://hawarastore.com/wp-content/uploads/2025/05/WTP1501-1.png;yes
WTP1903;مفك فاز كبير 190 مم ماركة WADFOW;0.33;https://hawarastore.com/wp-content/uploads/2025/05/WTP1903-1.png;yes
WTP2901;مفك فاز صغير 140 مم شفاف مع علاقة ماركة WADFOW;0.35;https://hawarastore.com/wp-content/uploads/2025/05/WTP2901-1.png;yes
WTP2902;مفك فاز كبير ماركة 190 مم شفاف مع علاقة ماركة WADFOW;0.4;https://hawarastore.com/wp-content/uploads/2025/05/WTP2902-1.png;yes
WTP5501;قلم فحص DC من V100-1 ماركة WADFOW;7.04;https://hawarastore.com/wp-content/uploads/2025/05/WTP5501-1.png;yes
WTP9501;فاحص كبل شبكة ماركة WADFOW;3.87;https://hawarastore.com/wp-content/uploads/2025/05/WTP9501-1.png;yes
WTP9502;فاحص كابلات 2 قطعة مرسل + مستقبل ماركة WADFOW;10.13;https://hawarastore.com/wp-content/uploads/2025/05/WTP9502-1.png;yes
WTP9504;فاحص كبل ( مرسل + مستقبل ) اقصى مسافة 2000 متر ماركة WADFOW;128.68;https://hawarastore.com/wp-content/uploads/2025/05/WTP9504-1.png;yes
WTPD1B04;طقم قلووظ فتح سن 3 قطع 4 مم WADFOW;3.18;https://hawarastore.com/wp-content/uploads/2025/09/WTPD1B04.png;yes
WTPD1B05;طقم قلووظ فتح سن 3 قطع 5 مم WADFOW;3.47;https://hawarastore.com/wp-content/uploads/2025/09/WTPD1B05.png;yes
WTPD1B06;طقم قلووظ فتح سن 3 قطع 6 مم سن ناعم WADFOW;4.13;https://sp-ao.shortpixel.ai/client/to_webp,q_glossy,ret_img/https://hawarastore.com/wp-content/uploads/woocommerce-placeholder-600x600.png;yes
WTPD1B08;طقم قلووظ فتح سن 3 قطع 8*1.25 مم سن خشن WADFOW;5.75;https://hawarastore.com/wp-content/uploads/2025/09/WTPD1B08-.png;yes
WTPD1B10;طقم قلووظ فتح سن 3 قطع 10*1.5 مم سن خشن WADFOW;7.42;https://hawarastore.com/wp-content/uploads/2025/09/WTPD1B10-.png;yes
WTPD1B12;طقم قلووظ فتح سن 3 قطع 12*1.75 مم سن WADFOW;9.28;https://hawarastore.com/wp-content/uploads/2025/09/WTPD1B12-.png;yes
WTPD5B03;حدة 0.5 × M 3 مم WADFOW;1.93;https://hawarastore.com/wp-content/uploads/2025/09/WTPD5B03-.png;yes
WTPD5B04;حدة 0.7 × M 4 مم WADFOW;1.93;https://hawarastore.com/wp-content/uploads/2025/09/WTPD5B04-.png;yes
WTPD5B05;حدة 0.8 × M 5 مم WADFOW;2.09;https://hawarastore.com/wp-content/uploads/2025/09/WTPD5B05-.png;yes
WTPD5B06;حدة 1 × M 6 مم WADFOW;2.09;https://hawarastore.com/wp-content/uploads/2025/09/WTPD5B06-.png;yes
WTPD5B07;حدة 1 × M 7 مم WADFOW;2.39;https://hawarastore.com/wp-content/uploads/2025/09/WTPD5B07-.png;yes
WTPD5B08;حدة 1.25 × M 8 مم WADFOW;2.39;https://hawarastore.com/wp-content/uploads/2025/09/WTPD5B08-.png;yes
WTPD5B10;حدة 1.5 × M 10 مم WADFOW;3.29;https://hawarastore.com/wp-content/uploads/2025/09/WTPD5B10-.png;yes
WTPD5B12;حدة 1.75 × M 12 مم WADFOW;5.55;https://hawarastore.com/wp-content/uploads/2025/09/WTPD5B12-.png;yes
WTPD5B14;حدة 2× 14 M مم WADFOW;5.55;https://hawarastore.com/wp-content/uploads/2025/09/WTPD5B14-.png;yes
WTPD5B16;حدة 2 × M 16 مم WADFOW;9.93;https://hawarastore.com/wp-content/uploads/2025/09/WTPD5B16-.png;yes
WTPD5B18;حدة 2.5 × M 18 مم WADFOW;9.93;https://hawarastore.com/wp-content/uploads/2025/09/WTPD5B18-.png;yes
WTPG1101;مقياس ضغط الإطارات ديجيتال مع ليد WADFOW (0-150) PSI;3.48;;no
WTPT1102;طقم إصلاح بنشر للإطارات 7 قطع WADFOW;1.53;;no
WTR1201;قصاصة سيراميك 120 سم وزن 19.5 كغ سكة WADFOW موديل حديث;70.86;https://hawarastore.com/wp-content/uploads/2026/02/WTR1201.png;yes
WTR1506;قصاصة سيراميك يدوية 60 سم بواري وزن 3.5 كغ WADFOW;13.19;;no
WTR1512;قصاصة سيراميك يدوية 120 سم سكة وزن 15.5 كغ ماركة WADFOW;61.18;;no
WTR1601;قصاصة سيراميك 160 سم وزن 26.7كغ WADFOW موديل حديث;107.35;https://hawarastore.com/wp-content/uploads/2026/02/WTR1601.png;yes
WTR1801;قصاصة سيراميك 180 سم وزن 29كغ WADFOW موديل حديث;116.14;https://hawarastore.com/wp-content/uploads/2026/02/WTR1801.png;yes
WTR2512;قصاصة سيراميك يدوية 120 سم سكة وزن 15.5 كغ WADFOW;81.06;https://hawarastore.com/wp-content/uploads/2025/09/WTR2512.png;yes
WTR3512;قصاصة سيراميك يدوية 120 سم سكة وزن 18 كغ WADFOW;75.54;;no
WTR3516;قصاصة سيراميك يدوية 160 سم سكة وزن 25.5 كغ WADFOW;110.96;https://hawarastore.com/wp-content/uploads/2025/10/WTR3516.jpg;yes
WTR3518;قصاصة سيراميك يدوية 180 مم سكة وزن 28 كغ WADFOW;121.74;https://hawarastore.com/wp-content/uploads/2025/10/WTR3518.jpg;yes
WTR8512;قصاصة سيراميك يدوية 120 سم بواري وزن 13.7 كغ WADFOW;57;https://hawarastore.com/wp-content/uploads/2025/10/WTR8512.webp;yes
WTRK1501;قصاصة سيراميك شكلT سيراميك 90 سم +اقراص سماكة القص 10 مم ضمن سيت ضمن كرتونة WADFOW;32.98;;no
WTS1A1500;قصاصة خشب والمنيوم طاولة 1500 واط 254x25.4 مم ماركة WADFOW;138.42;;no
WTTHK32;مجموعة 50 قطعة جسر وصل WADFOW;0.74;https://hawarastore.com/wp-content/uploads/2025/09/WTTHK32.png;yes
WTVM1D035;رجاج سيراميك 16 فولت 50 كغ + بطارية 2 امبير عدد 2 + شاحن + حماية ركب ضمن حقيبة بلاستيك WADFOW;43.87;https://hawarastore.com/wp-content/uploads/2025/09/WTVM1D035.png;yes
WTVM1D125;رجاج سيراميك 20 فولت + بطارية 1.5 امبير+ شاحن + حماية ركب ضمن حقيبة بلاستيك WADFOW;38.76;;no
WTVM1D128;رجاج سيراميك 20 فولت قطر 130 مم مع بطارية 2 امبير وشاحن وحماية ركب واكسسوار مبلط 330 قطعة مع بانسة ضمن حقيبة بلاستيك WADFOW;38.54;https://hawarastore.com/wp-content/uploads/2026/02/WTVM1D128.png;yes
WTVM1D185;رجاج سيراميك 7 انش 20 فولت + بطارية 2 امبير + شاحن + اكسسوارات ضمن صندوق بلاستيك WADFOW;55.3;https://hawarastore.com/wp-content/uploads/2026/03/WTVM1D185.webp;yes
WTW2130;شوكة صغيرة للحدائق طول 305 مم ماركة WADFOW;1.38;https://hawarastore.com/wp-content/uploads/2025/05/WTW2130-1.png;yes
WTW2131;كيل تراب 310 مم ماركة WADFOW;1.27;https://hawarastore.com/wp-content/uploads/2025/05/WTW2131-1.png;yes
WTW2132;كيل تراب طول 32 سم ماركة WADFOW;1.27;https://hawarastore.com/wp-content/uploads/2025/05/WTW2132-1.png;yes
WUB1501;كبل شاحن TYPE-C طول 1 م ماركة WADFOW;0.5;https://hawarastore.com/wp-content/uploads/2025/05/WUB1501-1.png;yes
WUB1502;كبل شاحن USB type-C to type-C حديث طول 1 متر 3 امبير ماركة WADFOW;0.55;https://hawarastore.com/wp-content/uploads/2025/05/WUB1502-1.png;yes
WUCP118;شاحن خليوي بطارية 20 فولت بدون ملحقات WADFOW;6.07;https://hawarastore.com/wp-content/uploads/2025/05/WUCP118-1.png;yes
WUF1302;قمع قطر 145 مم طول 37 سم قابل للطي WADFOW;0.54;https://hawarastore.com/wp-content/uploads/2025/05/WUF1302-1.png;yes
WUF1310;قمع بلاستيك 250 مم WADFOW;1.06;https://hawarastore.com/wp-content/uploads/2025/05/WUF1310-1.png;yes
WUFS2304;طقم 4 قطع قمع بلاستيك WADFOW;0.45;https://hawarastore.com/wp-content/uploads/2025/05/WUFS2304-1.png;yes
WUL1401;مفتاح مصفاة زيت معدنية ماركة WADFOW;3.12;https://hawarastore.com/wp-content/uploads/2025/05/WUL1401-1.png;yes
WUL2510;مفتاح مصفاة زيت جنزير 60-105 مم WADFOW;14.81;https://hawarastore.com/wp-content/uploads/2025/09/WUL2510.png;yes
WUL2550;مفتاح مصفاة زيت جنزير 135 مم مقبض 1/2 انش WADFOW;4.05;https://hawarastore.com/wp-content/uploads/2025/09/WUL2550.png;yes
WUL2560;مفتاح مصفاة زيت علوي 1/2 انش 60-80 مم WADFOW;9.04;https://hawarastore.com/wp-content/uploads/2025/10/WUL2560.jpeg;yes
WUL2580;مفتاح مصفاة زيت علوي 1/2 انش 80-110 مم WADFOW;13.14;https://hawarastore.com/wp-content/uploads/2025/10/WUL2580.jpeg;yes
WUL2773;مفتاح مصفاة زيت حزام قابل للتعديل 70 - 82 WADFOW;1.91;https://hawarastore.com/wp-content/uploads/2025/09/WUL2773.png;yes
WUL2789;مفتاح مصفاة زيت حزام قابل للتعديل 83 - 95 WADFOW;2.17;https://hawarastore.com/wp-content/uploads/2025/09/WUL2789.png;yes
WUU1501;قصاصة رخام بطارية 20 فولت بدون بطارية وشاحن WADFOW;49.26;https://hawarastore.com/wp-content/uploads/2025/05/WUU1501-1.png;yes
WUW1101;مفتاح متعدد الاستخدامات 9-14 | 15-22 ماركة WADFOW;1.22;https://hawarastore.com/wp-content/uploads/2025/05/WUW1101-1.png;yes
WUW1102;مفتاح متعدد الاستخدامات 32-23 مم ماركة WADFOW;1.81;https://hawarastore.com/wp-content/uploads/2025/05/WUW1102-1.png;yes
WVC1B15;بياكوليس كبس مع ذيل 15 سم ضمن علبة بلاستيك WADFOW;6.06;https://hawarastore.com/wp-content/uploads/2025/05/WVC1B15-1.png;yes
WVC1B30;بياكوليس كبس مع ذيل 30 سم ضمن علبة بلاستيك WADFOW;17.03;https://hawarastore.com/wp-content/uploads/2025/05/WVC1B30.jpeg;yes
WVC1B40;بياكوليس كبس مع ذيل 20 سم ضمن علبة بلاستيك WADFOW;9.41;https://hawarastore.com/wp-content/uploads/2025/05/WVC1B40.jpg;yes
WVC2B15;بياكوليس الكتروني 15 سم ضمن علبة بلاستيك WADFOW;9.63;https://hawarastore.com/wp-content/uploads/2025/05/WVC2B15-1.png;yes
WVC2B20;بياكوليس الكتروني مع ذيل 20 سم ضمن علبة بلاستيك WADFOW;16.77;https://hawarastore.com/wp-content/uploads/2025/05/WVC2B20-1.png;yes
WVC2B30;بياكوليس الكتروني مع ذيل 30 سم ضمن علبة بلاستيك WADFOW;26.89;https://hawarastore.com/wp-content/uploads/2025/05/WVC2B30-1.png;yes
WVD1A01;عربة جر سيارة 450 كغ 1515*1050*1445 مم قطعتين WADFOW;53.43;https://sp-ao.shortpixel.ai/client/to_webp,q_glossy,ret_img/https://hawarastore.com/wp-content/uploads/woocommerce-placeholder-600x600.png;yes
WVE1Q02;رمبة 2 طن دولاب عرض 210 مم وزن 5.6 كغ هيكل معدن ازرق قطعتين WADFOW;30.21;https://sp-ao.shortpixel.ai/client/to_webp,q_glossy,ret_img/https://hawarastore.com/wp-content/uploads/woocommerce-placeholder-600x600.png;yes
WVE2A25;رمبة 2.5 طن دولاب عرض 240 مم وزن 8.6 كغ جسم معدن اسود قطعتين WADFOW;53.96;https://sp-ao.shortpixel.ai/client/to_webp,q_glossy,ret_img/https://hawarastore.com/wp-content/uploads/woocommerce-placeholder-600x600.png;yes
WVR4A30;مكنسة 1200 واط سعة 30 ليتر رطب وجاف مع اكسسوارات WADFOW;41.01;;no
WVR5A60;مكنسة 1200X2 واط سعة 60 ليتر رطب وجاف مع اكسسوارات كبل 4 متر WADFOW;119.65;https://sp-ao.shortpixel.ai/client/to_webp,q_glossy,ret_img/https://hawarastore.com/wp-content/uploads/woocommerce-placeholder-600x600.png;yes
WVR5A90;مكنسة 1200X3 واط سعة 90 ليتر رطب وجاف مع اكسسوارات كبل 4 متر WADFOW;160.16;https://sp-ao.shortpixel.ai/client/to_webp,q_glossy,ret_img/https://hawarastore.com/wp-content/uploads/woocommerce-placeholder-600x600.png;yes
WVR6520;مكنسة موديل سيارة 1600 واط سعة 1.8 ليتر WADFOW;46.64;https://hawarastore.com/wp-content/uploads/2025/05/WVR6520-1.png;yes
WVR7551;مكنسة سيارة 12 فولت رطب سعة 0.25 لتر بطارية داخلية شاحن TYPE-C من WADFOW;54.94;https://hawarastore.com/wp-content/uploads/2025/09/WVR7551.png;yes
WVRP2A32;ابرة رجاج باطون طول الراس 44.5 سم قطر 32 مم طول 6 م ماركة WADFOW;43.1;https://hawarastore.com/wp-content/uploads/2026/06/WVRP2A32.png;yes
WVRP2A38;ابرة رجاج طول الرأس 46.5 سم قطر 38 مم طول 6 متر WADFOW;43.22;https://hawarastore.com/wp-content/uploads/2025/05/WVRP2A38-1.png;yes
WVRP2A45;ابرة رجاج طول الرأس 47.5 سم قطر 45 مم طول 6 متر WADFOW;45.85;https://hawarastore.com/wp-content/uploads/2025/05/WVRP2A45-1.png;yes
WVRP2A50;ابرة رجاج باطون طول الراس 46.5 سم قطر 50 مم طول 6 م ماركة WADFOW;48.03;https://sp-ao.shortpixel.ai/client/to_webp,q_glossy,ret_img/https://hawarastore.com/wp-content/uploads/woocommerce-placeholder-600x600.png;yes
WVRP2A60;ابرة رجاج طول الرأس 48 سم قطر 60 مم طول 6 متر WADFOW;58.21;;no
WVTD1511;جهاز اختبار بطارية ديجيتال 12-24 فولت ماركة WADFOW;16.52;https://hawarastore.com/wp-content/uploads/2026/03/WVTD1511.jpg;yes
WVZ1515;بكرة خرطوم ماء راصور 1/2 انش طول 15 م+ 1.5 م مع اكسسوارات مع قاعدة للتثبيت على الجدار WADFOW;42.45;;no
WVZ1520;بكرة خرطوم ماء راصور 1/2 انش طول 20 م +2 م مع اكسسوارات مع قاعدة للتثبيت على الجدار WADFOW;60;;no
WWA1501;نظارة امان لحام اوتو داركن 94*30 مم ماركة WADFOW;5.02;https://hawarastore.com/wp-content/uploads/2025/05/WWA1501-1.png;yes
WWAL151401;حفارة تيب 1400 واط ديسك 159 مم شكل جلخ WADFOW;62.75;;no
WWB1F01;عربة نقل حجم 65 لتر حمل 130 كغ دولاب 16 انش نفخ ماركة WADFOW وزن 12.5;27.44;https://hawarastore.com/wp-content/uploads/2025/05/WWB1F01-1.png;yes
WWB1F02;عربة نقل حجم 65 ليتر حمل 130 كغ دولاب 16 انش صب ماركة WADFOW وزن 15.10;28.24;https://hawarastore.com/wp-content/uploads/2025/05/WWB1F02-1.png;yes
WWB3F02;عربة نقل حجم 65 ليتر حمل 120 كغ دولاب 13 انش صب ماركة WADFOW وزن 13 كغ;22.76;https://hawarastore.com/wp-content/uploads/2025/05/WWB3F02-1.png;yes
WWB5F01;عربة نقل حجم 90 ليتر حمل 150 كغ دولاب 16 انش نفخ مع رولمانات ماركة WADFOW وزن 12.150 كغ;27.44;https://hawarastore.com/wp-content/uploads/2025/05/WWB5F01-1.png;yes
WWB7F01;عربة نقل حجم 75 ليتر حمل 130 كغ دولاب 16 انش نفخ ماركة WADFOW وزن 13.60 كغ;35.25;https://hawarastore.com/wp-content/uploads/2025/05/WWB7F01-1.png;yes
WWB7F61;عربة نقل حجم 100 ليتر حمل 150 كغ دولاب 16 انش نفخ ماركة WADFOW وزن 16.5 كغ;39.33;https://hawarastore.com/wp-content/uploads/2025/05/WWB7F61-1.png;yes
WWB8A10;عربة المنيوم قابلة للطي مع حبل تثبيت 100 كغ ماركة WADFOW;21.52;https://hawarastore.com/wp-content/uploads/2025/05/WWB8A10-1.png;yes
WWB8F01;عربة نقل حجم 90 ليتر حمل 150 كغ دولاب 16 انش نفخ رولمانات ماركة WADFOW ثقيلة وزن 14 كغ;33.17;https://hawarastore.com/wp-content/uploads/2025/05/WWB8F01-1.png;yes
WWB8F03;عربة نقل حجم 90 ليتر حمل 150 كغ دولاب 16 انش فوم ماركة WADFOW وزن 15.80 كغ;36.82;https://hawarastore.com/wp-content/uploads/2025/05/WWB8F03-1.png;yes
WWB9A03;عربة نقل حديد حمل وزن 30 كغ ماركة WADFOW;9.65;https://hawarastore.com/wp-content/uploads/2025/05/WWB9A03-1.png;yes
WWB9A06;عربة المنيوم قابلة للطي مع حبل تثبيت 60 كغ ماركة WADFOW;16.66;https://hawarastore.com/wp-content/uploads/2025/05/WWB9A06-1.png;yes
WWB9A09;عربة المنيوم قابلة للطي مع حبل تثبيت 90 كغ ماركة WADFOW;26.47;https://hawarastore.com/wp-content/uploads/2025/05/WWB9A09-1.png;yes
WWB9A10;عربة المنيوم قابلة للطي وزن 100 كغ (ارتفاع كامل 1110 سم وعرض 485 سم) ماركة WADFOW;30.62;https://hawarastore.com/wp-content/uploads/2025/05/WWB9A10-1.png;yes
WWB9A15;عربة المنيوم قابلة للطي وزن 150 كغ ماركة WADFOW;38.59;https://hawarastore.com/wp-content/uploads/2025/05/WWB9A15-1.png;yes
WWB9A20;عربة المنيوم قابلة للطي مع حبل تثبيت 200 كغ ماركة WADFOW;101.52;https://hawarastore.com/wp-content/uploads/2025/05/WWB9A20-1.png;yes
WWC1206;ازميل خشب عرض 6 مم طول 140 مم WADFOW;1.42;https://hawarastore.com/wp-content/uploads/2025/05/WWC1206-1.png;yes
WWC1209;ازميل خشب عرض 9 مم طول 140مم WADFOW;1.45;https://hawarastore.com/wp-content/uploads/2025/05/WWC1209-1.png;yes
WWC1212;ازميل خشب عرض 12 مم طول 140مم WADFOW;1.48;https://hawarastore.com/wp-content/uploads/2025/05/WWC1212-1.png;yes
WWC1214;ازميل خشب عرض 14 مم طول 140 مم WADFOW;1.5;https://hawarastore.com/wp-content/uploads/2025/05/WWC1214-1.png;yes
WWC1216;ازميل خشب عرض 16 مم طول 140 مم WADFOW;1.52;https://hawarastore.com/wp-content/uploads/2025/05/WWC1216-1.png;yes
WWC1219;ازميل خشب عرض 19 مم طول 140 مم WADFOW;1.55;https://hawarastore.com/wp-content/uploads/2025/05/WWC1219-1.png;yes
WWC1222;ازميل خشب عرض 22 مم طول 140 مم WADFOW;1.58;https://hawarastore.com/wp-content/uploads/2025/05/WWC1222-1.png;yes
WWC1225;ازميل خشب عرض 25 مم طول 140 مم WADFOW;1.6;https://hawarastore.com/wp-content/uploads/2025/05/WWC1225-1.png;yes
WWC2203;طقم ازميل خشب يد كوشوك 3 قطع 12-19-25 مم ماركة WADFOW;3.04;https://hawarastore.com/wp-content/uploads/2025/05/WWC2203-1.png;yes
WWC2204;طقم ازميل خشب 4 قطع 6-12-19-25 مم يد فيبر كلاس ماركة WADFOW;5.61;https://hawarastore.com/wp-content/uploads/2025/05/WWC2204-1.png;yes
WWC3214;طقم ازميل خشب 4 قطع ماركة WADFOW;5.53;;no
WWD01201;طرنس لحام 120 امبير سماكة 1.6-3.2 مم + اكسسوارات WADFOW;35.9;https://hawarastore.com/wp-content/uploads/2025/05/WWD01201-1.png;yes
WWD11301;طرنس لحام الكتروني ميني 130 أمبير حديث مع اكسسوارات مضاد للالتصاق / بدايه ساخنة / قوة قوس ماركة WADFOW;45.75;;no
WWD11601;طرنس لحام الكتروني 160 امبير ماركة WADFOW;52.36;https://hawarastore.com/wp-content/uploads/2025/05/WWD11601-1.png;yes
WWD21301;طرنس لحام الكتروني 130 أمبير حديث مع اكسسوارات مضاد للالتصاق مجال 1.6 مم الى 3.2 مم / بدايه ساخنة / قوة قوس موديل جديد ماركة WADFOW;45.75;https://hawarastore.com/wp-content/uploads/2026/02/WWD21301.png;yes
WWD21601;طرنس لحام الكتروني 160 امبير 1.6 مم الى 4 مم موديل جديد ماركة WADFOW;52.36;https://hawarastore.com/wp-content/uploads/2026/02/WWD21601.png;yes
WWD21801;طرنس لحام الكتروني 180 امبير 1.6 مم الى 4 مم مع اكسسوارات مضاد للالتصاق / بداية ساخنة / قوة قوس WADFOW;69.14;https://hawarastore.com/wp-content/uploads/2026/02/WWD21801.png;yes
WWD31601;طرنس لحام الكتروني حديد 160 أمبير حديث مع اكسسوارات مضاد للالتصاق / بدايه ساخنة / قوة قوس ماركة WADFOW;66.37;https://hawarastore.com/wp-content/uploads/2025/05/WWD31601-1.png;yes
WWD32001;طرنس لحام الكتروني 200 امبير صناعي ماركة WADFOW;80.95;https://hawarastore.com/wp-content/uploads/2025/05/WWD32001-1.png;yes
WWDH1301;ماكينة لحام MMA شكل فرد 130 امبير مجال 1.6-3.2 مم;0;;no
WWDPA015;كاوي لحام بلاستيك حامي 15 امبير اقصى حرارة 4000 C ماركة WADFOW;0;;no
WWFC1301;طرنس لحام 130 امبير MMA/MIG بدون غاز لحام عادي 1.6-3.2+ بكرة (0.8+0.9) WADFOW;72.07;;no
WWH1301;وجه لحام يدوي 108*50*3 WADFOW;1.15;https://sp-ao.shortpixel.ai/client/to_webp,q_glossy,ret_img/https://hawarastore.com/wp-content/uploads/woocommerce-placeholder-600x600.png;yes
WWH2501;خوذة لحام ارغون 90*35 مم عيار 11 ماركة WADFOW;9.14;https://hawarastore.com/wp-content/uploads/2025/05/WWH2501-1.png;yes
WWH3502;خوذة لحام ارغون 93*43 مم قابل للعيار ماركة WADFOW;12.46;https://hawarastore.com/wp-content/uploads/2025/05/WWH3502-1.png;yes
WWK2129;مجرفة 290 مم مقبض بلاستيك ماركة WADFOW;1.38;https://hawarastore.com/wp-content/uploads/2025/05/WWK2129-1.png;yes
WWK2134;شوكة صغيرة للحدائق طول 34 سم عرض 10 سم ماركة WADFOW;1.38;https://hawarastore.com/wp-content/uploads/2025/05/WWK2134-1.png;yes
WWK2142;شوكة لجمع ورق الشجر 420 مم ماركة WADFOW;1.38;https://hawarastore.com/wp-content/uploads/2025/05/WWK2142-1.png;yes
WWM1L15;كاوي لحام بواري 800 واط مع 3 قطع اكسسوار (20-25-32 ) WADFOW;16.22;https://hawarastore.com/wp-content/uploads/2025/05/WWM1L15-1.png;yes
WWM1L20;كاوي لحام بواري 2000 واط مجال العمل من 20 مم الى 63 مم WADFOW;32.81;;no
WWM20182;كاوي لحام بواري 20 فولت 320 ℃ + بطارية 4 امبيرعدد 2 + شاحن+ اكسسوارات WADFOW;47.94;https://hawarastore.com/wp-content/uploads/2025/09/WWM20182.jpg;yes
WWPCDC051;مضخة بروانة 2 حصان 3انش تعمل على الطاقة الشمسية مع انفيرتر بدون الواح ماركة WADFOW;217.39;https://hawarastore.com/wp-content/uploads/2025/05/WWPCDC051-1.png;yes
WWPDA01;غاطس 0.5 حصان 1.25 انش رفع 42 متر غزارة 4.5 م مكعب مع 15 متر كبل ماركة WADFOW;72.14;https://hawarastore.com/wp-content/uploads/2025/05/WWPDA01-1.png;yes
WWPDA02;غاطس 0.75 حصان 1.25 انش رفع 56 متر غزارة 4.5 م مكعب مع 15 متر كبل ماركة WADFOW;77.26;https://hawarastore.com/wp-content/uploads/2025/05/WWPDA02-1.png;yes
WWPDA03;غاطس 1 حصان 1.25 انش رفع 72 م غزارة 5 م مكعب مع 15 متر كبل ماركة WADFOW;86.05;https://hawarastore.com/wp-content/uploads/2025/05/WWPDA03-1.png;yes
WWPDA04;غاطس 1.5 حصان 1.25 انش رفع 100 م غزارة 5 م مكعب مع 15 متر كبل ماركة WADFOW;97.67;https://hawarastore.com/wp-content/uploads/2025/05/WWPDA04-1.png;yes
WWPDDC04;غاطس 1.5 حصان رفع 87 متر غزارة 6.5 متر مكعب بالساعة فتحة 1/4 انش مع انفيرتر بدون الواح مع كبل 10 متر ماركة WADFOW;150.65;https://hawarastore.com/wp-content/uploads/2025/05/WWPDDC04-1.png;yes
WWPDDC05;غاطس 2حصان رفع 111 متر غزارة 6.5 متر مكعب بالساعة فتحة 1/4 انش مع انفيرتر بدون الواح مع كبل 10 متر ماركة WADFOW;199.52;https://hawarastore.com/wp-content/uploads/2025/05/WWPDDC05-1.png;yes
WWPFQ01;قاذورة 400 واط بلاستيك مع فواشة رفع 8 م غزارة 134 ل/د مياه فتحة 1 انش ماركة WADFOW وملف المنيوم;28.13;https://hawarastore.com/wp-content/uploads/2025/05/WWPFQ01-1.png;yes
WWPFW03;قاذورة 1 حصان بلاستيك مع فواشة رفع 8 م غزارة 217 ل/د فتحة 1 انش WADFOW ملف المنيوم;34.62;https://hawarastore.com/wp-content/uploads/2025/05/WWPFW03-1.png;yes
WWPJA03;مضخة 1 حصان جت حرامي ملف المنيوم بروانة نحاس ماركة WADFOW;47.84;https://hawarastore.com/wp-content/uploads/2025/05/WWPJA03-1.png;yes
WWPJA032;مضخة حرامي 1 حصان سحب ذاتي ملف نحاس رفع 48 م غزارة 50 ل/د WADFOW;53.79;https://hawarastore.com/wp-content/uploads/2026/02/WWPJA032.png;yes
WWPJA04;مضخة 1.5 حصان حرامي ملف المنيوم بروانة نحاس ماركة WADFOW;51.13;https://hawarastore.com/wp-content/uploads/2025/05/WWPJA04-1.png;yes
WWPMA005;مضخة بحرة 50 واط رفع 2.5 م ملف نحاس مع كبل 10 م مع اكسسوارات ماركة WADFOW;29.01;https://hawarastore.com/wp-content/uploads/2025/05/WWPMA005-1.png;yes
WWPQA01;قاذورة 0.5 حصان ستانلس مع فواشة رفع 16 متر غزارة 90 ل/د فتحة 1 انش WADFOW ملف المنيوم;42.92;https://hawarastore.com/wp-content/uploads/2025/09/WWPQA01.jpg;yes
WWPQA03;قاذورة 1 حصان ستانلس مع فواشة رفع 30 م غزارة 110ل/د فتحة 1 انش WADFOW ملف المنيوم;58.43;https://hawarastore.com/wp-content/uploads/2025/05/WWPQA03-1.png;yes
WWPQDC02;قاذورة 0.75 حصان ستانلس مع فواشة رفع 25 متر غزارة 100 ل/د فتحة 1 انش تعمل على الطاقة الشمسية 48 فولت مع لوحة تحكم طول الكبل 10 متر ماركة WADFOW ملف نحاس;109.64;https://hawarastore.com/wp-content/uploads/2025/05/WWPQDC02-1.png;yes
WWPQDC03;قاذورة 750 واط 1 حصان تعمل على الطاقة الشمسية مع انفيرتر بدون الواح فتحة 2 انش رفع 24 متر غزارة 14 متر مكعب بالساعة مع كبل 10 متر ماركة WADFOW;122.83;https://hawarastore.com/wp-content/uploads/2025/05/WWPQDC03-1.png;yes
WWPQDC04;قاذورة 1100 واط 1.5حصان تعمل على الطاقة الشمسية مع انفيرتر بدون الواح فتحة 2 انش رفع 36 متر غزارة 16 متر مكعب بالساعة مع كبل 10 متر ماركة WADFOW ملف نحاس;140.42;https://hawarastore.com/wp-content/uploads/2025/05/WWPQDC04-1.png;yes
WWPQDC12;قاذورة 0.2 حصان 170 واط ستانلس 12 فولت DC رفع 10 م غزارة 50 ل/د فتحة 1 انش كبل 3م ملف نحاس ماركة WADFOW;22.01;https://hawarastore.com/wp-content/uploads/2025/05/WWPQDC12-1.png;yes
WWPQDCJ80;قاذورة 0.1 حصان 80 واط بلاستيك 12 فولت DC رفع 5 متر غزارة 60 ل/د ماركة WADFOW ملف نحاس;12.66;;no
WWPVA01;مضخة فراش 0.5 حصان ملف المنيوم بروانة نحاس ماركة WADFOW;18.92;https://hawarastore.com/wp-content/uploads/2025/05/WWPVA01-1.png;yes
WWPVA012;مضخة فراش 0.5 حصان ملف نحاس WADFOW;22.91;https://hawarastore.com/wp-content/uploads/2026/02/WWPVA012.png;yes
WWPVA03;مضخة فراش 1 حصان ملف المنيوم بروانة نحاس ماركة WADFOW;32.62;https://hawarastore.com/wp-content/uploads/2025/05/WWPVA03-1.png;yes
WWPVA032;مضخة فراش 1 حصان ملف نحاس رفع 50 م غزارة 500 ل/د WADFOW;39.03;https://hawarastore.com/wp-content/uploads/2026/02/WWPVA032.png;yes
WWPVDC01;مضخة فراش 0.5 حصان رفع 44 متر غزارة 40 ل/د انفيرتر تعمل على الطاقة الشمسية مع لوحة تحكم ملف نحاس ماركة WADFOW;84.65;https://hawarastore.com/wp-content/uploads/2025/05/WWPVDC01-1.png;yes
WWPWA03;قاذورة 1 حصان ستانلس ستيل مع فواشة رفع 13 متر غزارة 300 ل/د فتحة 2 انش مع فواشة WADFOW;88.49;;no
WWPWA05;قاذورة 2 حصان ستانلس ستيل مع فواشة رفع 14.5 متر غزارة 350 ل/د فتحة 2 انش مع فواشة WADFOW;132;;no
WWQ1D12;يد شد عزوم من اجل الكولاس 1/2 انش طول 430 مم عزم 40-220 نيوتن ماركة WADFOW;16.93;https://hawarastore.com/wp-content/uploads/2025/05/WWQ1D12-1.png;yes
WWQ4D12;يد شد عزوم من اجل الكولاس 1/2 انش طول 565 مم عزم 60-330 نيوتن ماركة WADFOW;28.73;https://hawarastore.com/wp-content/uploads/2025/05/WWQ4D12-1.png;yes
WWQ7D21;يد شد عزوم 1/2 انش عزم 40-220 نيوتن طول 505 مم ماركة WADFOW;16;https://hawarastore.com/wp-content/uploads/2026/06/WWQ7D21.jpeg;yes
WWQ7D22;يد شد عزوم 1/2 انش عزم 60-330 نيوتن طول 565 مم ماركة WADFOW;23.65;https://hawarastore.com/wp-content/uploads/2026/06/WWQ7D22.jpeg;yes
WWQ8D32;يد شد عزوم 3/4 انش عزم 160-800 نيوتن طول 1205 مم ماركة WADFOW;114.78;https://hawarastore.com/wp-content/uploads/2026/06/WWQ8D32.jpeg;yes
WWQ9D42;يد شد عزوم 1 انش عزم 300-1500 نيوتن طول 1790 مم ماركة WADFOW;142.61;https://hawarastore.com/wp-content/uploads/2026/06/WWQ9D42.png;yes
WWR1K10;لقم برغي هنغار ممغنطة 10 مم 3 قطع على كرت WADFOW;0.71;;no
WWR1K13;لقم برغي هنغار ممغنطة 13 مم 3 قطع على كرت WADFOW;0.96;https://hawarastore.com/wp-content/uploads/2026/06/WWR1K13.png;no
WWR8K01;مجموعة ريش جدل كبل 2.5-6 مم 2/3/4/5 عدد 3 على كرت ماركة WADFOW;3.04;;no
WWUP1504;قصاصة بطارية ( كرتون + جلد ) 4 فولت بطارية داخلية موديل TYPE-C ماركة WADFOW;17.94;https://hawarastore.com/wp-content/uploads/2025/05/WWUP1504-1.png;yes
WWXD1901;فرشة بساط صيانة سيليكون مقاومة للحرارة سماكة 3.5 مم قياس 198*278 مم مزودة بمسطرة قياس طول 260 مم ماركة WADFOW;0;;no
WWXD1903;فرشة بساط صيانة سيليكون مقاومة للحرارة سماكة 5.5 مم قياس 255*355 مم مزودة بمسطرة قياس طول 290 مم ماركة WADFOW;0;;no
WXA1K05;طقم فراشي رسم 5 قطع ماركة WADFOW;0.76;https://hawarastore.com/wp-content/uploads/2025/05/WXA1K05-1.png;yes
WXA1K10;طقم ريش تقليم 10 قطع يد خشب ماركة WADFOW;1.66;https://hawarastore.com/wp-content/uploads/2025/05/WXA1K10-1.png;yes
WXC1A02;رافعة محركات زرافة 2 طن مجال الرفع ( 16 سم - 204 سم ) صناعي 89.4 كغ WADFOW;225.77;;no
WXD12001;قصاصة خشب زاويه 1200 واط 255x25.4 مم اشاط WADFOW;79.45;https://hawarastore.com/wp-content/uploads/2025/05/WXD12001-1.png;yes
WXD151400;قصاصة خشب زاوية 1400 واط 8 انش 210 مم ماركة WADFOW;61.05;https://hawarastore.com/wp-content/uploads/2025/05/WXD151400-1.png;yes
WXD151800;قصاصة خشب زاوية 1800 واط ديسك 255x25.4 مم WADFOW;109.51;;no
WXE1308;شفرة خلاط دهان طول 40 سم قطر 80 مم موديل A ماركة WADFOW;0.96;https://hawarastore.com/wp-content/uploads/2025/05/WXE1308-1.png;yes
WXE2306;شفرة خلاط دهان طول 40 سم قطر 60 مم ماركة WADFOW;0.93;https://hawarastore.com/wp-content/uploads/2025/05/WXE2306-1.png;yes
WXE2308;شفرة خلاط دهان طول 40 سم قطر 80 مم موديل B ماركة WADFOW;1.2;https://hawarastore.com/wp-content/uploads/2025/05/WXE2308-1.png;yes
WXE2310;شفرة خلاط دهان طول 60 سم قطر 100 مم موديل B ماركة WADFOW;1.71;https://hawarastore.com/wp-content/uploads/2025/05/WXE2310-1.png;yes
WXG3801;كف خيط بوليستر قطن XL مطلي لاتكس مضادة للانزلاق والتمزق WADFOW;0.6;https://hawarastore.com/wp-content/uploads/2025/05/WXG3801-1.png;yes
WXG3802;كف خيط بوليستر قطن XL مطلي لاتكس WADFOW;0.54;https://hawarastore.com/wp-content/uploads/2025/05/WXG3802-1.png;yes
WXG3803;كف خيط بوليستر نايلون XL مطلي لاتكس بطانة مصقولة دافئ في الشتاء WADFOW;0.84;https://hawarastore.com/wp-content/uploads/2025/05/WXG3803-1.png;yes
WXG3807;كف خيط بوليستر قطن XL مطلي لاتكس منقوش لاستخدام العمال والاحمال WADFOW;0.99;https://hawarastore.com/wp-content/uploads/2025/05/WXG3807-1.png;yes
WXH2325;صينية مليس المنيوم 250×250 مم ماركة WADFOW;3.83;https://hawarastore.com/wp-content/uploads/2025/05/WXH2325-1.png;yes
WXH2330;صينية مليس المنيوم 300×300 مم ماركة WADFOW;5.06;https://hawarastore.com/wp-content/uploads/2025/05/WXH2330-1.png;yes
WXL23100;سكين معجونة 40 انش 1000 مم سماكة 0.5 مم ماركة WADFOW;8.84;https://hawarastore.com/wp-content/uploads/2025/05/wxl23100.jpg;yes
WXL2335;سكين معجونة 350 مم سماكة 0.5 مم ماركة WADFOW;3.59;;no
WXL2345;سكين معجونة 450 مم سماكة 0.5 مم ماركة WADFOW;4.36;https://hawarastore.com/wp-content/uploads/2025/05/wxl2345.jpg;yes
WXL2360;سكين معجونة 600 مم سماكة 0.5 مم ماركة WADFOW;5.55;https://hawarastore.com/wp-content/uploads/2025/05/WXL2360.webp;yes
WXN1304;علبة صابون مغسل 550 مل WADFOW;2.85;;no
WXP1301;تيفلون 1/2 انش طول 7 متر سماكة 0.075 مم ماركة WADFOW;0.09;https://hawarastore.com/wp-content/uploads/2025/05/WXP1301-1.png;yes
WXR1303;بكرة لف يدوية 305 متر سماكة 0.02 ملم صناعي ماركة WADFOW;3.65;https://hawarastore.com/wp-content/uploads/2025/05/WXR1303-1.png;yes
WXS2512C;علبة براغي جبسمبورد قياس 3.5*25 مم علبة 10000 قطعة على مشط خاص بالمثقب ماركة WADFOW;6.77;https://hawarastore.com/wp-content/uploads/2026/06/WXS2512C.png;yes
WXU1307;فرامة اغصان شجر بنزين 7 حصان WADFOW;559.28;https://hawarastore.com/wp-content/uploads/2025/05/WXU1307.png;yes
WXW3316;شوكة حدائق طول 1380 مم يد خشب ماركة WADFOW;4.77;https://hawarastore.com/wp-content/uploads/2025/05/WXW3316-1.png;yes
WXW6A22;شوكة لجمع ورق الشجر طول 1200 مم 22 سن ماركة WADFOW;3.73;https://hawarastore.com/wp-content/uploads/2025/05/WXW6A22-1.png;yes
WXX1601;شفاطة قصدير 5.5 مم قطر أسطوانة الشفط 20 مم طول 195 مم المنيوم ماركة WADFOW;0;;no
WXX3601;شفاطة قصدير 5.5 مم قطر أسطوانة الشفط 27 مم طول 340 مم ماركة WADFOW;0;;no
WXY1002;ختامة كياس جسم معدن 200 مم ماركة WADFOW;9.96;https://hawarastore.com/wp-content/uploads/2025/05/WXY1002-1.png;yes
WXY1003;ختامة كياس جسم معدن 300 مم ماركة WADFOW;14.28;https://hawarastore.com/wp-content/uploads/2025/05/WXY1003-1.png;yes
WXY1004;ختامة كياس جسم معدن 400 مم ماركة WADFOW;20.09;https://hawarastore.com/wp-content/uploads/2025/05/WXY1004-1.png;yes
WXY2002;ختامة كياس جسم بلاستيك 200 مم ماركة WADFOW;7.89;https://hawarastore.com/wp-content/uploads/2025/05/WXY2002-1.png;yes
WXY2003;ختامة كياس جسم بلاستيك 300 مم ماركة WADFOW;10.37;https://hawarastore.com/wp-content/uploads/2025/05/WXY2003-1.png;yes
WXY2004;ختامة كياس جسم بلاستيك 400 مم ماركة WADFOW;14.69;https://hawarastore.com/wp-content/uploads/2025/05/WXY2004-1.png;yes
WXZ1001;فواصل بلاط إشارة + 1 مم WADFOW;0.09;;no
WXZ1002;فواصل بلاط إشارة + 2 مم WADFOW;0.12;;no
WXZ1003;فواصل بلاط إشارة + 3 مم WADFOW;0.16;;no
WXZ1004;فواصل بلاط إشارة + 4 مم WADFOW;0.18;;no
WXZ1006;فواصل بلاط إشارة + 6 مم WADFOW;0.26;;no
WXZ1008;فواصل بلاط إشارة + 8 مم WADFOW;0.35;;no
WXZ1015;فواصل بلاط إشارة + 1.5 مم WADFOW;0.11;;no
WXZ1025;فواصل بلاط إشارة + 2.5 مم WADFOW;0.13;;no
WXZ2001;بلاستيكة اسفين دحش 1 مم WADFOW;0.92;;no
WXZ2002;بلاستيكة اسفين دحش 2 مم WADFOW;0.92;;no
WXZ2008;بانسة اسفين دحش سيراميك 240 مم ماركة WADFOW;2.43;https://hawarastore.com/wp-content/uploads/2025/05/WXZ2008-1.png;yes
WXZ2015;بلاستيكة اسفين دحش 1.5 مم WADFOW;0.92;;no
WXZ2903;فواصل بلاط إشارة + 3 مم مفرغة عدد 300 WADFOW;0.96;https://hawarastore.com/wp-content/uploads/2025/09/WXZ2903.jpg;yes
WXZ2905;فواصل بلاط إشارة + 5 مم عدد 200 WADFOW;1.1;https://hawarastore.com/wp-content/uploads/2025/09/WXZ2905.jpg;yes
WXZ2906;فواصل بلاط إشارة + 6 مم مفرغة عدد 200 WADFOW;1.29;https://hawarastore.com/wp-content/uploads/2025/09/WXZ2906.jpg;yes
WXZ3001;بلاستيكة اسفين دحش 3 مم WADFOW;0.92;;no
WXZ4001;اسفين دحش ارتفاع 17 مم WADFOW;1.55;;no
WXZ5001;عيار سيراميك مجموعة 50 قطعة ماركة WADFOW;2.91;https://hawarastore.com/wp-content/uploads/2025/05/WXZ5001-2.png;yes
WXZ6001;زاوية اطباق 5 انش ماركة WADFOW;2.04;https://hawarastore.com/wp-content/uploads/2025/05/WXZ6001-1.png;yes
WXZ6002;زاوية اطباق 10 انش ماركة WADFOW;4.1;https://hawarastore.com/wp-content/uploads/2025/05/WXZ6002-1.png;yes
WXZ6003;زاوية اطباق 20 انش ماركة WADFOW;10.38;https://hawarastore.com/wp-content/uploads/2025/05/WXZ6003-1.png;yes
WXZ7003;بانسة كبس عيار سيراميك لغاية 70 كغ ماركة WADFOW;2.44;https://hawarastore.com/wp-content/uploads/2025/05/WXZ7003-1.png;yes
WYC0140;زحافة سيارة 36 انش قياس 95×45 ×10 وزن 8.5 كغ منجدة مع اسفنج+ امكانية التحكم بالطول والارتفاع WADFOW;32.87;https://sp-ao.shortpixel.ai/client/to_webp,q_glossy,ret_img/https://hawarastore.com/wp-content/uploads/woocommerce-placeholder-600x600.png;yes
WYD1901;مفصلة باب اطباق كامل 6×10 سم ماركة WADFOW;0.57;https://hawarastore.com/wp-content/uploads/2025/05/WYD1901-1.png;yes
WYD1902;مفصلة باب نصف اطباق 6×10 سم ماركة WADFOW;0.57;https://hawarastore.com/wp-content/uploads/2025/05/WYD1902-1.png;yes
WYE3K01;راس جلخ محوري 8مم كربيد التنغيس قياس الساق 6 مم شكل كاس قصير WADFOW;3.25;https://hawarastore.com/wp-content/uploads/2025/09/WYE3K01.jpg;yes
WYE3K02;راس جلخ محوري 8مم كربيد التنغيس قياس الساق 6 مم شكل راس كروي WADFOW;3.25;https://hawarastore.com/wp-content/uploads/2025/09/WYE3K02.jpg;yes
WYE3K03;راس جلخ محوري 8مم كربيد التنغيس قياس الساق 6 مم شكل هرمي وسط WADFOW;3.25;https://hawarastore.com/wp-content/uploads/2025/09/WYE3K03.jpg;yes
WYE3K04;راس جلخ محوري 8مم كربيد التنغيس قياس الساق 6 مم شكل هرمي ضيق WADFOW;3.25;https://hawarastore.com/wp-content/uploads/2025/09/WYE3K04.jpg;yes
WYH1325;مزيتة جسم معدن قياس 250 مل ماركة WADFOW;1.02;https://hawarastore.com/wp-content/uploads/2025/05/WYH1325-1.png;yes
WYH1350;زياتة سعة 500 مل ستانلس ستيل ماركة WADFOW;1.9;https://hawarastore.com/wp-content/uploads/2025/05/WYH1350-1.png;yes
WYL0411;حجر جلخ حف موج 40P معدن 4.5 انش لون ازرق WADFOW;0.38;;no
WYL0412;حجر جلخ حف موج 60P معدن 4.5 انش لون ازرق WADFOW;0.37;https://hawarastore.com/wp-content/uploads/2026/02/WYL0412.png;yes
WYL0413;حجر جلخ حف موج 80P معدن 4.5 انش لون ازرق WADFOW;0.37;https://hawarastore.com/wp-content/uploads/2026/02/WYL0413.png;yes
WYL1311;حجر جلخ حف موج 40P معدن + خشب 4.5 انش لون ازرق WADFOW;0.44;;no
WYL1312;حجر جلخ حف موج 60P معدن + خشب 4.5 انش لون ازرق WADFOW;0.44;;no
WYL1313;حجر جلخ حف موج 80P معدن + خشب 4.5 انش لون ازرق WADFOW;0.44;;no
WYL1355;مجموعة احجار حف موج 60 قطعة 20 قطعة من كل قياس (p 450+p60+p80) قياس 4.5 انش ماركة WADFOW;20;https://hawarastore.com/wp-content/uploads/2026/06/WYL1355.png;yes
WYL2311;حجر جلخ حف موج 40P معدن + خشب 5 انش لون ازرقWADFOW;0.49;;no
WYL2312;حجر جلخ حف موج 60P معدن + خشب 5 انش لون ازرقWADFOW;0.48;;no
WYL2313;حجر جلخ حف موج 80P معدن + خشب 5 انش لون ازرقWADFOW;0.48;;no
WYL3411;حجر جلخ حف موج 40P معدن 5 انش لون ازرق WADFOW;0.44;https://hawarastore.com/wp-content/uploads/2026/03/WYL3411.jpeg;yes
WYL3412;حجر جلخ حف موج 60P معدن 5 انش لون ازرق WADFOW;0.44;;no
WYL3413;حجر جلخ حف موج 80P معدن 5 انش لون ازرق WADFOW;0.44;;no
WYM1B13;طقم مفك براغي طرق مع 13 راس عادي ومصالب ونجمة جسم كروم فناديوم ضمن علبة بلاستيك WADFOW;8.47;;no
WYS1501;حجر سنّ وجهين قياس 150*50*25 مم نعومة 120 /240 ماركة WADFOW;0;;no
WYS1502;حجر سنّ وجهين قياس 200*50*25 مم نعومة 120 /240 ماركة WADFOW;0;;no
WYW0150;فرشاة برداغ على مثقب قياس 2 انش 50 مم نعومة 100 P من WADFOW;0.9;https://hawarastore.com/wp-content/uploads/2025/09/WYW0150.jpg;yes
WYW0250;فرشاة برداغ على مثقب قياس 2 انش 50 مم نعومة 150 P من WADFOW;0.9;https://hawarastore.com/wp-content/uploads/2025/09/WYW0250.jpg;yes
WYW0350;فرشاة برداغ على مثقب قياس 2 انش 50 مم نعومة 240 P من WADFOW;0.9;https://hawarastore.com/wp-content/uploads/2025/09/WYW0350.jpg;yes
WYW0450;فرشاة برداغ على مثقب قياس 2 انش 50 مم نعومة 320 P من WADFOW;0.9;https://hawarastore.com/wp-content/uploads/2025/09/WYW0450.jpg;yes
WYW2501;فرشاة برداغ على مثقب قياس 1 انش 25 مم نعومة 40 P من WADFOW;0;;no
WYW2502;فرشاة برداغ على مثقب قياس 1 انش 25 مم نعومة 60 P من WADFOW;0;;no
WYW2503;فرشاة برداغ على مثقب قياس 1 انش 25 مم نعومة 80 P من WADFOW;0;;no
WYW2504;فرشاة برداغ على مثقب قياس 1 انش 25 مم نعومة 120 P من WADFOW;0;;no
WYW5001;فرشاة برداغ على مثقب قياس 2 انش 50 مم نعومة 40 P من WADFOW;0;;no
WYW5002;فرشاة برداغ على مثقب قياس 2 انش 50 مم نعومة 60 P من WADFOW;0;;no
WYW5003;فرشاة برداغ على مثقب قياس 2 انش 50 مم نعومة 80 P من WADFOW;0;;no
WYW5004;فرشاة برداغ على مثقب قياس 2 انش 50 مم نعومة 120 P من WADFOW;0;;no
WZA5158;ورق برداغ 5 قطع 9 انش نعومة 180 WADFOW لزوم حفافة TWS10501;0.85;https://hawarastore.com/wp-content/uploads/2025/05/WZA5158-1.png;yes
WZA5159;ورق برداغ 5 قطع 9 انش نعومة 220 WADFOW;0.85;https://hawarastore.com/wp-content/uploads/2025/05/WZA5159-1.png;yes
WZA5162;ورق برداغ 5 قطع 9 انش نعومة 320 WADFOW لزوم حفافة TDWS105016;0.85;https://hawarastore.com/wp-content/uploads/2025/05/WZA5162-1.png;yes
WZB8001;بانسة لقط لزوم شد فليكسات 3 انش 80 مم WADFOW;8.81;https://hawarastore.com/wp-content/uploads/2025/05/WZB8001.png;yes
WZB8002;بانسة راس ملقط ل شد الفلكسات راس معكوف 3 انش 80 مم WADFOW;8.81;https://hawarastore.com/wp-content/uploads/2025/05/WZB8002-1.png;yes
WZW0907;مجموعة 5 قطع مريول + جاكيت عمل +غطاء راس +كف + غطاء يد لزوم لحام WADFOW;40.82;https://hawarastore.com/wp-content/uploads/2025/09/WZW0907.jpg;yes
WZY1416;جنزير منشار كهربائي 16 انش لزوم منشار كهرباء 2200 واط WCSA1522 ماركة WADFOW;7.13;https://hawarastore.com/wp-content/uploads/2025/09/WZY1416.jpg;yes
WZY1418;جنزير منشار شجر 18 انش 36 حبة لزوم WGC1552 ماركة WADFOW;7.41;https://hawarastore.com/wp-content/uploads/2025/05/WZY1418-1.png;yes
WZY1501;جلخ محوري 20 فولت 6 مم BL+ بطارية 4 امبير وشاحن حقيبة بلاستيك WADFOW;53.45;https://hawarastore.com/wp-content/uploads/2026/02/WZY1501.png;yes
